Time,Amplitude
0,0.0939199625923632
0.000605,0.103337093168853
0.00121,0.111725385363204
0.001815,0.117826474835514
0.00242,0.122219286316627
0.003025,0.125914289873663
0.00363,0.129174587346008
0.004235,0.131580990906958
0.00484,0.132845044073569
0.005445,0.133298021610118
0.00605,0.133547403181718
0.006655,0.133860696067407
0.00726,0.13402976684959
0.007865,0.133764817841583
0.00847,0.133059554485706
0.009075,0.132087342328275
0.00968,0.130935727889348
0.010285,0.129655802824637
0.01089,0.12839391454153
0.011495,0.12719896210128
0.0121,0.12575974941961
0.012705,0.123635068824669
0.01331,0.120856691714515
0.013915,0.118051390992761
0.01452,0.115824344359518
0.015125,0.114223131199839
0.01573,0.112879783961437
0.016335,0.111494912304212
0.01694,0.110066663809682
0.017545,0.108743891861812
0.01815,0.107670533536845
0.018755,0.106963246333414
0.01936,0.106570460341348
0.019965,0.106106805258474
0.02057,0.10506887668144
0.021175,0.103351052990788
0.02178,0.101449517583398
0.022385,0.100001873633779
0.02299,0.0991598332583912
0.023595,0.0985548837794064
0.0242,0.0978066297262447
0.024805,0.0968881498954584
0.02541,0.09600564686837
0.026015,0.0952799702038917
0.02662,0.0946667095001298
0.027225,0.0941158136970135
0.02783,0.0936111412952268
0.028435,0.0929923113004371
0.02904,0.0918714527858885
0.029645,0.08993430059734
0.03025,0.0874113664217958
0.030855,0.0850577482154513
0.03146,0.0834713831451762
0.032065,0.0825404615815754
0.03267,0.081708909603377
0.033275,0.0806808700348133
0.03388,0.0796732803878748
0.034485,0.0789724422910614
0.03509,0.0784539626782667
0.035695,0.0777132778265075
0.0363,0.0765989330957046
0.036905,0.075401067422403
0.03751,0.0744080484208682
0.038115,0.0734402849724897
0.03872,0.07205281599994
0.039325,0.0701415718867134
0.03993,0.0681226215129726
0.040535,0.0664964128126962
0.04114,0.0653840170357979
0.041745,0.0645169018288941
0.04235,0.0635578389604422
0.042955,0.0623595470125256
0.04356,0.0610074567143124
0.044165,0.0597507303315829
0.04477,0.0588521319932584
0.045375,0.0582988034438409
0.04598,0.0575926659307721
0.046585,0.0560569736695842
0.04719,0.0535679836160228
0.047795,0.0508698842327656
0.0484,0.0489341277083177
0.049005,0.0480159590716509
0.04961,0.0474980388884748
0.050215,0.046644448895311
0.05082,0.0453250770947836
0.051425,0.0439485301227958
0.05203,0.042868614474777
0.052635,0.0420490399833521
0.05324,0.04127291470804
0.053845,0.0404478907241197
0.05445,0.0395568951041844
0.055055,0.0384441808471253
0.05566,0.036892779174121
0.056265,0.0349304659257657
0.05687,0.0328606549372594
0.057475,0.0309285156361559
0.05808,0.0291264912498924
0.058685,0.0273793705750997
0.05929,0.0257209515230653
0.059895,0.0241778153164128
0.0605,0.022616525190673
0.061105,0.0208630559139463
0.06171,0.0189583119321569
0.062315,0.0171400780155508
0.06292,0.0154775776550363
0.063525,0.0136328510087578
0.06413,0.0111592996801479
0.064735,0.00805250281361391
0.06534,0.00485656414895861
0.065945,0.00214312411777085
0.06655,-4.00099106848307e-06
0.067155,-0.00192404390961697
0.06776,-0.00395921145207924
0.068365,-0.00622906034830025
0.06897,-0.00871160366978461
0.069575,-0.0113202301739962
0.07018,-0.0138118237271548
0.070785,-0.0158009857462841
0.07139,-0.0171268840905138
0.071995,-0.0182270310355889
0.0726,-0.0199026036213113
0.073205,-0.0225207955028828
0.07381,-0.0255846605479972
0.074415,-0.0283026251546613
0.07502,-0.0304373936457802
0.075625,-0.0323632751087635
0.07623,-0.0344578315904226
0.076835,-0.0367305181518012
0.07744,-0.0390144563868278
0.078045,-0.0412574781549666
0.07865,-0.0434524537944385
0.079255,-0.0454037028711684
0.07986,-0.0468630764240687
0.080465,-0.0480042052413651
0.08107,-0.0495335426621855
0.081675,-0.0520502137796383
0.08228,-0.0553378977150372
0.082885,-0.0585551228955752
0.08349,-0.0611035135850095
0.084095,-0.0630569070470332
0.0847,-0.0648069044937219
0.085305,-0.066616654849627
0.08591,-0.0686106980358475
0.086515,-0.0709183083526057
0.08712,-0.0734414599612707
0.087725,-0.0754605620051299
0.08833,-0.0759898221528391
0.088935,-0.0750449455562127
0.08954,-0.0743598124629851
0.090145,-0.0760701891108294
0.09075,-0.0804423534475238
0.091355,-0.0855282445098756
0.09196,-0.0892951780472458
0.092565,-0.0914679117439979
0.09317,-0.0930836537485332
0.093775,-0.0949424921833727
0.09438,-0.0970369516790243
0.094985,-0.0991934552774643
0.09559,-0.101483949113179
0.096195,-0.103673067787038
0.0968,-0.10486393046974
0.097405,-0.104479718055296
0.09801,-0.103548303924783
0.098615,-0.104216226899728
0.09922,-0.107566718081522
0.099825,-0.112417537473491
0.10043,-0.116630245733694
0.101035,-0.119111481833711
0.10164,-0.120268112146916
0.102245,-0.121113786764209
0.10285,-0.12247772487258
0.103455,-0.12479028688457
0.10406,-0.127805008116313
0.104665,-0.13014447068346
0.10527,-0.129834216064433
0.105875,-0.12636452207182
0.10648,-0.122302106812163
0.107085,-0.121758272525615
0.10769,-0.12645056777793
0.108295,-0.133837525948655
0.1089,-0.139768244322373
0.109505,-0.142339916310342
0.11011,-0.142643245233641
0.110715,-0.14264130380447
0.11132,-0.143364638362269
0.111925,-0.144911447731239
0.11253,-0.147026712210231
0.113135,-0.148919317792726
0.11374,-0.149027221116335
0.114345,-0.146202998352155
0.11495,-0.141653134615163
0.115555,-0.138874167969023
0.11616,-0.140591832187107
0.116765,-0.145902103230253
0.11737,-0.151198150169313
0.117975,-0.153705408387865
0.11858,-0.153460236602008
0.119185,-0.152225281753269
0.11979,-0.151476004332826
0.120395,-0.151665954775212
0.121,-0.152553510689096
0.121605,-0.153175869501005
0.12221,-0.151649383342605
0.122815,-0.146432009988141
0.12342,-0.138771049425004
0.124025,-0.133079413977393
0.12463,-0.133337862800966
0.125235,-0.138989448410283
0.12584,-0.145408767772052
0.126445,-0.148434705221283
0.12705,-0.147565523275435
0.127655,-0.144970759957865
0.12826,-0.142720420486417
0.128865,-0.141523959002175
0.12947,-0.141228372285002
0.130075,-0.14120846718968
0.13068,-0.140061502087739
0.131285,-0.136116063811687
0.13189,-0.129404080076334
0.132495,-0.122841412430009
0.1331,-0.120188852900152
0.133705,-0.122355833807346
0.13431,-0.126421749226624
0.134915,-0.128622089795491
0.13552,-0.127630550127483
0.136125,-0.124744123390414
0.13673,-0.121845965406904
0.137335,-0.119967641964896
0.13794,-0.119264527642777
0.138545,-0.119094936851036
0.13915,-0.117702855915508
0.139755,-0.112930460603672
0.14036,-0.104611355969743
0.140965,-0.0961586176208609
0.14157,-0.0923269383590148
0.142175,-0.0946071092096591
0.14278,-0.099627928562303
0.143385,-0.102685744353734
0.14399,-0.102026158615465
0.144595,-0.0991886873837552
0.1452,-0.0962765731673168
0.145805,-0.0940463205035933
0.14641,-0.0923004862256974
0.147015,-0.0908001628485393
0.14762,-0.0890431925642833
0.148225,-0.0858184662040108
0.14883,-0.0802285309202108
0.149435,-0.0734397758427914
0.15004,-0.0684574679915274
0.150645,-0.0673329380905652
0.15125,-0.0689650825038393
0.151855,-0.0702703709242399
0.15246,-0.0691374083396956
0.153065,-0.0657410494783116
0.15367,-0.0615389268041627
0.154275,-0.0578449908213561
0.15488,-0.0552936825008315
0.155485,-0.0537679798538061
0.15609,-0.0521550073111642
0.156695,-0.0485410818203768
0.1573,-0.0417280796304329
0.157905,-0.0331119941526653
0.15851,-0.0263928988800402
0.159115,-0.0243856168761242
0.15972,-0.0261412350036412
0.160325,-0.0279492332594765
0.16093,-0.0270209828123358
0.161535,-0.0235090332791287
0.16214,-0.0192708422692976
0.162745,-0.0156799296260156
0.16335,-0.0129006886567102
0.163955,-0.0105594750046998
0.16456,-0.00825908909896426
0.165165,-0.00538964041419534
0.16577,-0.00122500552260417
0.166375,0.00416046571274408
0.16698,0.00932593528264229
0.167585,0.0125298366598557
0.16819,0.0135289894869437
0.168795,0.0138403181841383
0.1694,0.0151237132546671
0.170005,0.0177712026630124
0.17061,0.0211102246441866
0.171215,0.0244067346285669
0.17182,0.0273243347219456
0.172425,0.0297398430446032
0.17303,0.0317430164159871
0.173635,0.0339798449819924
0.17424,0.0374635275974473
0.174845,0.0424730418310487
0.17545,0.0476930729063651
0.176055,0.0510506617181487
0.17666,0.0517498733659527
0.177265,0.0511205200732025
0.17787,0.0512078156108914
0.178475,0.0529032071272296
0.17908,0.0556138294083011
0.179685,0.0582818980774037
0.18029,0.0603351484210561
0.180895,0.0617909011916321
0.1815,0.0628945028096713
0.182105,0.0639537989543208
0.18271,0.0653555205580681
0.183315,0.0673524161467853
0.18392,0.0696740804722578
0.184525,0.0715528749823175
0.18513,0.0724227205606413
0.185735,0.0725528853988154
0.18634,0.072779034166455
0.186945,0.0736790971794172
0.18755,0.0751685174725761
0.188155,0.0767731701701754
0.18876,0.078088611746782
0.189365,0.078984929484567
0.18997,0.0795879005003461
0.190575,0.0802535818921469
0.19118,0.0814586543263788
0.191785,0.0834222425057052
0.19239,0.0857173594791054
0.192995,0.0874512792193066
0.1936,0.0880904141595985
0.194205,0.0880375876067743
0.19481,0.0881235378708037
0.195415,0.088647796237532
0.19602,0.0893055627795272
0.196625,0.0899715753167751
0.19723,0.091021628245293
0.197835,0.0926330772562662
0.19844,0.0941447285803425
0.199045,0.0946735397224955
0.19965,0.0943703086228175
0.200255,0.0944783119898374
0.20086,0.0958447619651589
0.201465,0.0977593527745852
0.20207,0.0986727905144237
0.202675,0.097922651608545
0.20328,0.0964001701705827
0.203885,0.0955490771006328
0.20449,0.0960163753740586
0.205095,0.097308852145006
0.2057,0.0984853453521209
0.206305,0.0990224298983085
0.20691,0.0991058341364622
0.207515,0.09928261495061
0.20812,0.0999348521781867
0.208725,0.10098960098968
0.20933,0.101977724552357
0.209935,0.102345096771535
0.21054,0.10182178012833
0.211145,0.100655633560352
0.21175,0.0995261133195652
0.212355,0.0990739956560976
0.21296,0.0993852742676652
0.213565,0.0999500168292248
0.21417,0.100141237814645
0.214775,0.0997414132386078
0.21538,0.0990985155663511
0.215985,0.0988248127916065
0.21659,0.0992332128921686
0.217195,0.0999647056532396
0.2178,0.100206784315385
0.218405,0.0993421525911306
0.21901,0.097434633336851
0.219615,0.0951600431170396
0.22022,0.0932805305459963
0.220825,0.0921267568535868
0.22143,0.0915488971988469
0.222035,0.0912993118781436
0.22264,0.0913054986172006
0.223245,0.0914793057135978
0.22385,0.0914519617871048
0.224455,0.0908769103277025
0.22506,0.0900516253083749
0.225665,0.0897796420023687
0.22627,0.0902916783001861
0.226875,0.0906383852021951
0.22748,0.089611819353704
0.228085,0.0871691977409035
0.22869,0.0845642347841311
0.229295,0.0830340312242257
0.2299,0.0826171083973606
0.230505,0.082368216399614
0.23111,0.081537763551542
0.231715,0.080287977133635
0.23232,0.0792555816982408
0.232925,0.0787054508995856
0.23353,0.0783502769778121
0.234135,0.0778459628204263
0.23474,0.0770968625601981
0.235345,0.0760249330008039
0.23595,0.0744040185684037
0.236555,0.072179760038957
0.23716,0.0697824060802173
0.237765,0.0678395035773064
0.23837,0.0665623247566186
0.238975,0.0656007880611076
0.23958,0.0645682508402509
0.240185,0.0635412832187335
0.24079,0.0628750729976589
0.241395,0.0626128149128301
0.242,0.0623391042970134
0.242605,0.0616956721592197
0.24321,0.0608010013087445
0.243815,0.059952536693167
0.24442,0.0590540551467881
0.245025,0.0576305299475024
0.24563,0.0554636065836066
0.246235,0.0529673450369291
0.24684,0.0507865105255248
0.247445,0.0492133663294591
0.24805,0.0481246993740307
0.248655,0.0472614950919627
0.24926,0.0463746804334741
0.249865,0.0452412956750478
0.25047,0.0437939480866685
0.251075,0.0422670493658133
0.25168,0.0409982475522908
0.252285,0.039953277753366
0.25289,0.0385960576117219
0.253495,0.0364139963273809
0.2541,0.0335538786842025
0.254705,0.0307723756061782
0.25531,0.0286910239995206
0.255915,0.0272560359971534
0.25652,0.0260132890359965
0.257125,0.0246952612906841
0.25773,0.023338494015228
0.258335,0.0219563129999717
0.25894,0.0204008087859942
0.259545,0.0186502383394834
0.26015,0.0170039841110581
0.260755,0.01575102957162
0.26136,0.0146956688880266
0.261965,0.0132327976046468
0.26257,0.0109853442253738
0.263175,0.00821896282592785
0.26378,0.00550388370280485
0.264385,0.00313527677301616
0.26499,0.00104211947302165
0.265595,-0.00090454701159305
0.2662,-0.00271594986376043
0.266805,-0.00441441028146447
0.26741,-0.00617795766967386
0.268015,-0.0081941219232025
0.26862,-0.0103930480720274
0.269225,-0.012518274598177
0.26983,-0.0145257540588726
0.270435,-0.0167363379107769
0.27104,-0.0194315216708065
0.271645,-0.0224132328537734
0.27225,-0.025190943663723
0.272855,-0.0275484294546856
0.27346,-0.0296913883883955
0.274065,-0.0318540847623016
0.27467,-0.0339951302938225
0.275275,-0.0359813256597874
0.27588,-0.037913329602166
0.276485,-0.0400173752084615
0.27709,-0.0421748078590131
0.277695,-0.0438364082704606
0.2783,-0.044695216102638
0.278905,-0.0453683017844455
0.27951,-0.0470125388080832
0.280115,-0.0501030468474501
0.28072,-0.0539046012079659
0.281325,-0.0573058656680123
0.28193,-0.0598566030487785
0.282535,-0.0618498860306401
0.28314,-0.0637345478927783
0.283745,-0.0657310069789831
0.28435,-0.0678878320417274
0.284955,-0.0701744287348353
0.28556,-0.072383098153112
0.286165,-0.0741612671343975
0.28677,-0.0753891437685219
0.287375,-0.076492980679436
0.28798,-0.0781864348864919
0.288585,-0.0808184666700218
0.28919,-0.0840784424297403
0.289795,-0.0873522756316969
0.2904,-0.0901654004527286
0.291005,-0.0922654758607953
0.29161,-0.0936107699254084
0.292215,-0.0945462488190912
0.29282,-0.0958553336202424
0.293425,-0.0981568297490926
0.29403,-0.100909542085289
0.294635,-0.102370703208255
0.29524,-0.101300082545564
0.295845,-0.098873727903301
0.29645,-0.0981847858306895
0.297055,-0.101230954003232
0.29766,-0.106787208907362
0.298265,-0.111811633924787
0.29887,-0.114531624257262
0.299475,-0.11558832267707
0.30008,-0.116587982399859
0.300685,-0.118327513875541
0.30129,-0.120548108840821
0.301895,-0.12274952533693
0.3025,-0.1245338511806
0.303105,-0.125352350018867
0.30371,-0.124797685096865
0.304315,-0.123491810584187
0.30492,-0.123134008350889
0.305525,-0.125047041455117
0.30613,-0.128788588754286
0.306735,-0.132651990958394
0.30734,-0.135326913085446
0.307945,-0.136646105764953
0.30855,-0.137127684310155
0.309155,-0.137445185301667
0.30976,-0.138255451273672
0.310365,-0.139944937312159
0.31097,-0.142002364472514
0.311575,-0.142718897752527
0.31218,-0.14044439520451
0.312785,-0.135867248865691
0.31339,-0.132434108295881
0.313995,-0.133434588629297
0.3146,-0.138735070522167
0.315205,-0.145072306354611
0.31581,-0.149281550926157
0.316415,-0.150566492297741
0.31702,-0.150103394673767
0.317625,-0.149509988739494
0.31823,-0.149839513890408
0.318835,-0.151250683400034
0.31944,-0.152905971224701
0.320045,-0.153200771234827
0.32065,-0.150810932788946
0.321255,-0.146232587975776
0.32186,-0.14219107952622
0.322465,-0.141655506364945
0.32307,-0.144956762634831
0.323675,-0.149347584845668
0.32428,-0.151725089279093
0.324885,-0.15128572417239
0.32549,-0.149395992833281
0.326095,-0.147712171460165
0.3267,-0.146982956459178
0.327305,-0.14710365979186
0.32791,-0.147316667325517
0.328515,-0.146086794026386
0.32912,-0.141700097291305
0.329725,-0.134194449153545
0.33033,-0.126707210066124
0.330935,-0.123567884906269
0.33154,-0.126156518263794
0.332145,-0.131347628806903
0.33275,-0.134725581118931
0.333355,-0.134613042743782
0.33396,-0.132422991926852
0.334565,-0.130072498805998
0.33517,-0.12817168966192
0.335775,-0.126494359158193
0.33638,-0.124987784268509
0.336985,-0.123470413711223
0.33759,-0.120853025830108
0.338195,-0.115967787090837
0.3388,-0.109628464091293
0.339405,-0.104882872308436
0.34001,-0.104172281870629
0.340615,-0.106594601545793
0.34122,-0.108850402407971
0.341825,-0.108584210409434
0.34243,-0.106019957846097
0.343035,-0.102712219521629
0.34364,-0.0997964174501913
0.344245,-0.0976806885737461
0.34485,-0.0964033042090457
0.345455,-0.0952274949595749
0.34606,-0.092234481941433
0.346665,-0.0857635994972573
0.34727,-0.0769995338930212
0.347875,-0.0701794534648042
0.34848,-0.0688594487386436
0.349085,-0.0721368413976496
0.34969,-0.0756215099364211
0.350295,-0.0758973962433623
0.3509,-0.0730562426966792
0.351505,-0.0692399415435881
0.35211,-0.0660154312134279
0.352715,-0.0635588275833007
0.35332,-0.0614821597993296
0.353925,-0.059377623821551
0.35453,-0.056538355977999
0.355135,-0.0521054289122125
0.35574,-0.0462025992031624
0.356345,-0.0406100788942719
0.35695,-0.0374566849600268
0.357555,-0.0370132507095704
0.35816,-0.0373457796569271
0.358765,-0.0363259687619151
0.35937,-0.0334798581659373
0.359975,-0.0297740257006586
0.36058,-0.0262227569744361
0.361185,-0.0231652215154233
0.36179,-0.0205612057224018
0.362395,-0.0182156874583967
0.363,-0.015448528202473
0.363605,-0.0111581636114003
0.36421,-0.00501129009561688
0.364815,0.00141588767327019
0.36542,0.00554118530896202
0.366025,0.00634796010118984
0.36663,0.00551701021882456
0.367235,0.00559246464806441
0.36784,0.0075831688117338
0.368445,0.0107137985222787
0.36905,0.0138871100404091
0.369655,0.0167176589574733
0.37026,0.0193133688006181
0.370865,0.0217611199922247
0.37147,0.0242061934083857
0.372075,0.0270939398880947
0.37268,0.0307736724259063
0.373285,0.034785643374936
0.37389,0.0379905146577604
0.374495,0.039739364893
0.3751,0.0406610500834529
0.375705,0.0419599118922874
0.37631,0.044144684423577
0.376915,0.0467592534384355
0.37752,0.0491686422661632
0.378125,0.0512146785249141
0.37873,0.0530824301832924
0.379335,0.05490004847565
0.37994,0.056757599150258
0.380545,0.0589442988288566
0.38115,0.0617539191013294
0.381755,0.0649093648405457
0.38236,0.06747073929355
0.382965,0.0686735609317572
0.38357,0.0687715892345157
0.384175,0.0687316346193993
0.38478,0.0692279498293754
0.385385,0.070267314504329
0.38599,0.0715914003261096
0.386595,0.0729996272127208
0.3872,0.0743024058990117
0.387805,0.0753216633088171
0.38841,0.0761170555552947
0.389015,0.0770713886362459
0.38962,0.0785378166515655
0.390225,0.080346122217791
0.39083,0.0817795053982683
0.391435,0.082238104379187
0.39204,0.0819596140655633
0.392645,0.0818622919810108
0.39325,0.0825836630044347
0.393855,0.0838882933018056
0.39446,0.0851345565011481
0.395065,0.0861054620701699
0.39567,0.0871080941942823
0.396275,0.0883322631997431
0.39688,0.0895436753508137
0.397485,0.0905809502426256
0.39809,0.0917278951529665
0.398695,0.0932071285403924
0.3993,0.0945646589473279
0.399905,0.095057188980168
0.40051,0.0946282760090159
0.401115,0.0940653971140005
0.40172,0.0941206359594162
0.402325,0.0948026090665169
0.40293,0.0956159346828544
0.403535,0.0962611433224703
0.40414,0.0968808795779389
0.404745,0.0976128569029349
0.40535,0.0982332793634254
0.405955,0.0985512315278811
0.40656,0.098865277965465
0.407165,0.099517666157197
0.40777,0.100125845570146
0.408375,0.0998480922637519
0.40898,0.0985077842573322
0.409585,0.0969701619926427
0.41019,0.0962517865483007
0.410795,0.0966196883838199
0.4114,0.0976258306609597
0.412005,0.0986395001695207
0.41261,0.0992100447590612
0.413215,0.0991897727962205
0.41382,0.0988032688721787
0.414425,0.0986457523934595
0.41503,0.0992957326545239
0.415635,0.100520452054121
0.41624,0.101049908115055
0.416845,0.0998284409219319
0.41745,0.0975401597618604
0.418055,0.0960934536555171
0.41866,0.0963441375284382
0.419265,0.0971237926798585
0.41987,0.0969112306547164
0.420475,0.0957009789276916
0.42108,0.0946237622929726
0.421685,0.0943061913239514
0.42229,0.0943502621742432
0.422895,0.0941646672433904
0.4235,0.0936483037123508
0.424105,0.093023532258581
0.42471,0.0923177978376811
0.425315,0.091139086062429
0.42592,0.0890455865094931
0.426525,0.086194377671741
0.42713,0.0834806204534957
0.427735,0.08187381640911
0.42834,0.0815705583672223
0.428945,0.0817962287353321
0.42955,0.0815074046230651
0.430155,0.0803590011582803
0.43076,0.0789392016573631
0.431365,0.0780529674243499
0.43197,0.0778998665999128
0.432575,0.0779785445396801
0.43318,0.0776077299010116
0.433785,0.0764315666098843
0.43439,0.0745985877981386
0.434995,0.072607439805299
0.4356,0.0708956293003036
0.436205,0.0695616963390385
0.43681,0.068565365569724
0.437415,0.0679924171539344
0.43802,0.0678248986379248
0.438625,0.0676068134224416
0.43923,0.066757602722863
0.439835,0.0652946272792567
0.44044,0.0639882472762091
0.441045,0.0635792353767596
0.44165,0.0637746205432145
0.442255,0.0632198802751883
0.44286,0.0608462321283971
0.443465,0.0572082374532174
0.44407,0.0540381890662854
0.444675,0.0524572592884497
0.44528,0.0520466138641737
0.445885,0.0516758415656837
0.44649,0.0507639928732998
0.447095,0.049542466816976
0.4477,0.0484293373750483
0.448305,0.0475188242131834
0.44891,0.0466904098267176
0.449515,0.0459428567061798
0.45012,0.0453225402485978
0.450725,0.0445105322276756
0.45133,0.0428621874404978
0.451935,0.0401589576646689
0.45254,0.0371129634795302
0.453145,0.0347846674925269
0.45375,0.0335395280690621
0.454355,0.0327782052283286
0.45496,0.0316233937614805
0.455565,0.0296982659701302
0.45617,0.0273113617747041
0.456775,0.0250748707679669
0.45738,0.0233859404603945
0.457985,0.0221791836414741
0.45859,0.0210035394391511
0.459195,0.0192622902577064
0.4598,0.0165992119296745
0.460405,0.0132859495743609
0.46101,0.0101189856511041
0.461615,0.00771539289487711
0.46222,0.00594323949677906
0.462825,0.00417585667924567
0.46343,0.00203876055712305
0.464035,-0.000243163648303741
0.46464,-0.00220071889129017
0.465245,-0.00365754475560508
0.46585,-0.00485202407753031
0.466455,-0.00612328998710749
0.46706,-0.00761580333818448
0.467665,-0.00931471627160175
0.46827,-0.0112408034306436
0.468875,-0.013456879159243
0.46948,-0.0158954719293315
0.470085,-0.0183844578572754
0.47069,-0.0209046747480908
0.471295,-0.0235787957182302
0.4719,-0.026284549048643
0.472505,-0.0285071611658696
0.47311,-0.0298742615051512
0.473715,-0.0309195345438677
0.47432,-0.0328636712853616
0.474925,-0.036052176767204
0.47553,-0.0390934937283549
0.476135,-0.0405375745243164
0.47674,-0.0409831759783205
0.477345,-0.042369529674641
0.47795,-0.045488256035838
0.478555,-0.049299625687383
0.47916,-0.0525400109808166
0.479765,-0.0549245290897638
0.48037,-0.0566037932468855
0.480975,-0.0575437849452589
0.48158,-0.0582631171368058
0.482185,-0.0602090086887141
0.48279,-0.0638483733876296
0.483395,-0.0670628474147387
0.484,-0.0674224027447025
0.484605,-0.0657250091120244
0.48521,-0.0654131370277789
0.485815,-0.0684904662600197
0.48642,-0.0733717343308656
0.487025,-0.077063530986575
0.48763,-0.078617562660593
0.488235,-0.0797189462798209
0.48884,-0.0821631211745747
0.489445,-0.085683036068178
0.49005,-0.0886619156668787
0.490655,-0.0904003984496887
0.49126,-0.0918065292136905
0.491865,-0.0938187364541163
0.49247,-0.0959660416453806
0.493075,-0.0969901528756818
0.49368,-0.0967637982552573
0.494285,-0.0970864270455303
0.49489,-0.0998840405023018
0.495495,-0.104740737625112
0.4961,-0.109143859382812
0.496705,-0.111271819032281
0.49731,-0.11174501189059
0.497915,-0.112455087752193
0.49852,-0.114410199205198
0.499125,-0.117161559820386
0.49973,-0.119727342247619
0.500335,-0.121407621157351
0.50094,-0.121842576020191
0.501545,-0.120792494381575
0.50215,-0.118541702652202
0.502755,-0.116745549836331
0.50336,-0.117780793505047
0.503965,-0.122388992499625
0.50457,-0.128632903869474
0.505175,-0.133626438997451
0.50578,-0.13579452727184
0.506385,-0.13560516538135
0.50699,-0.134957555946828
0.507595,-0.135830342925201
0.5082,-0.13863985168192
0.508805,-0.141719813681042
0.50941,-0.142874292026699
0.510015,-0.141360714671927
0.51062,-0.138328194012651
0.511225,-0.135981291477292
0.51183,-0.136281943754046
0.512435,-0.139573879353717
0.51304,-0.14422058738893
0.513645,-0.147912331910633
0.51425,-0.14939886267772
0.514855,-0.14902394260872
0.51546,-0.147998959832503
0.516065,-0.147559524087124
0.51667,-0.148532216282744
0.517275,-0.150702327209034
0.51788,-0.152094996245818
0.518485,-0.149898314102769
0.51909,-0.143562320591788
0.519695,-0.136844122514666
0.5203,-0.135113200899794
0.520905,-0.139851433755775
0.52151,-0.146919833859887
0.522115,-0.151084833585922
0.52272,-0.151246090736185
0.523325,-0.150158835896919
0.52393,-0.150005469442058
0.524535,-0.150141768002759
0.52514,-0.149282084229018
0.525745,-0.147879441446812
0.52635,-0.146967554221244
0.526955,-0.145778139864848
0.52756,-0.142407963816687
0.528165,-0.136950988858824
0.52877,-0.132499164312882
0.529375,-0.132129255337074
0.52998,-0.135436918070046
0.530585,-0.138867110628156
0.53119,-0.139344514823802
0.531795,-0.136919099676286
0.5324,-0.133820179934685
0.533005,-0.131784971540887
0.53361,-0.130949266687524
0.534215,-0.130589396087898
0.53482,-0.129625714970037
0.535425,-0.126518395754049
0.53603,-0.12020181088504
0.536635,-0.111995598001486
0.53724,-0.105742296510442
0.537845,-0.104712323298024
0.53845,-0.108311584066458
0.539055,-0.112708931902661
0.53966,-0.114611287185833
0.540265,-0.113560667020867
0.54087,-0.110871010122736
0.541475,-0.107769607259114
0.54208,-0.105070436158226
0.542685,-0.10346684539252
0.54329,-0.102816656670998
0.543895,-0.101347459777771
0.5445,-0.0968966085537464
0.545105,-0.0896375866448838
0.54571,-0.0829164953109469
0.546315,-0.0803579580453824
0.54692,-0.0821178175167451
0.547525,-0.0847630409476244
0.54813,-0.0848715995601843
0.548735,-0.0819683431109052
0.54934,-0.077907875141097
0.549945,-0.0744084751422347
0.55055,-0.0718647146699794
0.551155,-0.0699769440183896
0.55176,-0.0683172497605674
0.552365,-0.0658945649100782
0.55297,-0.0611743433859476
0.553575,-0.0537407762354383
0.55418,-0.0458577462733238
0.554785,-0.0411473137422732
0.55539,-0.041062686683927
0.555995,-0.0433470295286324
0.5566,-0.0444522877689003
0.557205,-0.0428070412701342
0.55781,-0.0393280421452834
0.558415,-0.0355709763694338
0.55902,-0.0322712194890925
0.559625,-0.029461572544244
0.56023,-0.0270017300461317
0.560835,-0.0244414376148045
0.56144,-0.0209023024794767
0.562045,-0.0159113816177229
0.56265,-0.0104025846166273
0.563255,-0.00625495918985584
0.56386,-0.00443308146617198
0.564465,-0.00392414501177732
0.56507,-0.00288800080123634
0.565675,-0.000520395368953968
0.56628,0.00260709454516243
0.566885,0.0056889305591693
0.56749,0.00854955254780771
0.568095,0.0113397656040092
0.5687,0.0139679813313501
0.569305,0.0163558907364924
0.56991,0.0190701435026517
0.570515,0.0230309954412247
0.57112,0.0282326888745221
0.571725,0.0331252028268129
0.57233,0.0359006753240307
0.572935,0.036384746650689
0.57354,0.0361746384159202
0.574145,0.0369749371244966
0.57475,0.0392199025307337
0.575355,0.042193101812247
0.57596,0.0449887215407949
0.576565,0.0471764934616757
0.57717,0.0488141059256141
0.577775,0.0502478180496092
0.57838,0.0520099721706235
0.578985,0.0545776521055346
0.57959,0.0578758395494617
0.580195,0.0610248482001874
0.5808,0.0629199233122827
0.581405,0.063297929688361
0.58201,0.0630893121588776
0.582615,0.0635698015109486
0.58322,0.0652661600875994
0.583825,0.067719596006514
0.58443,0.0701081909280862
0.585035,0.0719106735095603
0.58564,0.0730636206665951
0.586245,0.0738165570300874
0.58685,0.0746437732491481
0.587455,0.0761149537039259
0.58806,0.0784579965178496
0.588665,0.0810820786730306
0.58927,0.0828319154330894
0.589875,0.0830566765291878
0.59048,0.0823184615032461
0.591085,0.0818381630108655
0.59169,0.0823675456647005
0.592295,0.0837139349187228
0.5929,0.0851743985256105
0.593505,0.0862230607812281
0.59411,0.0868179885649909
0.594715,0.0872704003260757
0.59532,0.0879692403812445
0.595925,0.0891299449661881
0.59653,0.0905912253664296
0.597135,0.0918044473122941
0.59774,0.0922123633703673
0.598345,0.0918083418369767
0.59895,0.0912296016398214
0.599555,0.0911633328286458
0.60016,0.0917536092196087
0.600765,0.0926745567560374
0.60137,0.093609274033606
0.601975,0.0944818128548497
0.60258,0.0953210003700647
0.603185,0.0961133952791278
0.60379,0.0968393988405384
0.604395,0.0975297629291585
0.605,0.0981914830174999
0.605605,0.098714068703469
0.60621,0.0989541334450951
0.606815,0.0989850300994056
0.60742,0.0991473983767305
0.608025,0.0995975346984922
0.60863,0.0998763857943169
0.609235,0.0993689249920825
0.60984,0.0982691461768775
0.610445,0.0976276865528256
0.61105,0.098200955370091
0.611655,0.0995281410881395
0.61226,0.100424809894358
0.612865,0.100286542259909
0.61347,0.0996026124286903
0.614075,0.0991123207720427
0.61468,0.0987565807643828
0.615285,0.0978091241395833
0.61589,0.0960274033328922
0.616495,0.0942489810966043
0.6171,0.0934746104670332
0.617705,0.0935811613939713
0.61831,0.0935612933007177
0.618915,0.0930783901817883
0.61952,0.0929499146825534
0.620125,0.0937052477897998
0.62073,0.0945686610479271
0.621335,0.0945598821227431
0.62194,0.0938878638798511
0.622545,0.0934788490521694
0.62315,0.093496034811808
0.623755,0.093040127545093
0.62436,0.0913657078612067
0.624965,0.0889095700889877
0.62557,0.0868453937120983
0.626175,0.0859299271705541
0.62678,0.0860762195913626
0.627385,0.086674301885147
0.62799,0.0868586533118241
0.628595,0.0858661546383791
0.6292,0.0838288217950333
0.629805,0.0819887733461798
0.63041,0.0814571554687247
0.631015,0.0818089549895504
0.63162,0.0814111257836863
0.632225,0.0792234455072172
0.63283,0.0759084717914706
0.633435,0.0729783336662291
0.63404,0.0711903517103553
0.634645,0.0701445613875408
0.63525,0.0692416419739083
0.635855,0.0684898721658465
0.63646,0.0681358944511674
0.637065,0.0678872336494844
0.63767,0.0671207565546267
0.638275,0.0658708586926203
0.63888,0.0649584042700529
0.639485,0.0648288613931669
0.64009,0.0647610416700415
0.640695,0.0636965643737509
0.6413,0.0615601687232766
0.641905,0.0593052117794976
0.64251,0.0578066446694693
0.643115,0.057060711123415
0.64372,0.0564359333337719
0.644325,0.0554676624907094
0.64493,0.0542657027657916
0.645535,0.0531808093720238
0.64614,0.0522902430000089
0.646745,0.0514008884682088
0.64735,0.0504340694603679
0.647955,0.049467262148932
0.64856,0.048327917030717
0.649165,0.0465111301058639
0.64977,0.0437706944753778
0.650375,0.0405950209904614
0.65098,0.037825710349163
0.651585,0.0358922215863629
0.65219,0.0346222892116642
0.652795,0.0336708906913951
0.6534,0.0328259144102279
0.654005,0.0318987506317929
0.65461,0.0306386612466544
0.655215,0.0289784019420478
0.65582,0.0272507346935239
0.656425,0.0258953127696963
0.65703,0.0248902541514838
0.657635,0.0236492622868528
0.65824,0.0216037034768371
0.658845,0.0188346297016102
0.65945,0.0160243441555725
0.660055,0.0137805626356089
0.66066,0.0121076572332695
0.661265,0.0105480890818105
0.66187,0.0087108698782364
0.662475,0.00658209487919098
0.66308,0.00438542189447389
0.663685,0.00229659238043146
0.66429,0.000365258546466342
0.664895,-0.00143017835240831
0.6655,-0.00320633800530707
0.666105,-0.00519738794577098
0.66671,-0.00760660447935043
0.667315,-0.0103840304214974
0.66792,-0.0132236829805289
0.668525,-0.0158342976523197
0.66913,-0.0181543372406112
0.669735,-0.0202898692555421
0.67034,-0.0223466962860073
0.670945,-0.0243856027817007
0.67155,-0.0264937699889336
0.672155,-0.0287397950855974
0.67276,-0.0309102681883515
0.673365,-0.0325109575396544
0.67397,-0.0334504787039671
0.674575,-0.0345217157502747
0.67518,-0.0365731652989307
0.675785,-0.039404468756029
0.67639,-0.0421792795919197
0.676995,-0.0445842355126709
0.6776,-0.0468443790959682
0.678205,-0.0490499287097724
0.67881,-0.0512221924421928
0.679415,-0.0536761040365953
0.68002,-0.0565426530811632
0.680625,-0.0589906322451054
0.68123,-0.0598785607809323
0.681835,-0.059723562014324
0.68244,-0.0607824709719954
0.683045,-0.0639457825122547
0.68365,-0.0670855223029652
0.684255,-0.0682658852357825
0.68486,-0.068974939749857
0.685465,-0.0720059082550591
0.68607,-0.0771632910522125
0.686675,-0.08116705211876
0.68728,-0.0817885493009257
0.687885,-0.080569418538522
0.68849,-0.0808480630852672
0.689095,-0.0839827011879474
0.6897,-0.0881998360312019
0.690305,-0.0907124222650503
0.69091,-0.0904435671837394
0.691515,-0.0888914937681916
0.69212,-0.0887179484840903
0.692725,-0.091300503399276
0.69333,-0.095505907619937
0.693935,-0.0992595524566446
0.69454,-0.101979683776611
0.695145,-0.10452784702719
0.69575,-0.107310284803173
0.696355,-0.109726608134553
0.69696,-0.111348426285511
0.697565,-0.112627288282503
0.69817,-0.114141518922373
0.698775,-0.115722711405919
0.69938,-0.116722550790737
0.699985,-0.116849944573549
0.70059,-0.116674285193549
0.701195,-0.117438178605955
0.7018,-0.120039251104837
0.702405,-0.124097430775319
0.70301,-0.128176500408174
0.703615,-0.130778633536512
0.70422,-0.131430142579983
0.704825,-0.131231674883686
0.70543,-0.131918527042019
0.706035,-0.134063993875617
0.70664,-0.136587630903853
0.707245,-0.137930829284919
0.70785,-0.137102832312867
0.708455,-0.134011501078316
0.70906,-0.130081229405813
0.709665,-0.128354649742311
0.71027,-0.131262592232051
0.710875,-0.137829161763714
0.71148,-0.144166659634185
0.712085,-0.147184080757149
0.71269,-0.14723618873714
0.713295,-0.146852738458244
0.7139,-0.14764527903067
0.714505,-0.149296481123473
0.71511,-0.150875493229174
0.715715,-0.151704973292576
0.71632,-0.151019848713898
0.716925,-0.148221818225892
0.71753,-0.144240459363957
0.718135,-0.141849609977717
0.71874,-0.143394241446436
0.719345,-0.148137281456285
0.71995,-0.152719770439484
0.720555,-0.154395066374045
0.72116,-0.153229302572097
0.721765,-0.151162620616958
0.72237,-0.149754040717678
0.722975,-0.149368045865218
0.72358,-0.149800085177461
0.724185,-0.150285254181544
0.72479,-0.14891865750422
0.725395,-0.143839089931542
0.726,-0.136020495560653
0.726605,-0.129821239804045
0.72721,-0.129338820961053
0.727815,-0.134303132984826
0.72842,-0.140368131563035
0.729025,-0.143257985421634
0.72963,-0.14204953154515
0.730235,-0.138854970771086
0.73084,-0.136220242381442
0.731445,-0.135157694180879
0.73205,-0.1352102995249
0.732655,-0.135263813815318
0.73326,-0.133773779793807
0.733865,-0.129358835443743
0.73447,-0.122524887434137
0.735075,-0.116477540928732
0.73568,-0.114759717599124
0.736285,-0.117554334853605
0.73689,-0.121263443935598
0.737495,-0.122202483620265
0.7381,-0.119899706731895
0.738705,-0.116484868577816
0.73931,-0.11381971211724
0.739915,-0.112059113743689
0.74052,-0.110578375002726
0.741125,-0.108962502639145
0.74173,-0.10648662436015
0.742335,-0.101753771529048
0.74294,-0.094363272792679
0.743545,-0.0868334971687021
0.74415,-0.0831916039082307
0.744755,-0.0847882261890274
0.74536,-0.0886064060612336
0.745965,-0.0904631154945003
0.74657,-0.0889411336292344
0.747175,-0.0856430712247139
0.74778,-0.0825782516102709
0.748385,-0.0802905151411634
0.74899,-0.0782740715650131
0.749595,-0.0760613255132139
0.7502,-0.0732840831843878
0.750805,-0.0693170520900208
0.75141,-0.0638294701415555
0.752015,-0.057835406249667
0.75262,-0.0534429454929952
0.753225,-0.0519058293290427
0.75383,-0.0522300324951787
0.754435,-0.0521649227617234
0.75504,-0.0502733517535276
0.755645,-0.0467691166469811
0.75625,-0.0427560915964751
0.756855,-0.0391593350881239
0.75746,-0.0363452640306682
0.758065,-0.0341798476106183
0.75867,-0.0319327538360013
0.759275,-0.0283216806125885
0.75988,-0.0224629248094556
0.760485,-0.0153230187666185
0.76109,-0.00967086565741177
0.761695,-0.00762360916605538
0.7623,-0.00837970781264684
0.762905,-0.00912023841220104
0.76351,-0.00791281653058952
0.764115,-0.00505355000390679
0.76472,-0.00184498626698941
0.765325,0.00104899792073525
0.76593,0.00377785311182355
0.766535,0.00648593338547102
0.76714,0.00905626476770668
0.767745,0.0116768093010825
0.76835,0.015016301368104
0.768955,0.0193562206053729
0.76956,0.0238007698055101
0.770165,0.0269349291380047
0.77077,0.0283324305770232
0.771375,0.0289964330773555
0.77198,0.0302607739879231
0.772585,0.0326354806738244
0.77319,0.0357455472374252
0.773795,0.0389356185859448
0.7744,0.0416940103042686
0.775005,0.0437809290634908
0.77561,0.0453612470760573
0.776215,0.0470881317941679
0.77682,0.0497515337132035
0.777425,0.0534887475605208
0.77803,0.0573255114206567
0.778635,0.0598633662753592
0.77924,0.0606553218227172
0.779845,0.0606586648356722
0.78045,0.0611591493892278
0.781055,0.0625535679110938
0.78166,0.0643342985337466
0.782265,0.0659002555046567
0.78287,0.0671080784045274
0.783475,0.0681857191797701
0.78408,0.0693821924359203
0.784685,0.0707846607529615
0.78529,0.0723325820791593
0.785895,0.0738644277002382
0.7865,0.0751722491292265
0.787105,0.0761060261228756
0.78771,0.0766978536897694
0.788315,0.0771850005040088
0.78892,0.07783637600825
0.789525,0.0787319646449157
0.79013,0.0797592678741525
0.790735,0.0808175098681245
0.79134,0.0819271299254216
0.791945,0.0830841234698448
0.79255,0.0841631128246644
0.793155,0.0851615946055007
0.79376,0.0864080270135413
0.794365,0.0882015744919433
0.79497,0.0902004565427267
0.795575,0.0914874572186227
0.79618,0.0915245232428205
0.796785,0.0908814148292084
0.79739,0.0906756091854763
0.797995,0.0913808079668333
0.7986,0.0925062483810055
0.799205,0.0933571656560049
0.79981,0.0937646108831704
0.800415,0.0940274927525586
0.80102,0.0944456679895675
0.801625,0.095134834894858
0.80223,0.0961028371561726
0.802835,0.0971678535593444
0.80344,0.0978685055853142
0.804045,0.0978217081441259
0.80465,0.0972122002527127
0.805255,0.0966043433519988
0.80586,0.096260802268187
0.806465,0.0960532883386417
0.80707,0.096048823115493
0.807675,0.0966422507292511
0.80828,0.0978938365121028
0.808885,0.0991390837624591
0.80949,0.0996387323332917
0.810095,0.0994799288534826
0.8107,0.0994714292210683
0.811305,0.100161637502964
0.81191,0.101200239875682
0.812515,0.101654879493786
0.81312,0.10090722285965
0.813725,0.099298417750869
0.81433,0.0978294608642701
0.814935,0.0972425012270154
0.81554,0.0975287152981845
0.816145,0.0981480213780301
0.81675,0.0984451325228926
0.817355,0.0980588286017232
0.81796,0.0972829176905518
0.818565,0.0968677248007407
0.81917,0.0971822530265191
0.819775,0.0977408755589281
0.82038,0.0976875077155903
0.820985,0.096555276529949
0.82159,0.0945492739424673
0.822195,0.0922666737032894
0.8228,0.0902363614298263
0.823405,0.0887188929687457
0.82401,0.0877195436993726
0.824615,0.0870577533873233
0.82522,0.0865830684584534
0.825825,0.0862607043881287
0.82643,0.0859380057859871
0.827035,0.0853453469726876
0.82764,0.0845109138918553
0.828245,0.0838710810026496
0.82885,0.0836947523785374
0.829455,0.0835228873789625
0.83006,0.0824988365196284
0.830665,0.080313656293845
0.83127,0.0776550819991718
0.831875,0.075654197660464
0.83248,0.0748538204337734
0.833085,0.074719820714078
0.83369,0.0742566687045099
0.834295,0.0730679402728626
0.8349,0.0716954814424796
0.835505,0.0708814794440787
0.83611,0.0706449514869297
0.836715,0.0703734654757902
0.83732,0.0696409157298456
0.837925,0.0683849409560047
0.83853,0.0664858576866692
0.839135,0.0638944196385576
0.83974,0.0611524154364171
0.840345,0.059138905130798
0.84095,0.0581206234145891
0.841555,0.0575231997637811
0.84216,0.0567784314628122
0.842765,0.0558977345030928
0.84337,0.0551033523145559
0.843975,0.0543837826146277
0.84458,0.0536212258467624
0.845185,0.052919589382837
0.84579,0.05249236766837
0.846395,0.0521564733376428
0.847,0.0512418856680865
0.847605,0.0492569817367269
0.84821,0.0465460683717865
0.848815,0.0440570275710472
0.84942,0.0423877159401486
0.850025,0.0412894229674991
0.85063,0.0401985463854846
0.851235,0.0388911556015391
0.85184,0.0374526023228453
0.852445,0.0359453414322173
0.85305,0.0343855835349874
0.853655,0.0329487547447778
0.85426,0.0318546491328804
0.854865,0.0308858970312088
0.85547,0.0293017858401756
0.856075,0.0265410338771389
0.85668,0.0229682549137937
0.857285,0.0196744420269069
0.85789,0.0174400972136707
0.858495,0.0160804363344241
0.8591,0.0148527106766104
0.859705,0.0132323028489374
0.86031,0.0112100799369983
0.860915,0.00905288190838208
0.86152,0.00698601932988518
0.862125,0.00516875377019626
0.86273,0.00375926537798704
0.863335,0.00270293275638273
0.86394,0.00149200275408132
0.864545,-0.000556032289054552
0.86515,-0.00357013182664346
0.865755,-0.00682350264396289
0.86636,-0.00943687977740354
0.866965,-0.011287350801863
0.86757,-0.0129864676688135
0.868175,-0.0150914739148194
0.86878,-0.0175600496877161
0.869385,-0.0199420423991525
0.86999,-0.0219209774509189
0.870595,-0.0235586824626739
0.8712,-0.0251311606019505
0.871805,-0.026911782385544
0.87241,-0.0290896949464858
0.873015,-0.0317133423388278
0.87362,-0.0345741392485838
0.874225,-0.0372508488734189
0.87483,-0.039498512667934
0.875435,-0.0415194465427133
0.87604,-0.0436197664994393
0.876645,-0.0457145333764963
0.87725,-0.0474627503209052
0.877855,-0.0488871494942924
0.87846,-0.0505430429321439
0.879065,-0.052815429395866
0.87967,-0.0551881168345004
0.880275,-0.0566002655800527
0.88088,-0.0567263158481277
0.881485,-0.0566927293514755
0.88209,-0.0581212167934547
0.882695,-0.0614232327980761
0.8833,-0.0654215840511994
0.883905,-0.0686895954193157
0.88451,-0.070843616565243
0.885115,-0.0724763939078165
0.88572,-0.0742728519999307
0.886325,-0.0764439680018112
0.88693,-0.0788051302565847
0.887535,-0.0810466573308562
0.88814,-0.082852790216192
0.888745,-0.0840207707346215
0.88935,-0.0847327679342882
0.889955,-0.0856888257831979
0.89056,-0.0876590867352422
0.891165,-0.0907023173016534
0.89177,-0.0940394163952093
0.892375,-0.0968519629722389
0.89298,-0.0989562494739014
0.893585,-0.100626796859586
0.89419,-0.102144692167745
0.894795,-0.103753545625029
0.8954,-0.105777054282142
0.896005,-0.108291763558408
0.89661,-0.110548265721669
0.897215,-0.11120137990353
0.89782,-0.109769883221849
0.898425,-0.107877339953069
0.89903,-0.108272856680193
0.899635,-0.1121110497347
0.90024,-0.117714320937384
0.900845,-0.122481428421947
0.90145,-0.125409349990868
0.902055,-0.127218588228833
0.90266,-0.128684823949767
0.903265,-0.129832545037569
0.90387,-0.130774827607713
0.904475,-0.132301162095639
0.90508,-0.134711374960804
0.905685,-0.136567753829769
0.90629,-0.13598895891037
0.906895,-0.133446497182163
0.9075,-0.132021480959962
0.908105,-0.134106946524233
0.90871,-0.138726002806829
0.909315,-0.142944632013605
0.90992,-0.145128047852167
0.910525,-0.145812307764669
0.91113,-0.14608839576042
0.911735,-0.146501391279025
0.91234,-0.147447176000881
0.912945,-0.149275185509195
0.91355,-0.151205524283249
0.914155,-0.150899576295368
0.91476,-0.146566639255269
0.915365,-0.139934240085533
0.91597,-0.135900738172591
0.916575,-0.138034061951289
0.91718,-0.144882017747587
0.917785,-0.15160746284043
0.91839,-0.154703187348996
0.918995,-0.15428191975217
0.9196,-0.152546557125014
0.920205,-0.151416869160691
0.92081,-0.151601244934232
0.921415,-0.152702402508025
0.92202,-0.153455469590654
0.922625,-0.152331583017941
0.92323,-0.148714736690321
0.923835,-0.143728729678524
0.92444,-0.139753098733751
0.925045,-0.13880729423079
0.92565,-0.140958752254369
0.926255,-0.144175875402735
0.92686,-0.145947124353618
0.927465,-0.145143136423127
0.92807,-0.142463872243068
0.928675,-0.139515381789724
0.92928,-0.137682156527704
0.929885,-0.137441421949247
0.93049,-0.137884448030234
0.931095,-0.136684829731772
0.9317,-0.131584510066227
0.932305,-0.122992551670683
0.93291,-0.114876846698026
0.933515,-0.111943573784187
0.93412,-0.115258114113441
0.934725,-0.121083223272433
0.93533,-0.124556170236038
0.935935,-0.124009510258541
0.93654,-0.121246226120362
0.937145,-0.118552033359772
0.93775,-0.11665157507621
0.938355,-0.115261680483327
0.93896,-0.114145774334408
0.939565,-0.112807927581687
0.94017,-0.109941404935046
0.940775,-0.104553460345143
0.94138,-0.0979562282288131
0.941985,-0.0935258282505955
0.94259,-0.0934101777937222
0.943195,-0.0959748760947141
0.9438,-0.09751307373914
0.944405,-0.0960751056481945
0.94501,-0.0927187099508161
0.945615,-0.0894291876337951
0.94622,-0.0869683172311858
0.946825,-0.0849734459363215
0.94743,-0.0830764765180458
0.948035,-0.0808480550684933
0.94864,-0.0770785533723791
0.949245,-0.0705883105076875
0.94985,-0.0623580139219355
0.950455,-0.0558868885226495
0.95106,-0.0541970921392319
0.951665,-0.0566053538481087
0.95227,-0.0593953453601116
0.952875,-0.0595141672634297
0.95348,-0.0567570951790068
0.954085,-0.05271268943239
0.95469,-0.0488114981226378
0.955295,-0.0456653790542967
0.9559,-0.0433372725918317
0.956505,-0.0413371282503162
0.95711,-0.0384952606202627
0.957715,-0.033699690794928
0.95832,-0.0272865488251354
0.958925,-0.0213881282905162
0.95953,-0.018205470304132
0.960135,-0.0178096265808483
0.96074,-0.0181224216335819
0.961345,-0.0170607263312661
0.96195,-0.0141985218690425
0.962555,-0.0104262198401647
0.96316,-0.00670189148509152
0.963765,-0.00349867587116713
0.96437,-0.00100315713212019
0.964975,0.000952501493866166
0.96558,0.00329716518901518
0.966185,0.00733309076804719
0.96679,0.0132709775822389
0.967395,0.0193112867047927
0.968,0.0229466052320803
0.968605,0.023499192474327
0.96921,0.0228326540844477
0.969815,0.023289661467693
0.97042,0.0255106822337777
0.971025,0.0285238357590541
0.97163,0.0313084173525278
0.972235,0.033694615296038
0.97284,0.0359567670180912
0.973445,0.0381623095235848
0.97405,0.0402291470317339
0.974655,0.0423528680585226
0.97526,0.044937802232974
0.975865,0.0479757583728915
0.97647,0.0507708957906617
0.977075,0.0525821417421187
0.97768,0.053430271157845
0.978285,0.0540516276659358
0.97889,0.0551800678456829
0.979495,0.0570219332733408
0.9801,0.0592804417592202
0.980705,0.0614936135651698
0.98131,0.0633419489712625
0.981915,0.0647932189418556
0.98252,0.0661289879873467
0.983125,0.0678248962003089
0.98373,0.0701869466355841
0.984335,0.0729048433234001
0.98494,0.0750822285238908
0.985545,0.0760217242403587
0.98615,0.0759789536084236
0.986755,0.0758990156679675
0.98736,0.0764695554475994
0.987965,0.077650389754646
0.98857,0.0790293951844447
0.989175,0.0803638465519424
0.98978,0.0816817776154901
0.990385,0.0829782120300947
0.99099,0.0840462916417896
0.991595,0.0847733928208302
0.9922,0.0854822869454188
0.992805,0.0866294899981641
0.99341,0.0880589502908782
0.994015,0.0889333816340059
0.99462,0.0887222608591042
0.995225,0.0880385162443547
0.99583,0.0881391101291073
0.996435,0.0895743635514111
0.99704,0.0915639205366976
0.997645,0.0928732807553456
0.99825,0.0931509503356947
0.998855,0.0931495079536826
0.99946,0.0937636610433828
1.000065,0.095190020040646
1.00067,0.0969965047137028
1.001275,0.098607085003235
1.00188,0.0995111287299261
1.002485,0.0993813837158792
1.00309,0.0984766319232657
1.003695,0.0977353637103317
1.0043,0.097940535915716
1.004905,0.0988566709695493
1.00551,0.0995914770827972
1.006115,0.0996939386807236
1.00672,0.0995100286223557
1.007325,0.0995328824558457
1.00793,0.0998259827985315
1.008535,0.10021971881391
1.00914,0.100694528611551
1.009745,0.101165279239029
1.01035,0.101102180669963
1.010955,0.0999452332836152
1.01156,0.0979807328492858
1.012165,0.0963531719659417
1.01277,0.0959060349296687
1.013375,0.0962056960717285
1.01398,0.0961538588123928
1.014585,0.0955810092121766
1.01519,0.0955154424471929
1.015795,0.0964559060367058
1.0164,0.0972669610934808
1.017005,0.0967637651533781
1.01761,0.095673949839657
1.018215,0.0956717431049036
1.01882,0.096805948428969
1.019425,0.097295877158267
1.02003,0.0959560683682233
1.020635,0.0936585966914001
1.02124,0.092029870146146
1.021845,0.0915701625288765
1.02245,0.0915835694468364
1.023055,0.0913256993390267
1.02366,0.0906484089390342
1.024265,0.0898813522919475
1.02487,0.0894535501169396
1.025475,0.0894524279750002
1.02608,0.0894410380878949
1.026685,0.0888102035124643
1.02729,0.0873059790215872
1.027895,0.085184172956871
1.0285,0.0829420430227756
1.029105,0.0809642358824655
1.02971,0.0793453877899327
1.030315,0.0779798252064116
1.03092,0.0768319072000881
1.031525,0.0760286722098117
1.03213,0.0755761542473626
1.032735,0.0751356595438456
1.03334,0.0743585554026354
1.033945,0.0734055969431572
1.03455,0.0727582680716926
1.035155,0.0724356612319382
1.03576,0.0718347318169754
1.036365,0.0705037024328154
1.03697,0.0687042816206731
1.037575,0.0670660523228592
1.03818,0.0658822573219643
1.038785,0.0648249678628049
1.03939,0.0633667930677383
1.039995,0.0615263130210138
1.0406,0.0600371310392999
1.041205,0.0594971963546081
1.04181,0.0594558155271965
1.042415,0.0588356431232844
1.04302,0.0573151541683449
1.043625,0.0556964120239575
1.04423,0.054643459496854
1.044835,0.0536238538644033
1.04544,0.0516148892606721
1.046045,0.0485437908507452
1.04665,0.0454579154011665
1.047255,0.0433546337618652
1.04786,0.0422732467308581
1.048465,0.0415218937698293
1.04907,0.0404868546168049
1.049675,0.0391204467001725
1.05028,0.0377615512640115
1.050885,0.036663514286108
1.05149,0.035786798204189
1.052095,0.0349547971364339
1.0527,0.0340328472757434
1.053305,0.0328896835726331
1.05391,0.0313419587066849
1.054515,0.0293198960075251
1.05512,0.0270101081415161
1.055725,0.0246872026082734
1.05633,0.0224863078526354
1.056935,0.0204383378392619
1.05754,0.0185898454901618
1.058145,0.0169463054417503
1.05875,0.0153924648649279
1.059355,0.0138054865966178
1.05996,0.0122045925136479
1.060565,0.0106786510328568
1.06117,0.00914989477729026
1.061775,0.00729383561023794
1.06238,0.00480056207830041
1.062985,0.00173463762013202
1.06359,-0.00144384726719222
1.064195,-0.00425939093334063
1.0648,-0.00656676351520532
1.065405,-0.00849067320751062
1.06601,-0.0101500569499842
1.066615,-0.011607703189308
1.06722,-0.0130527992724534
1.067825,-0.0148028884516546
1.06843,-0.0169651429347238
1.069035,-0.0191656542855903
1.06964,-0.0208251394568012
1.070245,-0.0218295417395479
1.07085,-0.0228306798085726
1.071455,-0.0246803437336735
1.07206,-0.0275486339776295
1.072665,-0.0307927451080012
1.07327,-0.033698558152787
1.073875,-0.0360861224064328
1.07448,-0.0381619238580438
1.075085,-0.0401037001645894
1.07569,-0.0419765265620578
1.076295,-0.043903730346906
1.0769,-0.0460633357414766
1.077505,-0.0484196577881732
1.07811,-0.0506153889366176
1.078715,-0.0523451616896966
1.07932,-0.0538420140186016
1.079925,-0.0557804533526832
1.08053,-0.0585602702883886
1.081135,-0.0618333009992717
1.08174,-0.0648629079061669
1.082345,-0.0672019522192701
1.08295,-0.0689452939929865
1.083555,-0.0705053264323344
1.08416,-0.0722857713954548
1.084765,-0.0744940083769807
1.08537,-0.077011417603428
1.085975,-0.079258380679265
1.08658,-0.0804059622204205
1.087185,-0.080195397376457
1.08779,-0.079664005148076
1.088395,-0.080576608637569
1.089,-0.083722658128056
1.089605,-0.0880722636366851
1.09021,-0.0919371666928065
1.090815,-0.0945657499855556
1.09142,-0.0963244506124404
1.092025,-0.0978386966716169
1.09263,-0.0994276976157753
1.093235,-0.101196500808804
1.09384,-0.103221658103597
1.094445,-0.105353184518717
1.09505,-0.10697203594578
1.095655,-0.107434509166385
1.09626,-0.107051404450221
1.096865,-0.107311446150002
1.09747,-0.10957804130183
1.098075,-0.113561982148258
1.09868,-0.117531015219465
1.099285,-0.120041184729339
1.09989,-0.121117731167506
1.100495,-0.121810251299454
1.1011,-0.123007854226916
1.101705,-0.124862483101984
1.10231,-0.127054217129912
1.102915,-0.129021460101794
1.10352,-0.129776082977593
1.104125,-0.128282062125011
1.10473,-0.124956119678312
1.105335,-0.122522638462383
1.10594,-0.124086377474827
1.106545,-0.129871675765838
1.10715,-0.136708098399774
1.107755,-0.141181619524528
1.10836,-0.142640372689373
1.108965,-0.142793509617848
1.10957,-0.143217493747971
1.110175,-0.144218769959738
1.11078,-0.145736283117664
1.111385,-0.147776786035162
1.11199,-0.149384869910418
1.112595,-0.14864587561636
1.1132,-0.145103983980147
1.113805,-0.141508392803651
1.11441,-0.141570794899838
1.115015,-0.145859778422756
1.11562,-0.15117047689453
1.116225,-0.154168000068038
1.11683,-0.154390512636066
1.117435,-0.153426165629442
1.11804,-0.152614990140373
1.118645,-0.152414186003994
1.11925,-0.152996859111759
1.119855,-0.154005416118327
1.12046,-0.153725953653039
1.121065,-0.150025838149078
1.12167,-0.143152009576905
1.122275,-0.136865406012105
1.12288,-0.135448415407498
1.123485,-0.139454448160325
1.12409,-0.145293049724187
1.124695,-0.148989904808329
1.1253,-0.14936958300824
1.125905,-0.147703750578091
1.12651,-0.145667484062392
1.127115,-0.144222807905242
1.12772,-0.143618241694084
1.128325,-0.143399371045145
1.12893,-0.142290098073113
1.129535,-0.138863840293521
1.13014,-0.133077672881597
1.130745,-0.127108827390772
1.13135,-0.123965290732441
1.131955,-0.124720096703938
1.13256,-0.127425630988959
1.133165,-0.129089606378422
1.13377,-0.128326730003243
1.134375,-0.125919045534577
1.13498,-0.123316914856863
1.135585,-0.121157383419231
1.13619,-0.119386092304937
1.136795,-0.11803599015684
1.1374,-0.116755498976314
1.138005,-0.113905924980839
1.13861,-0.107757593295504
1.139215,-0.0993126842558148
1.13982,-0.0928069681843811
1.140425,-0.0919540445008621
1.14103,-0.0958990881279141
1.141635,-0.10002620770214
1.14224,-0.100652420621674
1.142845,-0.0979784381105164
1.14345,-0.094572267030081
1.144055,-0.0921890445520001
1.14466,-0.0906964481114927
1.145265,-0.0892203779381236
1.14587,-0.0871249247253016
1.146475,-0.0838972380381121
1.14708,-0.0791089927486548
1.147685,-0.0732379619844848
1.14829,-0.0681397131287717
1.148895,-0.0656932648616195
1.1495,-0.0658395149121152
1.150105,-0.0666305795182241
1.15071,-0.0661864420337349
1.151315,-0.0640439004480614
1.15192,-0.0607799869638271
1.152525,-0.0571298971346616
1.15313,-0.0537756785619106
1.153735,-0.0513115856761526
1.15434,-0.0495807545008771
1.154945,-0.0471294018509357
1.15555,-0.0421530163255772
1.156155,-0.034641182907098
1.15676,-0.0273579261704311
1.157365,-0.0237426584341816
1.15797,-0.024440972827902
1.158575,-0.0265691767781688
1.15918,-0.026735211551358
1.159785,-0.0241412751390071
1.16039,-0.0204130891404104
1.160995,-0.017160218638216
1.1616,-0.0145130661948976
1.162205,-0.0118331280720405
1.16281,-0.00890776175903553
1.163415,-0.00587503407993207
1.16402,-0.00243964147231937
1.164625,0.00190474502144633
1.16523,0.00672410088313757
1.165835,0.010538554732982
1.16644,0.0124021994705301
1.167045,0.0131152362568453
1.16765,0.0143488079881906
1.168255,0.0168817813572789
1.16886,0.0201603792658979
1.169465,0.0233406084395143
1.17007,0.0261919173995241
1.170675,0.0288970805432203
1.17128,0.0314774718823638
1.171885,0.0339256799976697
1.17249,0.0367461336833232
1.173095,0.0406602852366105
1.1737,0.045440847279645
1.174305,0.0495400471339231
1.17491,0.0514962037605529
1.175515,0.0515449819858835
1.17612,0.0513152253578014
1.176725,0.0521070034020162
1.17733,0.0539485645776127
1.177935,0.0561119595057023
1.17854,0.0579988787377935
1.179145,0.059467773151919
1.17975,0.0606475018360751
1.180355,0.0617595752211444
1.18096,0.0631181336836782
1.181565,0.0649835773198511
1.18217,0.0672001296356115
1.182775,0.0691102168288387
1.18338,0.0700984851950661
1.183985,0.0702584191871039
1.18459,0.0703201069611627
1.185195,0.0709174722704836
1.1858,0.0721182445520318
1.186405,0.0736124563116006
1.18701,0.0751110921867245
1.187615,0.0764772007793245
1.18822,0.0776356989037219
1.188825,0.0786119407878761
1.18943,0.0796701004279552
1.190035,0.0811452555134148
1.19064,0.0829804865348796
1.191245,0.0845648210907161
1.19185,0.0852867845475861
1.192455,0.0852940786543898
1.19306,0.085419186513551
1.193665,0.0862203326736294
1.19427,0.0873958871913804
1.194875,0.0883356342409237
1.19548,0.0889770798106334
1.196085,0.0897938093790162
1.19669,0.0910267918942327
1.197295,0.0923225301779388
1.1979,0.0932790228547137
1.198505,0.0940223160164971
1.19911,0.0949142355481525
1.199715,0.0958367653881972
1.20032,0.0962055149821687
1.200925,0.0958059948124394
1.20153,0.0952381840851323
1.202135,0.0952923448840501
1.20274,0.0961392033152425
1.203345,0.0973281796262732
1.20395,0.0983453329861252
1.204555,0.0989887627625356
1.20516,0.0994052232213483
1.205765,0.0999343291856173
1.20637,0.100782308532592
1.206975,0.101775555719053
1.20758,0.10252125993329
1.208185,0.10275906270346
1.20879,0.102493845551575
1.209395,0.101891920653373
1.21,0.101126742012594
1.210605,0.100332330713747
1.21121,0.0996871795443107
1.211815,0.0994349636246566
1.21242,0.0996928960225276
1.213025,0.100166068483051
1.21363,0.100193735377418
1.214235,0.0994916234846291
1.21484,0.0988586019777558
1.215445,0.0994148173454669
1.21605,0.100798802837767
1.216655,0.100973263242875
1.21726,0.0986132627156276
1.217865,0.0950449887635764
1.21847,0.092789352942364
1.219075,0.0926046368571447
1.21968,0.0930415309370165
1.220285,0.0926522221093275
1.22089,0.0915468881396403
1.221495,0.0906768777919593
1.2221,0.0904309203155235
1.222705,0.0903646812421631
1.22331,0.089938042406781
1.223915,0.0891719078070072
1.22452,0.088609451795554
1.225125,0.0885556486595248
1.22573,0.0883684753929008
1.226335,0.0869673542451189
1.22694,0.0842118876781858
1.227545,0.0813096350333931
1.22815,0.0796211153250035
1.228755,0.0793371226169031
1.22936,0.0794729727494793
1.229965,0.0789412718893683
1.23057,0.0775068308275588
1.231175,0.0758646446737005
1.23178,0.0748818755508901
1.232385,0.0746881889031104
1.23299,0.0745624438495842
1.233595,0.0737593995402272
1.2342,0.0722113004698834
1.234805,0.0702847799811945
1.23541,0.0682159463589258
1.236015,0.0661379090707815
1.23662,0.064391623042464
1.237225,0.0633687390345165
1.23783,0.0630927737966506
1.238435,0.0631377199860382
1.23904,0.0628871539837898
1.239645,0.0619314065863172
1.24025,0.0604936580495541
1.240855,0.0594122431745302
1.24146,0.0592760271396018
1.242065,0.0595078976403218
1.24267,0.0587732983325344
1.243275,0.0565129763177869
1.24388,0.0536657396934838
1.244485,0.0515659437045982
1.24509,0.0504539315093468
1.245695,0.0494865910014611
1.2463,0.0480071181189987
1.246905,0.0462978835397323
1.24751,0.0450376934995546
1.248115,0.0443640670791726
1.24872,0.0436876889774905
1.249325,0.0424061492150501
1.24993,0.0406192973193387
1.250535,0.0389436052846678
1.25114,0.0376462852382437
1.251745,0.036217530378523
1.25235,0.033989477526062
1.252955,0.0310312543237321
1.25356,0.0281307454432924
1.254165,0.0259439886373802
1.25477,0.0244621690691296
1.255375,0.0232677146152807
1.25598,0.0219826732424569
1.256585,0.0204010031747612
1.25719,0.0184626944066
1.257795,0.0163330577737732
1.2584,0.0144155709137824
1.259005,0.0130268843412896
1.25961,0.011957060453033
1.260215,0.010486632717808
1.26082,0.00804022070350764
1.261425,0.00483212500454296
1.26203,0.00169389222683306
1.262635,-0.000740725104898431
1.26324,-0.00252399563333513
1.263845,-0.00412642869195231
1.26445,-0.00589681797419892
1.265055,-0.00784392380226459
1.26566,-0.00980730152553076
1.266265,-0.0116704737653061
1.26687,-0.0134071299098595
1.267475,-0.0150802346036261
1.26808,-0.0168752318149919
1.268685,-0.0190420076456116
1.26929,-0.0216737190010825
1.269895,-0.0245161573296694
1.2705,-0.0270985665216238
1.271105,-0.0291329867726109
1.27171,-0.0307507606920015
1.272315,-0.0323292368496034
1.27292,-0.0341390357083192
1.273525,-0.0361733616973154
1.27413,-0.0382521090834644
1.274735,-0.0401967093528374
1.27534,-0.0418678549665316
1.275945,-0.0431311281686927
1.27655,-0.0439885679932771
1.277155,-0.0448372094141076
1.27776,-0.0463720149382334
1.278365,-0.0489417663411575
1.27897,-0.0520995100654905
1.279575,-0.0550410323075839
1.28018,-0.0573817760202059
1.280785,-0.0593194862488445
1.28139,-0.0611984420003643
1.281995,-0.0631545725253283
1.2826,-0.0651787746290285
1.283205,-0.0673167437985173
1.28381,-0.0695861278538119
1.284415,-0.0717336083093904
1.28502,-0.0733760619897102
1.285625,-0.0745641021888903
1.28623,-0.0760117038351068
1.286835,-0.0784558983061893
1.28744,-0.0818227704821364
1.288045,-0.0852889434996703
1.28865,-0.0881147188592583
1.289255,-0.0901993506674756
1.28986,-0.0919464622514261
1.290465,-0.0938585731278604
1.29107,-0.0962520620265488
1.291675,-0.0990890405637505
1.29228,-0.101816010789313
1.292885,-0.103447306845433
1.29349,-0.103283994305303
1.294095,-0.101932009276253
1.2947,-0.101376875739964
1.295305,-0.103423090372337
1.29591,-0.10793171228162
1.296515,-0.113032527984016
1.29712,-0.117008877842655
1.297725,-0.119474775386871
1.29833,-0.120942284748736
1.298935,-0.122029082025891
1.29954,-0.123298692305933
1.300145,-0.125276870727046
1.30075,-0.127890395663351
1.301355,-0.129901085136224
1.30196,-0.12974244813862
1.302565,-0.127508145797338
1.30317,-0.125645494225261
1.303775,-0.126811079576993
1.30438,-0.13103275868691
1.304985,-0.135761038313342
1.30559,-0.138699361207217
1.306195,-0.139685909446272
1.3068,-0.139879902926826
1.307405,-0.140277774783622
1.30801,-0.141377840225965
1.308615,-0.14330511607765
1.30922,-0.145350051263786
1.309825,-0.145757351876175
1.31043,-0.143079584217593
1.311035,-0.138144559067191
1.31164,-0.134167459045614
1.312245,-0.13427533142931
1.31285,-0.138717085099469
1.313455,-0.144785580688024
1.31406,-0.149436173244382
1.314665,-0.151461301017861
1.31527,-0.151437078355455
1.315875,-0.150626639617807
1.31648,-0.150148440384391
1.317085,-0.150556162041757
1.31769,-0.151639061273713
1.318295,-0.152398286674418
1.3189,-0.151459345329322
1.319505,-0.148111581350517
1.32011,-0.143444798246292
1.320715,-0.140250775944883
1.32132,-0.140891822225799
1.321925,-0.144891865286324
1.32253,-0.149153700369036
1.323135,-0.150767879604014
1.32374,-0.14934607899612
1.324345,-0.146682675429002
1.32495,-0.144694164792392
1.325555,-0.144103681395583
1.32616,-0.144510330786673
1.326765,-0.144540958020247
1.32737,-0.142024697592586
1.327975,-0.13556756654136
1.32858,-0.126939182917841
1.329185,-0.120958383399808
1.32979,-0.12138045174819
1.330395,-0.126912351655752
1.331,-0.132439650788288
1.331605,-0.134053898455215
1.33221,-0.131958664370205
1.332815,-0.12877174205007
1.33342,-0.126349695987518
1.334025,-0.124933007213263
1.33463,-0.124240352632818
1.335235,-0.123727202456182
1.33584,-0.121972124311746
1.336445,-0.117461647532428
1.33705,-0.1107408902773
1.337655,-0.104987002439147
1.33826,-0.103314930236995
1.338865,-0.105498672856084
1.33947,-0.108180951475654
1.340075,-0.108332078170074
1.34068,-0.105761011923074
1.341285,-0.102270137314659
1.34189,-0.0993437739125337
1.342495,-0.0972561081979059
1.3431,-0.0957123493259524
1.343705,-0.09418092156549
1.34431,-0.0914864455842897
1.344915,-0.0861751027314429
1.34552,-0.0783585708023643
1.346125,-0.0709222451880678
1.34673,-0.067527409004128
1.347335,-0.0689196672633566
1.34794,-0.0720777867905957
1.348545,-0.0733295160740756
1.34915,-0.0715502716718833
1.349755,-0.0681019939138059
1.35036,-0.0646291326639161
1.350965,-0.0617561375104385
1.35157,-0.0594605505071626
1.352175,-0.0575460370650918
1.35278,-0.0553263612327341
1.353385,-0.051577308484744
1.35399,-0.0457558449307272
1.354595,-0.0393020038771759
1.3552,-0.0348727942083423
1.355805,-0.0337657723674243
1.35641,-0.0345191562867626
1.357015,-0.0344646215975494
1.35762,-0.0322916459658562
1.358225,-0.0287017466626989
1.35883,-0.0250138327696767
1.359435,-0.0218700177040926
1.36004,-0.0192724624638855
1.360645,-0.0170746606716372
1.36125,-0.0147959389373899
1.361855,-0.0113138391965321
1.36246,-0.00575069069166214
1.363065,0.00096180029156185
1.36367,0.00615001796082674
1.364275,0.00783369256035361
1.36488,0.00688290975955164
1.365485,0.00612633872023564
1.36609,0.00752079943902969
1.366695,0.0107615755835343
1.3673,0.0143767408682045
1.367905,0.0174183607197771
1.36851,0.0199236566379745
1.369115,0.0222584372527831
1.36972,0.0246285603634591
1.370325,0.027266798880321
1.37093,0.0305385311793718
1.371535,0.0344447797920926
1.37214,0.0381919432948694
1.372745,0.0407323585103377
1.37335,0.0418776540044809
1.373955,0.0425577692209912
1.37456,0.043879378968228
1.375165,0.0461820708816404
1.37577,0.0489919359450871
1.376375,0.0516088326454761
1.37698,0.0536388111712066
1.377585,0.0551281057199832
1.37819,0.0564684516657866
1.378795,0.0582355357499836
1.3794,0.0608476071640571
1.380005,0.0641253138513973
1.38061,0.0672014178777508
1.381215,0.0691295845642447
1.38182,0.0697698607546559
1.382425,0.0699037882154088
1.38303,0.0703792809362243
1.383635,0.0713911857487707
1.38424,0.07265798318108
1.384845,0.0739877997698862
1.38545,0.0754376015728053
1.386055,0.0770096597268734
1.38666,0.0784795825985554
1.387265,0.0796608221008316
1.38787,0.0806709085758112
1.388475,0.0817597517576124
1.38908,0.0829168240180322
1.389685,0.0838149860053649
1.39029,0.0842253733703176
1.390895,0.0843639642660701
1.3915,0.0847043495247158
1.392105,0.0855256042819962
1.39271,0.0867342168377221
1.393315,0.0880587891009352
1.39392,0.0892859750729956
1.394525,0.0903026571896478
1.39513,0.0910855994300095
1.395735,0.0917744049588518
1.39634,0.0926626611022751
1.396945,0.0939475636902295
1.39755,0.0954047812754162
1.398155,0.0964280130360561
1.39876,0.0965868955003112
1.399365,0.0960961945533075
1.39997,0.0955969967552695
1.400575,0.0955952887759679
1.40118,0.0961879421827704
1.401785,0.0970967471535718
1.40239,0.0978544904060167
1.402995,0.0982016719404459
1.4036,0.098398622288275
1.404205,0.098881374192128
1.40481,0.0995869200321243
1.405415,0.0999989080431786
1.40602,0.0998735075281613
1.406625,0.0994977274937238
1.40723,0.0991911299954099
1.407835,0.0988980482326114
1.40844,0.0983961613747373
1.409045,0.0977617789993284
1.40965,0.0974423962116331
1.410255,0.0978245584476562
1.41086,0.0988292559477233
1.411465,0.0999083941202926
1.41207,0.100400931378885
1.412675,0.100109588222462
1.41328,0.0996332530574894
1.413885,0.0998665102750414
1.41449,0.100940566714787
1.415095,0.101767199461041
1.4157,0.100979404902315
1.416305,0.0985436804350869
1.41691,0.0961285083182817
1.417515,0.0953898507397762
1.41812,0.0961001585312201
1.418725,0.0965762353160134
1.41933,0.0957812453341225
1.419935,0.0943149436067761
1.42054,0.0933732654409873
1.421145,0.0933377013747501
1.42175,0.0935687491036816
1.422355,0.0932789672333192
1.42296,0.0922715887350151
1.423565,0.0907843855519783
1.42417,0.0889532263268055
1.424775,0.0867574984082363
1.42538,0.0844086952203887
1.425985,0.0824476000948059
1.42659,0.0812788454929665
1.427195,0.0807674136845809
1.4278,0.0804504936067359
1.428405,0.0800038864466485
1.42901,0.0793646765179012
1.429615,0.0785820898065635
1.43022,0.0777772518070585
1.430825,0.0771199055395387
1.43143,0.0765714817879557
1.432035,0.0757609841934331
1.43264,0.0743905208907864
1.433245,0.0726442465059583
1.43385,0.0709495647367409
1.434455,0.0694554941042788
1.43506,0.0680137214703181
1.435665,0.066619456843806
1.43627,0.0655537203057919
1.436875,0.0650216012604161
1.43748,0.0648506841417995
1.438085,0.0645672207028465
1.43869,0.0637593432562988
1.439295,0.0625061321412792
1.4399,0.0613137893577531
1.440505,0.0603760975048697
1.44111,0.0591313356697468
1.441715,0.0569505930813374
1.44232,0.0541409899587735
1.442925,0.0517908328585003
1.44353,0.0505448689672736
1.444135,0.0499582955777949
1.44474,0.0492213309422498
1.445345,0.0481306889158054
1.44595,0.0470717033211917
1.446555,0.0463033894814448
1.44716,0.0456607022591787
1.447765,0.0449478830835001
1.44837,0.0442381533529553
1.448975,0.0435865254043716
1.44958,0.042678232406753
1.450185,0.0410747060463397
1.45079,0.03882031297897
1.451395,0.0365452050303076
1.452,0.0348410921745125
1.452605,0.0336971392302132
1.45321,0.0326319334401618
1.453815,0.0312239036254626
1.45442,0.0294083227054688
1.455025,0.027371345909884
1.45563,0.0253481840101013
1.456235,0.0235261625416572
1.45684,0.0219229363627506
1.457445,0.0202475031849672
1.45805,0.0180291011853409
1.458655,0.0150510775076392
1.45926,0.011643025394443
1.459865,0.00842635997729984
1.46047,0.00577705553873095
1.461075,0.00364119659695479
1.46168,0.00179978590574098
1.462285,0.000110355912538581
1.46289,-0.00153341372767386
1.463495,-0.0033103204107075
1.4641,-0.00536319346035163
1.464705,-0.00753466314240339
1.46531,-0.00936163827359895
1.465915,-0.0105558222794208
1.46652,-0.0115168142805189
1.467125,-0.0131224331549439
1.46773,-0.0158181069711965
1.468335,-0.0190936399253234
1.46894,-0.0220770949481312
1.469545,-0.0244521754271262
1.47015,-0.0265525943924315
1.470755,-0.0287411569162696
1.47136,-0.0310006978566688
1.471965,-0.0331288690500039
1.47257,-0.0350975370905537
1.473175,-0.0370535593212703
1.47378,-0.0390398199296758
1.474385,-0.0409222793485924
1.47499,-0.0426678524018493
1.475595,-0.0445386515856408
1.4762,-0.0468365570024893
1.476805,-0.0495369167415933
1.47741,-0.0523463094511961
1.478015,-0.0550053213750719
1.47862,-0.0573382744552463
1.479225,-0.0591637568152821
1.47983,-0.0604699579360204
1.480435,-0.0616890699006536
1.48104,-0.0634767287554617
1.481645,-0.0659337066135595
1.48225,-0.068164867266441
1.482855,-0.0690400961131385
1.48346,-0.0686216469349057
1.484065,-0.0685465053027081
1.48467,-0.0705271436392457
1.485275,-0.074528077199742
1.48588,-0.078881998677963
1.486485,-0.0821265688684674
1.48709,-0.0841936335494105
1.487695,-0.0858596866078474
1.4883,-0.0876715471360969
1.488905,-0.0896852175485253
1.48951,-0.0918617086573813
1.490115,-0.0941585071707832
1.49072,-0.0961762027649926
1.491325,-0.0972391334172403
1.49193,-0.0972601746931338
1.492535,-0.0973348882243275
1.49314,-0.0989227045742736
1.493745,-0.10230515017487
1.49435,-0.10628521726734
1.494955,-0.109500569839429
1.49556,-0.111575592513783
1.496165,-0.112961810705366
1.49677,-0.114245886238481
1.497375,-0.115915467098198
1.49798,-0.11834145659866
1.498585,-0.12126615234371
1.49919,-0.123267798618938
1.499795,-0.122616678036457
1.5004,-0.119437409040179
1.501005,-0.116641716429195
1.50161,-0.117616580237698
1.502215,-0.122722314883986
1.50282,-0.128968554980133
1.503425,-0.133376825102375
1.50403,-0.135583956185832
1.504635,-0.136876151132197
1.50524,-0.138066167452915
1.505845,-0.139243638035701
1.50645,-0.140693883241868
1.507055,-0.14267407810699
1.50766,-0.144308027991473
1.508265,-0.143953374323056
1.50887,-0.141293866080236
1.509475,-0.138444264805517
1.51008,-0.138244290417521
1.510685,-0.141452958811204
1.51129,-0.146108589588806
1.511895,-0.149687883566476
1.5125,-0.151209219942144
1.513105,-0.151174689964548
1.51371,-0.150524506500243
1.514315,-0.150155018397027
1.51492,-0.150739160122926
1.515525,-0.152203996389299
1.51613,-0.15321414180595
1.516735,-0.151708406041253
1.51734,-0.146800096773488
1.517945,-0.140453637877031
1.51855,-0.13667704986798
1.519155,-0.13820923303014
1.51976,-0.143880121826651
1.520365,-0.149655155459728
1.52097,-0.152248677273124
1.521575,-0.151509543184829
1.52218,-0.149643446608675
1.522785,-0.1486205702633
1.52339,-0.148575905227186
1.523995,-0.148528599927323
1.5246,-0.147751664903251
1.525205,-0.145821059248514
1.52581,-0.142158741307729
1.526415,-0.136828564726447
1.52702,-0.131737300028954
1.527625,-0.12969990847171
1.52823,-0.131602263202425
1.528835,-0.135211385507322
1.52944,-0.137285054202522
1.530045,-0.136390260484931
1.53065,-0.133517466419702
1.531255,-0.130516637450989
1.53186,-0.128502615478963
1.532465,-0.127628273754788
1.53307,-0.127256859267095
1.533675,-0.125673947917953
1.53428,-0.120821054248923
1.534885,-0.112777999223138
1.53549,-0.105151926046542
1.536095,-0.102469204319641
1.5367,-0.105641716073991
1.537305,-0.110886786459592
1.53791,-0.113548479890492
1.538515,-0.112229770417331
1.53912,-0.108925793472519
1.539725,-0.106082033323793
1.54033,-0.104422513690798
1.540935,-0.103336771590934
1.54154,-0.102111252574681
1.542145,-0.100075625380381
1.54275,-0.0963303728341422
1.543355,-0.09056612228336
1.54396,-0.0843302549455948
1.544565,-0.0804173123253553
1.54517,-0.0801610512640513
1.545775,-0.0818756720271223
1.54638,-0.0826234125379006
1.546985,-0.081004829779132
1.54759,-0.0777435161312315
1.548195,-0.0741745008469649
1.5488,-0.0710283652712052
1.549405,-0.0685673437194156
1.55001,-0.0668017221587403
1.550615,-0.0648830566510932
1.55122,-0.0609789489418334
1.551825,-0.0539676036038726
1.55243,-0.0455551661020393
1.553035,-0.0396830248889139
1.55364,-0.0388081022844469
1.554245,-0.0412069212812346
1.55485,-0.0428038209382152
1.555455,-0.0412397839164274
1.55606,-0.0374112818884105
1.556665,-0.03349157223383
1.55727,-0.0305099193392505
1.557875,-0.0280861915720011
1.55848,-0.0256464638293038
1.559085,-0.0229856029431287
1.55969,-0.0197694458251999
1.560295,-0.0154162832399649
1.5609,-0.0100481171514926
1.561505,-0.00511181799326145
1.56211,-0.00224122290155872
1.562715,-0.0014710792157797
1.56332,-0.00114676427463027
1.563925,0.000359524954337598
1.56453,0.00328907573660585
1.565135,0.00680355109747087
1.56574,0.0100934958688235
1.566345,0.0129142645705657
1.56695,0.0153698688323482
1.567555,0.0177205244657884
1.56816,0.0205356634485133
1.568765,0.0245321998700357
1.56937,0.0296726162436843
1.569975,0.0345499317979894
1.57058,0.0374037251607335
1.571185,0.0379954603174549
1.57179,0.0379097390157488
1.572395,0.0387850095821028
1.573,0.0408336535997553
1.573605,0.0432800652455517
1.57421,0.0455728652314879
1.574815,0.0477280900606576
1.57542,0.0498383977170288
1.576025,0.0517864046878439
1.57663,0.0535364299689357
1.577235,0.0553719820178155
1.57784,0.0575667298174807
1.578445,0.0598992794742498
1.57905,0.0617540881521032
1.579655,0.0628136377234352
1.58026,0.0634641247409066
1.580865,0.0643501366452825
1.58147,0.0657063025437523
1.582075,0.0673032243354278
1.58268,0.0688742994548245
1.583285,0.0703554273085603
1.58389,0.0717329006844594
1.584495,0.0729112910960964
1.5851,0.0739328685609381
1.585705,0.075210416386467
1.58631,0.0772065808002128
1.586915,0.0797194893361909
1.58752,0.0817485587320256
1.588125,0.0824494320059452
1.58873,0.0821160133165406
1.589335,0.0818459808440428
1.58994,0.0823748328966027
1.590545,0.0836054711631107
1.59115,0.0850959767370278
1.591755,0.0865590953257183
1.59236,0.087849603874573
1.592965,0.0888059201622466
1.59357,0.0893940949355388
1.594175,0.0899450785604727
1.59478,0.090929641407146
1.595385,0.0923338270696006
1.59599,0.0934510291922476
1.596595,0.0935662718075752
1.5972,0.0928178080077475
1.597805,0.0921465371515746
1.59841,0.0923677350920437
1.599015,0.0934655252674235
1.59962,0.0948228209343972
1.600225,0.0959380520056866
1.60083,0.0967177747157181
1.601435,0.0972116565106639
1.60204,0.0975213296770585
1.602645,0.0980455024541855
1.60325,0.0992109949581913
1.603855,0.100638382168739
1.60446,0.101177767113722
1.605065,0.100291903030302
1.60567,0.0989451585931465
1.606275,0.0985577372347145
1.60688,0.099354689645358
1.607485,0.100263125745235
1.60809,0.100343687123323
1.608695,0.0998202783780066
1.6093,0.0995448648924115
1.609905,0.0998969478159827
1.61051,0.10056855209507
1.611115,0.101119270773848
1.61172,0.101322757978027
1.612325,0.101070402109213
1.61293,0.10028611572287
1.613535,0.0990899183790981
1.61414,0.0978593306437953
1.614745,0.096831872158544
1.61535,0.0958135652292614
1.615955,0.0947338968469918
1.61656,0.0942076231788833
1.617165,0.094801669040837
1.61777,0.095947368618434
1.618375,0.0963905853957993
1.61898,0.0956805706965363
1.619585,0.0946345857790655
1.62019,0.094264624464321
1.620795,0.0945324858186411
1.6214,0.09437016777436
1.622005,0.0929404165235321
1.62261,0.0906092264359147
1.623215,0.0884536841586229
1.62382,0.0870400327285006
1.624425,0.0860772273681489
1.62503,0.085181920713346
1.625635,0.0844272813348072
1.62624,0.0839507309215331
1.626845,0.083488667389499
1.62745,0.0826578604412321
1.628055,0.0815263035295215
1.62866,0.0805825095714083
1.629265,0.0800620802411954
1.62987,0.0795007204153729
1.630475,0.078119544666105
1.63108,0.0756462918998883
1.631685,0.0727090119234547
1.63229,0.0703497701484104
1.632895,0.0691438223917662
1.6335,0.0688551676463849
1.634105,0.068818216743909
1.63471,0.0684608607398015
1.635315,0.067554401151812
1.63592,0.0662640035955482
1.636525,0.0651130405101618
1.63713,0.0646332213228913
1.637735,0.0647419678217078
1.63834,0.0646603603694826
1.638945,0.0636750528970615
1.63955,0.0617721551032359
1.640155,0.0594284469695528
1.64076,0.0570978613041788
1.641365,0.0551253196862746
1.64197,0.0538896217719313
1.642575,0.0535301218223004
1.64318,0.0534962478302324
1.643785,0.0528336377281443
1.64439,0.0511597284696558
1.644995,0.0491411913317177
1.6456,0.0477833329868625
1.646205,0.0473143618737106
1.64681,0.0469302097725315
1.647415,0.0456007214962641
1.64802,0.0430297181770306
1.648625,0.0398678899670995
1.64923,0.0370664577437651
1.649835,0.0351182397163902
1.65044,0.0339327835901964
1.651045,0.0331638126811601
1.65165,0.0324242111559328
1.652255,0.0313644533873493
1.65286,0.0298430607418227
1.653465,0.0280913031310266
1.65407,0.0265785858518417
1.654675,0.0255740247625704
1.65528,0.0248152789559953
1.655885,0.0236584291630864
1.65649,0.0216329363322393
1.657095,0.0189071762486318
1.6577,0.0161519092592784
1.658305,0.013906268880812
1.65891,0.012168120295873
1.659515,0.0105923109633343
1.66012,0.00889478912808321
1.660725,0.006992941989639
1.66133,0.00492380710916822
1.661935,0.00278668204004404
1.66254,0.000732277171203081
1.663145,-0.00111492206483468
1.66375,-0.00279520596291336
1.664355,-0.00458330815195153
1.66496,-0.00684539217842093
1.665565,-0.00969998379491148
1.66617,-0.0128156874424328
1.666775,-0.0156621384388561
1.66738,-0.0179824143036368
1.667985,-0.0199422953094166
1.66859,-0.0218370250589799
1.669195,-0.0237732279056584
1.6698,-0.025695888377077
1.670405,-0.0276223798682677
1.67101,-0.0296537362595389
1.671615,-0.0317087455568578
1.67222,-0.0334692695601473
1.672825,-0.0348109553559437
1.67343,-0.0361799323086255
1.674035,-0.0382469288279817
1.67464,-0.0411708669532426
1.675245,-0.0444505909910664
1.67585,-0.0474828835599024
1.676455,-0.0499983216185741
1.67706,-0.0520108020712002
1.677665,-0.0536855328838418
1.67827,-0.0553463743141431
1.678875,-0.0573779898254852
1.67948,-0.0598776906390485
1.680085,-0.0623984465451098
1.68069,-0.0642654909102554
1.681295,-0.0653346139287576
1.6819,-0.0663607318054133
1.682505,-0.068371823767088
1.68311,-0.071589674376594
1.683715,-0.0751645481007896
1.68432,-0.0780610282339483
1.684925,-0.0799848378547317
1.68553,-0.0813929219108495
1.686135,-0.0828943973610597
1.68674,-0.0848172262695454
1.687345,-0.0871646214338642
1.68795,-0.0896429312088103
1.688555,-0.091604965872401
1.68916,-0.0922790078235025
1.689765,-0.0915407173519423
1.69037,-0.0905796642377691
1.690975,-0.091335928814486
1.69158,-0.0947690726087696
1.692185,-0.0998112124151566
1.69279,-0.104362250555259
1.693395,-0.107147126819486
1.694,-0.108424031529103
1.694605,-0.109255855480871
1.69521,-0.110514952958183
1.695815,-0.112524680011272
1.69642,-0.115152442172128
1.697025,-0.117764163281329
1.69763,-0.119233067655516
1.698235,-0.118717781872841
1.69884,-0.116914935958405
1.699445,-0.116163785319345
1.70005,-0.118508773808832
1.700655,-0.123510891010486
1.70126,-0.128493151102833
1.701865,-0.131105157510683
1.70247,-0.131371244482917
1.703075,-0.131211948039272
1.70368,-0.132305438234717
1.704285,-0.134751984476264
1.70489,-0.137573398482202
1.705495,-0.139580498391737
1.7061,-0.139467930039255
1.706705,-0.136355139344993
1.70731,-0.131519058993674
1.707915,-0.128809177285262
1.70852,-0.131471556577665
1.709125,-0.138425941712247
1.70973,-0.145114319902072
1.710335,-0.148193523864432
1.71094,-0.148261796546585
1.711545,-0.147957018429816
1.71215,-0.148684220253873
1.712755,-0.149970461559382
1.71336,-0.151138079163358
1.713965,-0.152053548610186
1.71457,-0.152163235978464
1.715175,-0.150350900671645
1.71578,-0.146709564074106
1.716385,-0.14364383191459
1.71699,-0.143854177167391
1.717595,-0.147226791040156
1.7182,-0.150928264839403
1.718805,-0.152655961763794
1.71941,-0.152520327665079
1.720015,-0.151661759967909
1.72062,-0.150583094133192
1.721225,-0.149556546513537
1.72183,-0.149336350092187
1.722435,-0.149951471425736
1.72304,-0.149315086286072
1.723645,-0.144817334329857
1.72425,-0.136877361803642
1.724855,-0.129828033330201
1.72546,-0.128136684342481
1.726065,-0.131928027556793
1.72667,-0.137143525382842
1.727275,-0.139882111503493
1.72788,-0.139492984464729
1.728485,-0.137607413788209
1.72909,-0.135636095088204
1.729695,-0.13398028346221
1.7303,-0.13276491983384
1.730905,-0.131944108422857
1.73151,-0.130645456957581
1.732115,-0.127453936686309
1.73272,-0.121936460302634
1.733325,-0.115819533999507
1.73393,-0.112122571995135
1.734535,-0.112445428043921
1.73514,-0.115289505206818
1.735745,-0.117581158672661
1.73635,-0.117468438653307
1.736955,-0.115220874957164
1.73756,-0.112097093595468
1.738165,-0.109229017242679
1.73877,-0.107380953272154
1.739375,-0.106653793551104
1.73998,-0.105785331506408
1.740585,-0.102400462855465
1.74119,-0.0951858171905128
1.741795,-0.0862396789186522
1.7424,-0.080253018430967
1.743005,-0.0802301947398151
1.74361,-0.0843549843402383
1.744215,-0.0878689092160918
1.74482,-0.0876693995087836
1.745425,-0.0844345720830589
1.74603,-0.0807274554408391
1.746635,-0.0780861755130734
1.74724,-0.0762667789530387
1.747845,-0.0744593557660669
1.74845,-0.0721822790446018
1.749055,-0.0689705513061637
1.74966,-0.0642188826397642
1.750265,-0.0581871263509561
1.75087,-0.0527663490750097
1.751475,-0.0501325083907234
1.75208,-0.0504028679821437
1.752685,-0.0513717131202024
1.75329,-0.0507528197847061
1.753895,-0.0480715555072847
1.7545,-0.044321393367762
1.755105,-0.0405873913286889
1.75571,-0.0374214624846702
1.756315,-0.0349615345056507
1.75692,-0.0328486000622717
1.757525,-0.0299609521135148
1.75813,-0.0249680001730298
1.758735,-0.0178997650017705
1.75934,-0.0110370303899842
1.759945,-0.00732197739928977
1.76055,-0.00743809789617776
1.761155,-0.00902111018716261
1.76176,-0.00908530667022072
1.762365,-0.00668344882911285
1.76297,-0.00295857429403413
1.763575,0.000669890827062622
1.76418,0.00370271462743988
1.764785,0.00629225448118642
1.76539,0.00867006427546218
1.765995,0.0112019439392688
1.7666,0.0145050657958843
1.767205,0.018874607130416
1.76781,0.0235659162754473
1.768415,0.0271450894284768
1.76902,0.0288840708959847
1.769625,0.0295498512904787
1.77023,0.0305613254330922
1.770835,0.0326579507562193
1.77144,0.035585902183829
1.772045,0.0387056656779779
1.77265,0.0415437605226859
1.773255,0.0438850396740673
1.77386,0.0457534313444505
1.774465,0.0475641289982078
1.77507,0.0500922682190169
1.775675,0.0538282141914981
1.77628,0.0581592482884006
1.776885,0.0615149552763884
1.77749,0.0627769876378091
1.778095,0.0624672881059172
1.7787,0.0621936442971384
1.779305,0.0630546673487603
1.77991,0.0648956990627968
1.780515,0.0669212173888308
1.78112,0.0686006804173559
1.781725,0.0699085610075299
1.78233,0.071009152061025
1.782935,0.0720421457082238
1.78354,0.0731891263878155
1.784145,0.0746473089857403
1.78475,0.0763417174677201
1.785355,0.0777732328960373
1.78596,0.078444533950344
1.786565,0.0785079878646004
1.78717,0.0787115267551607
1.787775,0.0795711526688703
1.78838,0.080850693806402
1.788985,0.0820259173510877
1.78959,0.0830266098452314
1.790195,0.0842150784758138
1.7908,0.0857310795323396
1.791405,0.0872648361071662
1.79201,0.0885909173341299
1.792615,0.0899501822854774
1.79322,0.0915642829540041
1.793825,0.0929879311817044
1.79443,0.0934792359805975
1.795035,0.0930700908578007
1.79564,0.0927246977755779
1.796245,0.093213380781597
1.79685,0.0942741766975025
1.797455,0.0951384599725865
1.79806,0.0955183767319389
1.798665,0.095765373214518
1.79927,0.096271981476706
1.799875,0.0970753427109576
1.80048,0.0980163449818037
1.801085,0.0989296251965053
1.80169,0.0995554459831778
1.802295,0.0995883981157025
1.8029,0.0990339811267919
1.803505,0.0982730137926214
1.80411,0.0976126971309754
1.804715,0.0970674179639013
1.80532,0.0967071005917523
1.805925,0.0968418815628661
1.80653,0.0976081588556011
1.807135,0.0985806129130106
1.80774,0.0990834508325507
1.808345,0.0989268166146899
1.80895,0.0986570126645819
1.809555,0.0989538267904707
1.81016,0.0998170823783859
1.810765,0.10040189615828
1.81137,0.0998079088528014
1.811975,0.0981992360378804
1.81258,0.0968946175639947
1.813185,0.0969526649741158
1.81379,0.0978262234324341
1.814395,0.0979291232798311
1.815,0.0966353078012955
1.815605,0.0951921488822871
1.81621,0.0951764510086356
1.816815,0.0964286462113973
1.81742,0.0972868719231677
1.818025,0.0967277604719299
1.81863,0.0953907030184386
1.819235,0.0943251364042293
1.81984,0.0935282832950314
1.820445,0.092183950146215
1.82105,0.0899248148549756
1.821655,0.0874296751607654
1.82226,0.0858286264734973
1.822865,0.0856164661347215
1.82347,0.0861431143685936
1.824075,0.0862406632150793
1.82468,0.0853679255314983
1.825285,0.0840458360900956
1.82589,0.083191957840143
1.826495,0.0831756504490769
1.8271,0.0835210312443625
1.827705,0.0833536840438289
1.82831,0.0821229058602066
1.828915,0.0800624299314269
1.82952,0.0779377921587458
1.830125,0.0762547962395967
1.83073,0.0749086580895367
1.831335,0.073722177830642
1.83194,0.0729173363146663
1.832545,0.0726823628581449
1.83315,0.0725773596914152
1.833755,0.0718744094852902
1.83436,0.0704637490790534
1.834965,0.0690675971796248
1.83557,0.0684301490178342
1.836175,0.0683952091264649
1.83678,0.067865210751699
1.837385,0.0658013760247253
1.83799,0.0624184404133868
1.838595,0.0592297618489479
1.8392,0.0575810293201076
1.839805,0.0572595304025332
1.84041,0.0569451823941633
1.841015,0.0558972766232053
1.84162,0.0546503227976476
1.842225,0.0539866099429719
1.84283,0.0537944682775549
1.843435,0.0533376203770655
1.84404,0.0523293020128002
1.844645,0.0511835352481431
1.84525,0.0502030740288441
1.845855,0.0490202647256644
1.84646,0.0471106534251368
1.847065,0.0445838654801258
1.84767,0.0421467424470612
1.848275,0.0403879024435924
1.84888,0.039304308457701
1.849485,0.0384354247675427
1.85009,0.0373066185313466
1.850695,0.0357753934523305
1.8513,0.0340452403924472
1.851905,0.0324228222176495
1.85251,0.031055194838849
1.853115,0.0297780255285726
1.85372,0.0281636494935769
1.854325,0.0258350680559391
1.85493,0.0228594609546569
1.855535,0.0197892184470236
1.85614,0.0171910573538053
1.856745,0.0151690579102557
1.85735,0.0134365054786564
1.857955,0.0117377051490588
1.85856,0.010049469937876
1.859165,0.00842934652919055
1.85977,0.0068414511386251
1.860375,0.0052274038317509
1.86098,0.00365039875149363
1.861585,0.00219125209160766
1.86219,0.000697139019087153
1.862795,-0.00119648073577204
1.8634,-0.00366139990399247
1.864005,-0.00637230338480722
1.86461,-0.00881372439250956
1.865215,-0.0108783794613991
1.86582,-0.0129259293727012
1.866425,-0.0152250931737105
1.86703,-0.0175721326969749
1.867635,-0.0195852678104961
1.86824,-0.021248464124212
1.868845,-0.0229677830051441
1.86945,-0.0250832205428121
1.870055,-0.0275060008252732
1.87066,-0.0299186355796094
1.871265,-0.0321966792719283
1.87187,-0.0344808528962292
1.872475,-0.0368838695946736
1.87308,-0.0393226556498832
1.873685,-0.0416678391074293
1.87429,-0.0438692362970033
1.874895,-0.0458764766152266
1.8755,-0.0476209715210697
1.876105,-0.0492068280635546
1.87671,-0.0509914682076662
1.877315,-0.0532387093434438
1.87792,-0.0556463188896355
1.878525,-0.0574433855638285
1.87913,-0.0582091992087457
1.879735,-0.0585858505204404
1.88034,-0.0598800250477253
1.880945,-0.0627572913604263
1.88155,-0.0665355269262672
1.882155,-0.0699627399957728
1.88276,-0.0724542788117725
1.883365,-0.0743555354122176
1.88397,-0.0762465151536806
1.884575,-0.0783385256379353
1.88518,-0.0805409130105999
1.885785,-0.0827659938938678
1.88639,-0.084879018129097
1.886995,-0.0865379549813127
1.8876,-0.0875223698303904
1.888205,-0.088276284615676
1.88881,-0.0897480562606272
1.889415,-0.0924493417329706
1.89002,-0.0958701794099875
1.890625,-0.0990394430641274
1.89123,-0.101460141128726
1.891835,-0.103268109265266
1.89244,-0.104732140084907
1.893045,-0.106026192556456
1.89365,-0.107482214376883
1.894255,-0.109530590751556
1.89486,-0.111905430975501
1.895465,-0.113195085963539
1.89607,-0.112067702461498
1.896675,-0.109319489312229
1.89728,-0.107970963050667
1.897885,-0.110451182939751
1.89849,-0.115971572489483
1.899095,-0.121500382512144
1.8997,-0.125026132554297
1.900305,-0.126943043161781
1.90091,-0.128472100390466
1.901515,-0.129931206688795
1.90212,-0.131077165989295
1.902725,-0.13229242178114
1.90333,-0.134184955429009
1.903935,-0.136025060182721
1.90454,-0.135953745678411
1.905145,-0.133554173346888
1.90575,-0.131303292887015
1.906355,-0.132242431457026
1.90696,-0.13653222834725
1.907565,-0.141471962131405
1.90817,-0.144677042141517
1.908775,-0.145987122514296
1.90938,-0.146415403700253
1.909985,-0.146664547621743
1.91059,-0.14715075749588
1.911195,-0.148416413480002
1.9118,-0.15032395460706
1.912405,-0.151065793476518
1.91301,-0.148402862071777
1.913615,-0.142611800605036
1.91422,-0.137414631399195
1.914825,-0.136942509513301
1.91543,-0.141745452915654
1.916035,-0.14843526773241
1.91664,-0.153121967107128
1.917245,-0.154388322438422
1.91785,-0.153254492632629
1.918455,-0.151590500240914
1.91906,-0.150857918843085
1.919665,-0.151467082210251
1.92027,-0.152584373656109
1.920875,-0.152547094325619
1.92148,-0.149942097474743
1.922085,-0.144851018465686
1.92269,-0.13937651466711
1.923295,-0.136564243458992
1.9239,-0.137920139330706
1.924505,-0.141831453543692
1.92511,-0.144940602118673
1.925715,-0.145062879884674
1.92632,-0.142578864207991
1.926925,-0.139408934849262
1.92753,-0.137194903380978
1.928135,-0.136421594372274
1.92874,-0.136457883390236
1.929345,-0.135703171978752
1.92995,-0.132145794709432
1.930555,-0.125029999690414
1.93116,-0.116650277868966
1.931765,-0.111615949929012
1.93237,-0.112774872482836
1.932975,-0.11799766628251
1.93358,-0.122299661990101
1.934185,-0.122807657927703
1.93479,-0.120530258330908
1.935395,-0.117904151839334
1.936,-0.116083032831122
1.936605,-0.114799936152974
1.93721,-0.113664084434507
1.937815,-0.112415787183544
1.93842,-0.110139005358077
1.939025,-0.105609208602798
1.93963,-0.0992549950656689
1.940235,-0.0939439080408081
1.94084,-0.0924683056666694
1.941445,-0.0944187736125742
1.94205,-0.0966102867167211
1.942655,-0.0963921874109426
1.94326,-0.0936632433597224
1.943865,-0.0899426501303701
1.94447,-0.0865512941272383
1.945075,-0.0840182972408865
1.94568,-0.0823462056365095
1.946285,-0.0808240828933731
1.94689,-0.0777944302391688
1.947495,-0.0717458942420166
1.9481,-0.0633472924177943
1.948705,-0.0559368290414634
1.94931,-0.0528988611637066
1.949915,-0.0543334610387643
1.95052,-0.0570410848323659
1.951125,-0.0577571025916559
1.95173,-0.0556800702526606
1.952335,-0.052074791030424
1.95294,-0.0484261997294695
1.953545,-0.0453645115716147
1.95415,-0.042829862066512
1.954755,-0.0404863378223606
1.95536,-0.0377065255170298
1.955965,-0.0336506249269446
1.95657,-0.0281039055226824
1.957175,-0.0223286666038779
1.95778,-0.0183645972177862
1.958385,-0.017009307521653
1.95899,-0.016894497458067
1.959595,-0.0159182813161475
1.9602,-0.0132538486229905
1.960805,-0.00966358884958232
1.96141,-0.00622934793259111
1.962015,-0.00332207641830278
1.96262,-0.000727730637655114
1.963225,0.00185873053777827
1.96383,0.00481943013822608
1.964435,0.00872799991875705
1.96504,0.0138417783898889
1.965645,0.0192947181394982
1.96625,0.0233389509791164
1.966855,0.0249718478527254
1.96746,0.025096667090854
1.968065,0.0255611970131663
1.96867,0.0272782402509588
1.969275,0.0297748325414698
1.96988,0.0323168336539031
1.970485,0.0348170132580512
1.97109,0.0375059923239423
1.971695,0.0401988613052722
1.9723,0.0424287510904598
1.972905,0.044285044507165
1.97351,0.0465632176832193
1.974115,0.0497512706137023
1.97472,0.0531796296075236
1.975325,0.0556144451729984
1.97593,0.0566224072524917
1.976535,0.0569878553841418
1.97714,0.057805965951774
1.977745,0.0594913792984128
1.97835,0.0616774042805077
1.978955,0.0637558163126309
1.97956,0.0653530465666007
1.980165,0.066480681926604
1.98077,0.0675172809779446
1.981375,0.069039744054282
1.98198,0.0713772225851463
1.982585,0.074139940944478
1.98319,0.0763109110445574
1.983795,0.0770829921321232
1.9844,0.0767047612000497
1.985005,0.0763127654458282
1.98561,0.0768390830427081
1.986215,0.078252579011341
1.98682,0.0798794123438313
1.987425,0.0811829345989091
1.98803,0.0820681030954883
1.988635,0.0826459375284463
1.98924,0.0830987812075526
1.989845,0.0838336577381284
1.99045,0.0853128825861164
1.991055,0.0873694448654571
1.99166,0.0889481245448758
1.992265,0.0890439807759987
1.99287,0.0879624614656215
1.993475,0.0872156839525985
1.99408,0.0879442393331233
1.994685,0.089741759200743
1.99529,0.0912763232730255
1.995895,0.0918208177157774
1.9965,0.091835921496753
1.997105,0.092169574711035
1.99771,0.0931406504747151
1.998315,0.0945230962866437
1.99892,0.0960069333229739
1.999525,0.0973495723765366
2.00013,0.0982569192666424
2.000735,0.0984847003645525
2.00134,0.0981590073051134
2.001945,0.0977972859967157
2.00255,0.0978831576109275
2.003155,0.0984868030095813
2.00376,0.09928429083186
2.004365,0.099852041923983
2.00497,0.0999731773444116
2.005575,0.0997638152873592
2.00618,0.0995990399023724
2.006785,0.0998820389698531
2.00739,0.10068146568866
2.007995,0.101530766283643
2.0086,0.101727698745636
2.009205,0.100935825827587
2.00981,0.099526244183759
2.010415,0.0982418207967356
2.01102,0.0974275150499403
2.011625,0.0968522979342673
2.01223,0.0964820495393868
2.012835,0.0968565645883832
2.01344,0.0980908194940715
2.014045,0.0989994729939001
2.01465,0.0982610515814186
2.015255,0.0964405131069417
2.01586,0.0957112308209901
2.016465,0.0971097297168862
2.01707,0.0989956097028127
2.017675,0.0989061337437432
2.01828,0.0963615722315596
2.018885,0.0931979634095175
2.01949,0.0914397076503618
2.020095,0.0914454653986205
2.0207,0.0920396238437999
2.021305,0.0918996262235286
2.02191,0.0907111649430565
2.022515,0.0892435933303221
2.02312,0.0883845530433533
2.023725,0.0881905856460731
2.02433,0.0880430340293197
2.024935,0.0874944182826137
2.02554,0.0865221476529234
2.026145,0.0850510257150929
2.02675,0.082817599756711
2.027355,0.0799391819098396
2.02796,0.0772189952878672
2.028565,0.0755628342516931
2.02917,0.0751598204537334
2.029775,0.0752907166076487
2.03038,0.0749515335540591
2.030985,0.0737917704069767
2.03159,0.0724462789000601
2.032195,0.0718006739237883
2.0328,0.0719608367828716
2.033405,0.0721531945622488
2.03401,0.0716172643682863
2.034615,0.0702887115066411
2.03522,0.0685908070346073
2.035825,0.0669231806833245
2.03643,0.065406158095317
2.037035,0.0638639970992603
2.03764,0.0621157255780561
2.038245,0.0604340418531974
2.03885,0.0594415025531211
2.039455,0.0592679387245676
2.04006,0.0591048949836838
2.040665,0.0580620342134983
2.04127,0.0563367653687027
2.041875,0.055015067410204
2.04248,0.0546283609669827
2.043085,0.0543286954537451
2.04369,0.0527730142976487
2.044295,0.0496526775815848
2.0449,0.0460659567605475
2.045505,0.0434086667777563
2.04611,0.0421258963638765
2.046715,0.0415702665370241
2.04732,0.040855202586579
2.047925,0.0396624191431527
2.04853,0.0382613388277873
2.049135,0.0369842414199801
2.04974,0.0359049739903999
2.050345,0.0349985432629091
2.05095,0.0343143565488047
2.051555,0.0337241460698402
2.05216,0.0326597675247234
2.052765,0.0305386121814491
2.05337,0.0275080589210839
2.053975,0.0244139747389028
2.05458,0.0219528255057251
2.055185,0.020131852707145
2.05579,0.0185640387348356
2.056395,0.0169553135312138
2.057,0.0151965046750857
2.057605,0.0132490039722971
2.05821,0.0111929524172278
2.058815,0.00931106063521345
2.05942,0.00783349187015326
2.060025,0.00649727343862249
2.06063,0.00457947884652358
2.061235,0.00159691800462754
2.06184,-0.00205223697305488
2.062445,-0.0053387036563829
2.06305,-0.00757503775779479
2.063655,-0.00900612310874338
2.06426,-0.0103784393360958
2.064865,-0.0121263179412561
2.06547,-0.0141297375399197
2.066075,-0.0161143409127236
2.06668,-0.0180081227598702
2.067285,-0.0198325327883634
2.06789,-0.0214765818953101
2.068495,-0.022832102306699
2.0691,-0.0241149367146613
2.069705,-0.0258059799803833
2.07031,-0.0281626235474607
2.070915,-0.0309554885928048
2.07152,-0.0337911314323722
2.072125,-0.0364646508027985
2.07273,-0.038868525405137
2.073335,-0.0408585117403849
2.07394,-0.0424636045928055
2.074545,-0.0440702977184457
2.07515,-0.046122053688403
2.075755,-0.0485812707821222
2.07636,-0.0508622333995961
2.076965,-0.0524622023939006
2.07757,-0.0536301514502245
2.078175,-0.0552356194824958
2.07878,-0.0578560633122547
2.079385,-0.061114100587706
2.07999,-0.0640943215747101
2.080595,-0.0662981454069701
2.0812,-0.0679916401721509
2.081805,-0.0697336307242868
2.08241,-0.0718144465622454
2.083015,-0.0741831520179152
2.08362,-0.0766624680674006
2.084225,-0.0789372195408405
2.08483,-0.0804310827699447
2.085435,-0.0806993734997347
2.08604,-0.0802400236259774
2.086645,-0.0805669112597418
2.08725,-0.0829251758390023
2.087855,-0.0869764656620816
2.08846,-0.0911721782863841
2.089065,-0.0943011825409012
2.08967,-0.0963082630036189
2.090275,-0.0978630669833204
2.09088,-0.0996089151419959
2.091485,-0.101806453955081
2.09209,-0.104348807227566
2.092695,-0.106816278822871
2.0933,-0.108547557135263
2.093905,-0.109069547629325
2.09451,-0.108779427311741
2.095115,-0.109029618132105
2.09572,-0.111079583279796
2.096325,-0.114823782815936
2.09693,-0.118849630535689
2.097535,-0.121789222459752
2.09814,-0.123303484727585
2.098745,-0.123885996396598
2.09935,-0.124294650072421
2.099955,-0.125332795993716
2.10056,-0.127588202742575
2.101165,-0.130630476242976
2.10177,-0.132543288509275
2.102375,-0.131296587104537
2.10298,-0.127296138720996
2.103585,-0.123974948485775
2.10419,-0.124848669779585
2.104795,-0.130028224588813
2.1054,-0.136367601928512
2.106005,-0.140794642181885
2.10661,-0.142573782426926
2.107215,-0.142717301555994
2.10782,-0.142587116729696
2.108425,-0.143251417027231
2.10903,-0.145132465453568
2.109635,-0.147591948645139
2.11024,-0.149041270235237
2.110845,-0.148037907822608
2.11145,-0.144752927720862
2.112055,-0.141360774113997
2.11266,-0.140576016751412
2.113265,-0.143400274203285
2.11387,-0.14821082144047
2.114475,-0.152178406476107
2.11508,-0.153601068161989
2.115685,-0.152935990941398
2.11629,-0.151902902913422
2.116895,-0.151804668037709
2.1175,-0.152623108025209
2.118105,-0.153417111035198
2.11871,-0.153039816392961
2.119315,-0.150397896239737
2.11992,-0.145073291139069
2.120525,-0.138671810194531
2.12113,-0.134822303011299
2.121735,-0.136219947803311
2.12234,-0.141536291248517
2.122945,-0.146473509672496
2.12355,-0.147999519080715
2.124155,-0.146609633234131
2.12476,-0.144597259118153
2.125365,-0.143294123556833
2.12597,-0.142475975846803
2.126575,-0.141642899648747
2.12718,-0.140610441817248
2.127785,-0.138726190647017
2.12839,-0.134851293202369
2.128995,-0.129114220210992
2.1296,-0.124030844862018
2.130205,-0.122517874423473
2.13081,-0.124646102435143
2.131415,-0.127500435452014
2.13202,-0.128356016262164
2.132625,-0.126824813347031
2.13323,-0.12401308400846
2.133835,-0.121028763250904
2.13444,-0.118685293318636
2.135045,-0.117558739097326
2.13565,-0.117226676660889
2.136255,-0.115582033855523
2.13686,-0.11022249299621
2.137465,-0.10152032434979
2.13807,-0.0936902081239389
2.138675,-0.0913309493826507
2.13928,-0.0946736734445233
2.139885,-0.0993675429893646
2.14049,-0.101053160536546
2.141095,-0.0990160832815905
2.1417,-0.095405307850371
2.142305,-0.0922733439503465
2.14291,-0.0900929449093299
2.143515,-0.0884197665472545
2.14412,-0.0867397537581149
2.144725,-0.0843381743242371
2.14533,-0.0802460604657072
2.145935,-0.0742491586085612
2.14654,-0.0679398409116272
2.147145,-0.0639314468770073
2.14775,-0.0633940502109513
2.148355,-0.0647430442547825
2.14896,-0.0651991399908582
2.149565,-0.0632780158711364
2.15017,-0.0595650564842718
2.150775,-0.0555895783648181
2.15138,-0.0524189186755563
2.151985,-0.0502280443529109
2.15259,-0.0485512721179234
2.153195,-0.0463283171886304
2.1538,-0.0420576219323173
2.154405,-0.0350579301401839
2.15501,-0.0270700418108576
2.155615,-0.021628301537738
2.15622,-0.0207990782485457
2.156825,-0.0229683975979685
2.15743,-0.0245734048660121
2.158035,-0.0235237893457014
2.15864,-0.0203679535006315
2.159245,-0.0167395050515191
2.15985,-0.0135765061862559
2.160455,-0.0108637899293385
2.16106,-0.00832317632414281
2.161665,-0.00570774404648653
2.16227,-0.00256506549016953
2.162875,0.00162462893948028
2.16348,0.00664155355771899
2.164085,0.0111472150151969
2.16469,0.0137654444651255
2.165295,0.0145960791944981
2.1659,0.0151472736705425
2.166505,0.0167569919221289
2.16711,0.019545405958593
2.167715,0.0228557973991879
2.16832,0.0261199088140122
2.168925,0.0290595156069798
2.16953,0.0315058621982818
2.170135,0.0335775527479783
2.17074,0.0360056657874498
2.171345,0.0397162779852775
2.17195,0.0446657042723812
2.172555,0.0493351046439576
2.17316,0.0519756305928575
2.173765,0.0524359221481555
2.17437,0.0523043606588892
2.174975,0.0531896191985691
2.17558,0.0552910778963034
2.176185,0.0576875025325756
2.17679,0.0595641937741801
2.177395,0.0609070606133262
2.178,0.0621915858358697
2.178605,0.0637432266579721
2.17921,0.0655467020870327
2.179815,0.0674774742036176
2.18042,0.0694291407263434
2.181025,0.0711711410553861
2.18163,0.0723308469751018
2.182235,0.0727645735245912
2.18284,0.0728547301351221
2.183445,0.073205164652375
2.18405,0.0740882227398361
2.184655,0.0753440309406034
2.18526,0.0767283299741603
2.185865,0.0781570988784119
2.18647,0.0796007468212251
2.187075,0.0809404347958604
2.18768,0.082080518418763
2.188285,0.0831319245914216
2.18889,0.0843508012992114
2.189495,0.0858328193906175
2.1901,0.0872785125271708
2.190705,0.0881862911030015
2.19131,0.0883725325152907
2.191915,0.0882210018469425
2.19252,0.0883475318256387
2.193125,0.0890452289854036
2.19373,0.0900723318518707
2.194335,0.0909821520938177
2.19494,0.0916121609599735
2.195545,0.0921559152023269
2.19615,0.092816149892975
2.196755,0.0935856000575705
2.19736,0.0943719086658586
2.197965,0.0950963927867824
2.19857,0.0955797110077346
2.199175,0.0955683604052284
2.19978,0.0950686009407861
2.200385,0.0945406979345749
2.20099,0.0945668804687388
2.201595,0.0953036466301294
2.2022,0.0963907162575801
2.202805,0.097422106177591
2.20341,0.0982919918537689
2.204015,0.099027978980327
2.20462,0.0996092169267448
2.205225,0.100094152132358
2.20583,0.100655387296885
2.206435,0.10129819714706
2.20704,0.101691818075323
2.207645,0.101496415352144
2.20825,0.100830789604772
2.208855,0.100222132677381
2.20946,0.100092925662518
2.210065,0.100400759739444
2.21067,0.100703289586418
2.211275,0.100581957469925
2.21188,0.100170675970154
2.212485,0.100137360882131
2.21309,0.100823343271147
2.213695,0.101528437084782
2.2143,0.101158145078386
2.214905,0.0996398880924717
2.21551,0.0980852921673432
2.216115,0.0972915900177504
2.21672,0.0967365816357178
2.217325,0.0955031207163796
2.21793,0.0936524765798871
2.218535,0.0921124159893937
2.21914,0.0914966082600232
2.219745,0.0915693114922249
2.22035,0.0917309877866778
2.220955,0.091532970151126
2.22156,0.0908344959349362
2.222165,0.0899508802854547
2.22277,0.0895089986743328
2.223375,0.0896463109608
2.22398,0.0894830035382762
2.224585,0.087954697084389
2.22519,0.0851758905588137
2.225795,0.0824532987163197
2.2264,0.0808499905659896
2.227005,0.0801828300184301
2.22761,0.0795774105906917
2.228215,0.0786197032184527
2.22882,0.0776181682477354
2.229425,0.0768404168069977
2.23003,0.0759762730026573
2.230635,0.0746799166848109
2.23124,0.0733299085301117
2.231845,0.0726463170307608
2.23245,0.0724555034149755
2.233055,0.0714430757644984
2.23366,0.0686468300011474
2.234265,0.0648559968394523
2.23487,0.0619601020168686
2.235475,0.0610489027314749
2.23608,0.061531332903741
2.236685,0.0619528866535696
2.23729,0.0613222607962177
2.237895,0.0597497617678383
2.2385,0.0581621064748782
2.239105,0.0574480150376998
2.23971,0.0576739159612578
2.240315,0.058061141904794
2.24092,0.057724819917474
2.241525,0.0563778256217511
2.24213,0.0543894009825517
2.242735,0.0523482813733883
2.24334,0.0506452956860404
2.243945,0.0493597252955098
2.24455,0.0483652551977469
2.245155,0.0474820931052798
2.24576,0.0465419009059565
2.246365,0.0453553575941883
2.24697,0.0438096046917716
2.247575,0.0421305671472297
2.24818,0.0408499068781628
2.248785,0.0402146805038111
2.24939,0.0396279257283128
2.249995,0.0380135803157636
2.2506,0.0349986476750781
2.251205,0.031512971220688
2.25181,0.0288715575930574
2.252415,0.0273880760200095
2.25302,0.026224164837956
2.253625,0.0245147449278144
2.25423,0.0222653223070014
2.254835,0.0200824704916505
2.25544,0.0183438316702814
2.256045,0.0168679090273875
2.25665,0.0153046422051561
2.257255,0.0135931142187974
2.25786,0.0118880996502371
2.258465,0.0101607629178442
2.25907,0.00812231014662991
2.259675,0.00560255973409408
2.26028,0.00282935676724488
2.260885,0.000197211416451232
2.26149,-0.00213651930882854
2.262095,-0.00427931395275012
2.2627,-0.00633115864897342
2.263305,-0.0082679705819831
2.26391,-0.0100664367001147
2.264515,-0.011806119984959
2.26512,-0.0136075023977938
2.265725,-0.015526604961665
2.26633,-0.0175709688818044
2.266935,-0.0198030380732878
2.26754,-0.022331341164182
2.268145,-0.0251173067899438
2.26875,-0.0278528693747999
2.269355,-0.0301887696170306
2.26996,-0.0320979551113447
2.270565,-0.0338907506878115
2.27117,-0.0358597563160046
2.271775,-0.0379995633969108
2.27238,-0.0401111499444331
2.272985,-0.0421080022198437
2.27359,-0.0440530071290339
2.274195,-0.0458527486043823
2.2748,-0.0471799634543171
2.275405,-0.0479665973587243
2.27601,-0.0488283704567928
2.276615,-0.0506067053767941
2.27722,-0.0534452068543552
2.277825,-0.0566507219668307
2.27843,-0.0594915503394913
2.279035,-0.0617961686836647
2.27964,-0.0637746303469012
2.280245,-0.0656283658083954
2.28085,-0.0674821760932038
2.281455,-0.0694881272561374
2.28206,-0.0717238693850318
2.282665,-0.0739343680650084
2.28327,-0.0755970654630948
2.283875,-0.0765034661281915
2.28448,-0.0772733770089451
2.285085,-0.0789734437085119
2.28569,-0.0819962629382365
2.286295,-0.0855455327284003
2.2869,-0.0884721726196175
2.287505,-0.0903962376335791
2.28811,-0.0917791774428943
2.288715,-0.0931770249683127
2.28932,-0.094866743784884
2.289925,-0.0970830146564932
2.29053,-0.0998875755276315
2.291135,-0.102457044027871
2.29174,-0.103210331336563
2.292345,-0.101549903335444
2.29295,-0.0993703006129906
2.293555,-0.0998617290379054
2.29416,-0.104320500771715
2.294765,-0.110715869830389
2.29537,-0.115830398917494
2.295975,-0.11829768154076
2.29658,-0.119216905219323
2.297185,-0.120367587622215
2.29779,-0.12242099759731
2.298395,-0.124813279281397
2.299,-0.126774541802715
2.299605,-0.127974487630809
2.30021,-0.12831239210656
2.300815,-0.127764872702774
2.30142,-0.12687900555591
2.302025,-0.12701552517
2.30263,-0.129322452222517
2.303235,-0.13337397442635
2.30384,-0.137366765184314
2.304445,-0.139815274114622
2.30505,-0.140761040561745
2.305655,-0.141256385846533
2.30626,-0.142017351959822
2.306865,-0.143017391882077
2.30747,-0.144140577949069
2.308075,-0.145175997738983
2.30868,-0.144959018567606
2.309285,-0.141988869855224
2.30989,-0.136983062221381
2.310495,-0.133738744498802
2.3111,-0.13577926666421
2.311705,-0.142315436270638
2.31231,-0.148883433186306
2.312915,-0.151961827431566
2.31352,-0.151765861523168
2.314125,-0.150625804813377
2.31473,-0.15017106885726
2.315335,-0.150709535703562
2.31594,-0.152090628711274
2.316545,-0.153645739467277
2.31715,-0.153537942475134
2.317755,-0.149990510441991
2.31836,-0.144032558325841
2.318965,-0.139752075280054
2.31957,-0.140404859112968
2.320175,-0.144797534394808
2.32078,-0.148771651235458
2.321385,-0.149750463136904
2.32199,-0.14845081097668
2.322595,-0.146666091556911
2.3232,-0.145174828563048
2.323805,-0.144095657048665
2.32441,-0.143762244296919
2.325015,-0.143924723648769
2.32562,-0.142575969770703
2.326225,-0.137357106130423
2.32683,-0.128953027452278
2.327435,-0.121958953399851
2.32804,-0.120909776540508
2.328645,-0.125538129721155
2.32925,-0.131107053779147
2.329855,-0.13335251241897
2.33046,-0.131893664467181
2.331065,-0.129056903636733
2.33167,-0.126917020339332
2.332275,-0.125868853327044
2.33288,-0.125206959549073
2.333485,-0.124187003825205
2.33409,-0.122176598466998
2.334695,-0.118460512728737
2.3353,-0.112997480141732
2.335905,-0.1074132885186
2.33651,-0.104205223779047
2.337115,-0.104344379469892
2.33772,-0.106209121097391
2.338325,-0.107303877775737
2.33893,-0.106473357674194
2.339535,-0.104188058672353
2.34014,-0.101377779296635
2.340745,-0.0986293066470588
2.34135,-0.0963433524104757
2.341955,-0.0947296917796039
2.34256,-0.0929590720633439
2.343165,-0.0890208302628033
2.34377,-0.0817395412562515
2.344375,-0.0731369229759842
2.34498,-0.067583975322806
2.345585,-0.06758549067955
2.34619,-0.0710031658007853
2.346795,-0.0733437487609301
2.3474,-0.0721727702556111
2.348005,-0.0685086790306359
2.34861,-0.0646125874297101
2.349215,-0.0615643921785469
2.34982,-0.0590930588997048
2.350425,-0.0567485531313245
2.35103,-0.0542300691971797
2.351635,-0.0508408334435487
2.35224,-0.0457946217319559
2.352845,-0.0395633578591249
2.35345,-0.0342145882709699
2.354055,-0.0315806199686986
2.35466,-0.0312956613940195
2.355265,-0.0312585760303352
2.35587,-0.0297999390590473
2.356475,-0.026863226641198
2.35708,-0.0233318947957613
2.357685,-0.0199024083110383
2.35829,-0.0168268328757487
2.358895,-0.0142131668661285
2.3595,-0.0118722557941596
2.360105,-0.00888967694832975
2.36071,-0.00410376144933538
2.361315,0.00237114227936421
2.36192,0.00837164384669542
2.362525,0.0113440982902412
2.36313,0.0110258135386768
2.363735,0.00979261102059788
2.36434,0.0101784390430214
2.364945,0.012692982221958
2.36555,0.0161242402235928
2.366155,0.0191970125849036
2.36676,0.0215144537967869
2.367365,0.0233251296713217
2.36797,0.0250531631066301
2.368575,0.0272036737438426
2.36918,0.0302675204390135
2.369785,0.0342389248488436
2.37039,0.038241059697003
2.370995,0.041067974060953
2.3716,0.0423720781360221
2.372205,0.0430810198068944
2.37281,0.0444062308595946
2.373415,0.0466508587293649
2.37402,0.0492051684811352
2.374625,0.0514728082446724
2.37523,0.0534152180067241
2.375835,0.0552164390044186
2.37644,0.0568905854916866
2.377045,0.0585232032412936
2.37765,0.0605966535165614
2.378255,0.0635591948469716
2.37886,0.0669796035540868
2.379465,0.0695680231231474
2.38007,0.0704391858974917
2.380675,0.070159786432402
2.38128,0.0701466003001284
2.381885,0.0711652888291059
2.38249,0.072781602546913
2.383095,0.0741739359361366
2.3837,0.0750912706556767
2.384305,0.0759096790053416
2.38491,0.0770241080268075
2.385515,0.0784875902878226
2.38612,0.0801848261322977
2.386725,0.0819994930497277
2.38733,0.0836357093846365
2.387935,0.0845354288510342
2.38854,0.0843723986953497
2.389145,0.0836543476784217
2.38975,0.0834689419076901
2.390355,0.0844444715385293
2.39096,0.0861637399986074
2.391565,0.0877417824972956
2.39217,0.0887886179251253
2.392775,0.0895872775369319
2.39338,0.090470407405176
2.393985,0.091431419726886
2.39459,0.0924622672366778
2.395195,0.0938328545574501
2.3958,0.0955936624505571
2.396405,0.0970273553980011
2.39701,0.0972099235625884
2.397615,0.0961984371914601
2.39822,0.095155940565607
2.398825,0.0951231808819352
2.39943,0.09604211831872
2.400035,0.0971395346797699
2.40064,0.097884229569233
2.401245,0.098269275902262
2.40185,0.0984533842298321
2.402455,0.0985960409100022
2.40306,0.0989579519276563
2.403665,0.0996953913487489
2.40427,0.100453336051704
2.404875,0.100477417728866
2.40548,0.0993619091232153
2.406085,0.0976121717645562
2.40669,0.0962593352035243
2.407295,0.0959167917068524
2.4079,0.0963861592409858
2.408505,0.0971157627756364
2.40911,0.0977634102531075
2.409715,0.0982285758363301
2.41032,0.0983496013891909
2.410925,0.0979687170586774
2.41153,0.0974918695828604
2.412135,0.0978945505505897
2.41274,0.0994793250218078
2.413345,0.10082557582656
2.41395,0.0999459159245678
2.414555,0.0968236639716685
2.41516,0.0939275769467973
2.415765,0.0935119638077213
2.41637,0.0950786221328227
2.416975,0.0963054009466826
2.41758,0.0958949165601585
2.418185,0.0945717111511666
2.41879,0.0935968941985936
2.419395,0.0933237599366058
2.42,0.0933699899725324
2.420605,0.0933852440948554
2.42121,0.0931809719390569
2.421815,0.0925353374740131
2.42242,0.0912520887123973
2.423025,0.0893094701502543
2.42363,0.0869317505030614
2.424235,0.0846321690649731
2.42484,0.0830525434593406
2.425445,0.0824863140351055
2.42605,0.0825128658500158
2.426655,0.0822799774482502
2.42726,0.0812524757492257
2.427865,0.0796930069831011
2.42847,0.0784306160544616
2.429075,0.0780511161989836
2.42968,0.078191186313434
2.430285,0.077781372747833
2.43089,0.0761512633491483
2.431495,0.0737421733250973
2.4321,0.0715307254399468
2.432705,0.0699266836755926
2.43331,0.0686074283077855
2.433915,0.0673205903399929
2.43452,0.0662979976034459
2.435125,0.0657590768251008
2.43573,0.0653842003280076
2.436335,0.0645039217769065
2.43694,0.0628292820724742
2.437545,0.0609450515034873
2.43815,0.0598128982100407
2.438755,0.0595434673202828
2.43936,0.0589131364932528
2.439965,0.056595570511999
2.44057,0.052834966578959
2.441175,0.0493713309041171
2.44178,0.0476076971311905
2.442385,0.0472943977487254
2.44299,0.0471490441443543
2.443595,0.0463323876995129
2.4442,0.0450048217299
2.444805,0.0437317196861908
2.44541,0.0428133644917585
2.446015,0.0422022401718746
2.44662,0.0417232928329221
2.447225,0.0411593302860287
2.44783,0.0402050103249109
2.448435,0.0385818587680166
2.44904,0.036325519986094
2.449645,0.0338581865686665
2.45025,0.0316855764273824
2.450855,0.0300335362584479
2.45146,0.0287449665667547
2.452065,0.0274679284337896
2.45267,0.0259464986041468
2.453275,0.0241743757794774
2.45388,0.0223330093023024
2.454485,0.0206267962620665
2.45509,0.019130578312238
2.455695,0.0176939410974868
2.4563,0.0159734143958825
2.456905,0.0136701357226765
2.45751,0.0108393011980917
2.458115,0.00791377537293034
2.45872,0.00532325168823751
2.459325,0.00314172163785668
2.45993,0.00120135725463914
2.460535,-0.000571307363989679
2.46114,-0.0021433107855051
2.461745,-0.00364577480676399
2.46235,-0.00538367059267604
2.462955,-0.00743889776946695
2.46356,-0.00941731491730878
2.464165,-0.0108430732682693
2.46477,-0.0118477720183003
2.465375,-0.0132270409551755
2.46598,-0.0156147587947518
2.466585,-0.0187582158814076
2.46719,-0.0218378488128426
2.467795,-0.0243404550833837
2.4684,-0.0263511584125548
2.469005,-0.0281607193248657
2.46961,-0.0299491596173768
2.470215,-0.0318643464262345
2.47082,-0.0341050216580772
2.471425,-0.0366762567635865
2.47203,-0.0391369560966113
2.472635,-0.0409123838338234
2.47324,-0.0420147474651685
2.473845,-0.0432619194406319
2.47445,-0.0455401126581835
2.475055,-0.0488649840667966
2.47566,-0.0523467577258551
2.476265,-0.0550744945631282
2.47687,-0.0568584173566427
2.477475,-0.0581561087243208
2.47808,-0.0595593441021129
2.478685,-0.0614502769781065
2.47929,-0.063915314413583
2.479895,-0.0666682946941169
2.4805,-0.0689976954534565
2.481105,-0.0701218753692279
2.48171,-0.0700149879065493
2.482315,-0.069886634917242
2.48292,-0.0713637802297272
2.483525,-0.0748889846063674
2.48413,-0.0792369439522676
2.484735,-0.0828375894698227
2.48534,-0.0851992967541998
2.485945,-0.0868660716010878
2.48655,-0.0884855368389635
2.487155,-0.0903111292630249
2.48776,-0.0923674461339747
2.488365,-0.0945985027014863
2.48897,-0.0966913999251251
2.489575,-0.0980904733070763
2.49018,-0.0985782250305459
2.490785,-0.0988414285971817
2.49139,-0.100099265885159
2.491995,-0.102904169575464
2.4926,-0.106530462747102
2.493205,-0.109788470828743
2.49381,-0.112129107724941
2.494415,-0.113724464665467
2.49502,-0.114941169150645
2.495625,-0.11619720579365
2.49623,-0.118056396773641
2.496835,-0.12075699480048
2.49744,-0.123340164799999
2.498045,-0.123822700334682
2.49865,-0.121186946627547
2.499255,-0.117381380537136
2.49986,-0.11637305887067
2.500465,-0.120317269462349
2.50107,-0.127165110786434
2.501675,-0.132922604793347
2.50228,-0.135706015584686
2.502885,-0.136651542612202
2.50349,-0.137566496291113
2.504095,-0.13907996780642
2.5047,-0.141016175229702
2.505305,-0.143197519042033
2.50591,-0.145111186871503
2.506515,-0.145600785189064
2.50712,-0.144000756053636
2.507725,-0.141468572450695
2.50833,-0.140400355464591
2.508935,-0.142236036747687
2.50954,-0.14612906978296
2.510145,-0.149990035291451
2.51075,-0.152427216931855
2.511355,-0.153312101497706
2.51196,-0.153150348649879
2.512565,-0.152689170620432
2.51317,-0.15278748514112
2.513775,-0.153885204491513
2.51438,-0.155247103743014
2.514985,-0.154938138098612
2.51559,-0.151282481233647
2.516195,-0.144958421867531
2.5168,-0.13941293777541
2.517405,-0.138368867486303
2.51801,-0.142440664962327
2.518615,-0.148497775644871
2.51922,-0.152562997778718
2.519825,-0.153039649779142
2.52043,-0.151205006347412
2.521035,-0.149213447048408
2.52164,-0.148103144799118
2.522245,-0.147638300537281
2.52285,-0.147219637505112
2.523455,-0.146121552255552
2.52406,-0.143293078290857
2.524665,-0.138176925972139
2.52527,-0.132203762245404
2.525875,-0.128553033896549
2.52648,-0.129289466362551
2.527085,-0.132983361936276
2.52769,-0.136005314404885
2.528295,-0.135962874846079
2.5289,-0.133347563173066
2.529505,-0.130171324885206
2.53011,-0.127856518181584
2.530715,-0.126706889058266
2.53132,-0.126297942485647
2.531925,-0.125220703393618
2.53253,-0.12127337969036
2.533135,-0.113623665050153
2.53374,-0.10496491167182
2.534345,-0.100149342045912
2.53495,-0.10165373665696
2.535555,-0.106920555757384
2.53616,-0.110935719362722
2.536765,-0.110921588008782
2.53737,-0.107938622519896
2.537975,-0.104635454379736
2.53858,-0.102544773117275
2.539185,-0.101569807417018
2.53979,-0.100901219095982
2.540395,-0.0995139158720337
2.541,-0.0962745017261879
2.541605,-0.0907101176935254
2.54221,-0.0841185222698536
2.542815,-0.0792441841176055
2.54342,-0.0779359270847672
2.544025,-0.0792551076626387
2.54463,-0.0805107214055848
2.545235,-0.0798621496118746
2.54584,-0.0773925153358543
2.546445,-0.0741094012587693
2.54705,-0.0707720904943338
2.547655,-0.0678033117348881
2.54826,-0.0655139743689459
2.548865,-0.0635995414245841
2.54947,-0.0606250305118654
2.550075,-0.0550024942468871
2.55068,-0.0471129077877596
2.551285,-0.039973835067965
2.55189,-0.0368008374343987
2.552495,-0.0377769962611545
2.5531,-0.0399025365537383
2.553705,-0.0400517822393178
2.55431,-0.0375364201489357
2.554915,-0.0337368208576018
2.55552,-0.0301273436352879
2.556125,-0.0271751180033567
2.55673,-0.024666365674379
2.557335,-0.0222354743157471
2.55794,-0.0193256490926635
2.558545,-0.0152377212816909
2.55915,-0.00991424240639733
2.559755,-0.00460737226836835
2.56036,-0.00108998750531722
2.560965,0.000107973616792302
2.56157,0.00031221660400613
2.562175,0.00134853857524851
2.56278,0.00390270527532154
2.563385,0.00736407931699453
2.56399,0.0108583804971432
2.564595,0.0139975012100746
2.5652,0.016742107105469
2.565805,0.0191178084834235
2.56641,0.0214477891831991
2.567015,0.0245473802770888
2.56762,0.0290377704333053
2.568225,0.0342749291969055
2.56883,0.0384720343306099
2.569435,0.040380869564485
2.57004,0.0405865092466616
2.570645,0.0407317477768705
2.57125,0.0418181833100605
2.571855,0.0436937511265894
2.57246,0.0458142714768528
2.573065,0.0479096378820872
2.57367,0.0499197388214269
2.574275,0.0517634978116526
2.57488,0.0534970650355895
2.575485,0.0554810673448177
2.57609,0.057978467013974
2.576695,0.0605748394621323
2.5773,0.0623653442331946
2.577905,0.0629452834830611
2.57851,0.0629871767487004
2.579115,0.0635517977977337
2.57972,0.0650035864051668
2.580325,0.0668560760177755
2.58093,0.0684987783689088
2.581535,0.0697930635673033
2.58214,0.0709795461494391
2.582745,0.0722504993961378
2.58335,0.0736199590690148
2.583955,0.0751430563007536
2.58456,0.0769989954908622
2.585165,0.0791809894893899
2.58577,0.0811735335401336
2.586375,0.0822525008890445
2.58698,0.0822855574719854
2.587585,0.081992461964657
2.58819,0.0822337541272066
2.588795,0.0832399887923259
2.5894,0.0846379015036348
2.590005,0.0860024012649518
2.59061,0.0871969083290841
2.591215,0.0882843886115934
2.59182,0.0893260456924445
2.592425,0.090307096018858
2.59303,0.0911702822425826
2.593635,0.0918816664480584
2.59424,0.0924428116734795
2.594845,0.0928567903175573
2.59545,0.0931529850388137
2.596055,0.093422216609958
2.59666,0.0937635301737066
2.597265,0.0942313896289062
2.59787,0.0948708159621903
2.598475,0.095757793094224
2.59908,0.0969237338365901
2.599685,0.0981996129744316
2.60029,0.0992451389136833
2.600895,0.0999147830754451
2.6015,0.100520492073052
2.602105,0.101406158017514
2.60271,0.102264079352637
2.603315,0.102347252300135
2.60392,0.101498848295258
2.604525,0.100495332783523
2.60513,0.100157294730361
2.605735,0.100483104171682
2.60634,0.100860284406014
2.606945,0.100882686093762
2.60755,0.100724462792467
2.608155,0.100787727584953
2.60876,0.101174898550272
2.609365,0.101528630707898
2.60997,0.10136321322379
2.610575,0.100632224363496
2.61118,0.0998771574845622
2.611785,0.0995489595294493
2.61239,0.099232097676139
2.612995,0.0979692770724999
2.6136,0.0956156780174151
2.614205,0.0935070679377481
2.61481,0.0931719219632081
2.615415,0.0944717298577914
2.61602,0.0956756393508633
2.616625,0.0954197671915235
2.61723,0.0940421943413155
2.617835,0.0929116885071606
2.61844,0.092882190380849
2.619045,0.0935384619973162
2.61965,0.0936596997861664
2.620255,0.092350640513131
2.62086,0.0899701691084739
2.621465,0.0878668464535299
2.62207,0.0869283803967004
2.622675,0.086651603302479
2.62328,0.0859719281942904
2.623885,0.084645351085643
2.62449,0.083323117666372
2.625095,0.0824720866777153
2.6257,0.0818038148350338
2.626305,0.0808750506467061
2.62691,0.079807276217944
2.627515,0.0790721103046583
2.62812,0.078637415987498
2.628725,0.0776573894810765
2.62933,0.0753561883176786
2.629935,0.0721733860069323
2.63054,0.0695751467875315
2.631145,0.0685282087004358
2.63175,0.0684986719663114
2.632355,0.0682307889780862
2.63296,0.0672156152792037
2.633565,0.0660043577083674
2.63417,0.0653143500893308
2.634775,0.0652914000632476
2.63538,0.0655390449842977
2.635985,0.0654941106968888
2.63659,0.0647821607591327
2.637195,0.0634069064647257
2.6378,0.0616308880774788
2.638405,0.0596904789303426
2.63901,0.0577329755303136
2.639615,0.0559867751661748
2.64022,0.0547360759477315
2.640825,0.0539839963870788
2.64143,0.0532851994307101
2.642035,0.0521141392846192
2.64264,0.0504091906273452
2.643245,0.0486553683617025
2.64385,0.0474275489534212
2.644455,0.0468457553727414
2.64506,0.0463622728747114
2.645665,0.0451022816724363
2.64627,0.0426296758118386
2.646875,0.0394625033929323
2.64748,0.0366854752114301
2.648085,0.0349391469672236
2.64869,0.0338864475015309
2.649295,0.0327686527352049
2.6499,0.0313009617699537
2.650505,0.0297912501287347
2.65111,0.0285172342747508
2.651715,0.0273406258799821
2.65232,0.0260281285570579
2.652925,0.0246804178573595
2.65353,0.0235550820691913
2.654135,0.0225096172847568
2.65474,0.0209315949568886
2.655345,0.0184266060662913
2.65595,0.015420526587481
2.656555,0.0127742699112064
2.65716,0.0108275015107253
2.657765,0.00912204501719576
2.65837,0.00709074255843881
2.658975,0.00474435935341528
2.65958,0.0025562365908174
2.660185,0.000814144730183873
2.66079,-0.000708171256769795
2.661395,-0.00240849702819038
2.662,-0.00437843343498874
2.662605,-0.00642467612577044
2.66321,-0.00848535535675075
2.663815,-0.0107856885971658
2.66442,-0.0134730864042206
2.665025,-0.0162991148924155
2.66563,-0.0188531327940331
2.666235,-0.0209862445181791
2.66684,-0.0228542237777228
2.667445,-0.0246425262922023
2.66805,-0.0264232644555346
2.668655,-0.0282712408649045
2.66926,-0.0302873882215292
2.669865,-0.0323514895682495
2.67047,-0.0340463730379642
2.671075,-0.0351257405242641
2.67168,-0.036037879838327
2.672285,-0.0376592663803343
2.67289,-0.0403373866088162
2.673495,-0.0434559424736598
2.6741,-0.0461640747605809
2.674705,-0.0482887395762128
2.67531,-0.0502979961717464
2.675915,-0.0525768311276951
2.67652,-0.0550294846378024
2.677125,-0.0573768098090611
2.67773,-0.0595677325198155
2.678335,-0.0616907258836963
2.67894,-0.0636386193721871
2.679545,-0.0652066068169551
2.68015,-0.0665963402313386
2.680755,-0.0685040019096128
2.68136,-0.071402848625115
2.681965,-0.0748976444289125
2.68257,-0.0781049721568504
2.683175,-0.0805504945388683
2.68378,-0.0824424450103223
2.684385,-0.0842268352258826
2.68499,-0.0861747933744383
2.685595,-0.0883867150711501
2.6862,-0.090851331679646
2.686805,-0.0931784397087177
2.68741,-0.0944608562437829
2.688015,-0.0940362871696404
2.68862,-0.0927011232748562
2.689225,-0.0926583523646288
2.68983,-0.095555194209075
2.690435,-0.100674394408302
2.69104,-0.105625070983408
2.691645,-0.108712233678102
2.69225,-0.110168022417438
2.692855,-0.111259152353397
2.69346,-0.112811869561197
2.694065,-0.114821287896361
2.69467,-0.117037206309102
2.695275,-0.119228601292216
2.69588,-0.120804368351446
2.696485,-0.12092768233376
2.69709,-0.11964515077556
2.697695,-0.118630499580438
2.6983,-0.119989950970977
2.698905,-0.124055316547622
2.69951,-0.128853363606153
2.700115,-0.132018927691625
2.70072,-0.132936677270105
2.701325,-0.132885110273447
2.70193,-0.133412031147211
2.702535,-0.134989404900194
2.70314,-0.137184863978533
2.703745,-0.139300079399897
2.70435,-0.140227642122317
2.704955,-0.138533829857287
2.70556,-0.134192392193929
2.706165,-0.130198025792128
2.70677,-0.130641477809841
2.707375,-0.136305108248184
2.70798,-0.14344895526437
2.708585,-0.147763444043655
2.70919,-0.148493493210386
2.709795,-0.148026853904025
2.7104,-0.148429647593996
2.711005,-0.149625604769717
2.71161,-0.15074577581061
2.712215,-0.151616602392697
2.71282,-0.152059154895532
2.713425,-0.150959460973196
2.71403,-0.147579667833438
2.714635,-0.143592154853611
2.71524,-0.14225756273644
2.715845,-0.144878492904939
2.71645,-0.149205311293863
2.717055,-0.152119099342984
2.71766,-0.152737797630764
2.718265,-0.152101973665831
2.71887,-0.151090348738053
2.719475,-0.149972647377935
2.72008,-0.149307552920383
2.720685,-0.149565677990182
2.72129,-0.149572823732921
2.721895,-0.146757167326078
2.7225,-0.140108484233338
2.723105,-0.132489951516616
2.72371,-0.128683684260948
2.724315,-0.130640245060792
2.72492,-0.135596391259681
2.725525,-0.139306809758459
2.72613,-0.140014056775717
2.726735,-0.13872476996326
2.72734,-0.13686945310814
2.727945,-0.134972382414759
2.72855,-0.133218665149693
2.729155,-0.131913587447528
2.72976,-0.130818282709152
2.730365,-0.128685637187581
2.73097,-0.124245770313445
2.731575,-0.118040481022925
2.73218,-0.112897168309992
2.732785,-0.111586344520239
2.73339,-0.113884498866902
2.733995,-0.116730788962204
2.7346,-0.117245649609986
2.735205,-0.114941154811881
2.73581,-0.111255583523139
2.736415,-0.107916959375228
2.73702,-0.105971446016967
2.737625,-0.105488230489342
2.73823,-0.105286128463742
2.738835,-0.103087714919493
2.73944,-0.0971006563027345
2.740045,-0.0884094155198951
2.74065,-0.0812384728404692
2.741255,-0.0794489882740744
2.74186,-0.0826076858111724
2.742465,-0.0864376611942085
2.74307,-0.0871839540317415
2.743675,-0.0846826114089641
2.74428,-0.0811798172029459
2.744885,-0.0783481967246658
2.74549,-0.076181315850333
2.746095,-0.0740644266998691
2.7467,-0.0717086324526772
2.747305,-0.0687793073411713
2.74791,-0.0645099349457455
2.748515,-0.0586669573264822
2.74912,-0.0527409869586414
2.749725,-0.0490832929982163
2.75033,-0.0484265868808574
2.750935,-0.0489925064354281
2.75154,-0.048423975382412
2.752145,-0.0459464881469177
2.75275,-0.0423752645668286
2.753355,-0.0387842803202453
2.75396,-0.0357284299564464
2.754565,-0.0333324059452552
2.75517,-0.0313520631521518
2.755775,-0.0288684348922692
2.75638,-0.0244866251780604
2.756985,-0.0177376226158785
2.75759,-0.0104269887568763
2.758195,-0.00569464562238503
2.7588,-0.00501268397884821
2.759405,-0.00656102518121236
2.76001,-0.00716504334619152
2.760615,-0.0053606788513361
2.76122,-0.00203116820859955
2.761825,0.00133363569357899
2.76243,0.00415095069588742
2.763035,0.00666818587027896
2.76364,0.00918919687997254
2.764245,0.0118823419321409
2.76485,0.0150653016392789
2.765455,0.0190363330999217
2.76606,0.0234202381735253
2.766665,0.0270797401555933
2.76727,0.0291413269837125
2.767875,0.0300206769917311
2.76848,0.0310137052093995
2.769085,0.0329510681300574
2.76969,0.0356297337496823
2.770295,0.0384283608820886
2.7709,0.0410294255465775
2.771505,0.0434335823330265
2.77211,0.0456226540588384
2.772715,0.0476460870763842
2.77332,0.0499962669852055
2.773925,0.0533622650476036
2.77453,0.0576452014735181
2.775135,0.0614800219587303
2.77574,0.0633279216860694
2.776345,0.0631598330256192
2.77695,0.0625802080021734
2.777555,0.0631481950207838
2.77816,0.0649835927710904
2.778765,0.0671033832866255
2.77937,0.068696789663771
2.779975,0.0697704196714054
2.78058,0.070740372987119
2.781185,0.0718528766298277
2.78179,0.0731532970979406
2.782395,0.074700437103096
2.783,0.0764812791303257
2.783605,0.0781419760234476
2.78421,0.0791317925471762
2.784815,0.0793275270168218
2.78542,0.0793092963626881
2.786025,0.0797912649324542
2.78663,0.0809183155493506
2.787235,0.0822918282657935
2.78784,0.0835504460661805
2.788445,0.0846739733676493
2.78905,0.0857391471526564
2.789655,0.086719197080856
2.79026,0.0877025795403249
2.790865,0.0890333056647307
2.79147,0.090878084203317
2.792075,0.0926854749289333
2.79268,0.0935085011611051
2.793285,0.0931277426856585
2.79389,0.0924811191480658
2.794495,0.0926063315644731
2.7951,0.0935013951740603
2.795705,0.094421736911359
2.79631,0.0949708261608641
2.796915,0.0954144171552002
2.79752,0.0960440843837111
2.798125,0.0967372655456274
2.79873,0.0973296941526752
2.799335,0.0980334358531088
2.79994,0.099068250178136
2.800545,0.100037993693974
2.80115,0.100128623241168
2.801755,0.0990138488059242
2.80236,0.0973269452449875
2.802965,0.0961481061794344
2.80357,0.0961205177635592
2.804175,0.0970614365406945
2.80478,0.0982847302708135
2.805385,0.0991796494160598
2.80599,0.0995290646308324
2.806595,0.0994915488424235
2.8072,0.099461391446304
2.807805,0.0998624600367562
2.80841,0.100766260128629
2.809015,0.101556145016557
2.80962,0.10130375173169
2.810225,0.0998870277290615
2.81083,0.0984465247535636
2.811435,0.0981091535904457
2.81204,0.0984672985213109
2.812645,0.0981684664381679
2.81325,0.0969942511642263
2.813855,0.0962880629240981
2.81446,0.0969221408814245
2.815065,0.0978760502135894
2.81567,0.0976461412506144
2.816275,0.0963449280591417
2.81688,0.0953866490667263
2.817485,0.0953565971341124
2.81809,0.0951832389641524
2.818695,0.0936082772765401
2.8193,0.0907474942163324
2.819905,0.087870604676794
2.82051,0.0861520587561744
2.821115,0.0858642609919433
2.82172,0.0863286750996859
2.822325,0.0864462311909787
2.82293,0.0855883689003356
2.823535,0.084123672381082
2.82414,0.0829587980337398
2.824745,0.0825845016963886
2.82535,0.0826558196206536
2.825955,0.0823800159300554
2.82656,0.0811931984281656
2.827165,0.0791716142648899
2.82777,0.0768835365988628
2.828375,0.0748338432375432
2.82898,0.0731450312718005
2.829585,0.0718124412025942
2.83019,0.0709783253995596
2.830795,0.0706539697384265
2.8314,0.0703626238656893
2.832005,0.0695116946229585
2.83261,0.0681504072308255
2.833215,0.0670201812819415
2.83382,0.0667364393206012
2.834425,0.0670026097843863
2.83503,0.0666644612721663
2.835635,0.0646907467475736
2.83624,0.0612957035350104
2.836845,0.0579571714812308
2.83745,0.0560492168980819
2.838055,0.0555566791491231
2.83866,0.0554040017857728
2.839265,0.0548402842581392
2.83987,0.0540287299140291
2.840475,0.0533426258404861
2.84108,0.0526699770333576
2.841685,0.0517125481411066
2.84229,0.0506162800260327
2.842895,0.0498309724340826
2.8435,0.049381590699202
2.844105,0.0486444967475096
2.84471,0.0469816211832574
2.845315,0.0444560671517722
2.84592,0.0418110437641264
2.846525,0.0398104173646453
2.84713,0.0386804822941057
2.847735,0.038061018680806
2.84834,0.0373299004494854
2.848945,0.0360558285549962
2.84955,0.0342953742569661
2.850155,0.0324844956375805
2.85076,0.0310128083020874
2.851365,0.0298388845759034
2.85197,0.028460000287818
2.852575,0.0263029008146872
2.85318,0.0232510945337789
2.853785,0.0198167704727919
2.85439,0.0167391881312299
2.854995,0.0144122386608131
2.8556,0.012721818697693
2.856205,0.0113131417978623
2.85681,0.00987756918576749
2.857415,0.0082412922560004
2.85802,0.00634818477419409
2.858625,0.00429292188978584
2.85923,0.00236119244382669
2.859835,0.000843359381220843
2.86044,-0.000339626057226404
2.861045,-0.00172587351263482
2.86165,-0.00383209070579052
2.862255,-0.00656634663053531
2.86286,-0.0093025377126048
2.863465,-0.0115851087347685
2.86407,-0.0135477499718364
2.864675,-0.0155753363086217
2.86528,-0.0177977430862906
2.865885,-0.020058342261142
2.86649,-0.022225015783851
2.867095,-0.0243309178941664
2.8677,-0.0264046929509912
2.868305,-0.0283312147095715
2.86891,-0.030016510290011
2.869515,-0.0316600543576945
2.87012,-0.0336953206494296
2.870725,-0.0363261792328206
2.87133,-0.0392257538023223
2.871935,-0.0418693425554714
2.87254,-0.0440665945432397
2.873145,-0.045990045875875
2.87375,-0.0478101079212409
2.874355,-0.0495522301404228
2.87496,-0.0512977834747005
2.875565,-0.0532477363482871
2.87617,-0.0553750719506109
2.876775,-0.0571532543947843
2.87738,-0.0580069008993442
2.877985,-0.0582017002146768
2.87859,-0.058993162377672
2.879195,-0.0614801248620414
2.8798,-0.0653759607001132
2.880405,-0.0692913537900664
2.88101,-0.0721680659879714
2.881615,-0.0740708419982111
2.88222,-0.0756858711533721
2.882825,-0.0775140028614942
2.88343,-0.0796703090334009
2.884035,-0.0821041593722968
2.88464,-0.0846252074581852
2.885245,-0.0867684985472379
2.88585,-0.0880527238572139
2.886455,-0.0886165519558651
2.88706,-0.0894146638218574
2.887665,-0.0914474741711004
2.88827,-0.094757633270176
2.888875,-0.0984308943565035
2.88948,-0.101553164165
2.890085,-0.103848983235289
2.89069,-0.105471632901492
2.891295,-0.106690319220217
2.8919,-0.107994157710813
2.892505,-0.110052553802982
2.89311,-0.112938885176601
2.893715,-0.115396560530249
2.89432,-0.115644111016336
2.894925,-0.113521373837302
2.89553,-0.111471697295897
2.896135,-0.112510144799605
2.89674,-0.117096798105798
2.897345,-0.122769143749058
2.89795,-0.126952138641467
2.898555,-0.129233800792555
2.89916,-0.130702110469287
2.899765,-0.132105659996655
2.90037,-0.133449178030878
2.900975,-0.134891823840501
2.90158,-0.1368567325135
2.902185,-0.138888097503921
2.90279,-0.139432183872176
2.903395,-0.13771492505722
2.904,-0.135356745662655
2.904605,-0.135068024526841
2.90521,-0.137776823940344
2.905815,-0.141936144402683
2.90642,-0.145560898173355
2.907025,-0.147847775275391
2.90763,-0.148832829067466
2.908235,-0.148764988687399
2.90884,-0.148357927400694
2.909445,-0.148832911618973
2.91005,-0.150673692377659
2.910655,-0.152300588235652
2.91126,-0.150963974160679
2.911865,-0.145707159454001
2.91247,-0.139260117242162
2.913075,-0.136278424872011
2.91368,-0.13915447229883
2.914285,-0.145768662071367
2.91489,-0.151654775110472
2.915495,-0.153906265289174
2.9161,-0.152856408604337
2.916705,-0.150842840413934
2.91731,-0.149911711997456
2.917915,-0.15044462554465
2.91852,-0.151444896505056
2.919125,-0.15157372230774
2.91973,-0.149766226673787
2.920335,-0.145594161881724
2.92094,-0.140050430146164
2.921545,-0.135830177166083
2.92215,-0.135499029554621
2.922755,-0.138818978955777
2.92336,-0.1426445774462
2.923965,-0.143857310573455
2.92457,-0.14199806492362
2.925175,-0.138951106105888
2.92578,-0.136674104111066
2.926385,-0.135730471577599
2.92699,-0.135533776906478
2.927595,-0.134938392136
2.9282,-0.132353159729612
2.928805,-0.126471323126831
2.92941,-0.11823603678631
2.930015,-0.111567523144775
2.93062,-0.110289803863784
2.931225,-0.114102611607008
2.93183,-0.118906296904265
2.932435,-0.121050579788738
2.93304,-0.120125805405793
2.933645,-0.117837087664152
2.93425,-0.115561185112926
2.934855,-0.113601181537061
2.93546,-0.111984766926313
2.936065,-0.110744647736632
2.93667,-0.109151650527363
2.937275,-0.105701149572315
2.93788,-0.0999306375370529
2.938485,-0.0939304109819391
2.93909,-0.0908329266513547
2.939695,-0.0915342854877644
2.9403,-0.0937214073519767
2.940905,-0.0943648542678251
2.94151,-0.0924521931333902
2.942115,-0.0890495793504069
2.94272,-0.0855696104711413
2.943325,-0.082715848647929
2.94393,-0.0806309889525578
2.944535,-0.0790298369315448
2.94514,-0.076831947476177
2.945745,-0.0723727326994502
2.94635,-0.0650643874873414
2.946955,-0.0570298820072879
2.94756,-0.0520223760817459
2.948165,-0.0519011699871567
2.94877,-0.0546509469459318
2.949375,-0.0564334486982715
2.94998,-0.0551437108793631
2.950585,-0.0515758450217313
2.95119,-0.0477349539610912
2.951795,-0.0447749449316523
2.9524,-0.0425406933418406
2.953005,-0.0403875529584788
2.95361,-0.0377509869662467
2.954215,-0.0340776607536436
2.95482,-0.0290925688907933
2.955425,-0.0235558703093827
2.95603,-0.0191705464403341
2.956635,-0.0170620053542778
2.95724,-0.0165151828335066
2.957845,-0.0157318894320751
2.95845,-0.0136536508958057
2.959055,-0.0105692187827304
2.95966,-0.00722331878661962
2.960265,-0.00398331218398528
2.96087,-0.000924609069761879
2.961475,0.00181026502415177
2.96208,0.00424659062084206
2.962685,0.00710192384153715
2.96329,0.0114386570026778
2.963895,0.0172812547293551
2.9645,0.0228497861298449
2.965105,0.0259349997273333
2.96571,0.026207277514162
2.966315,0.0255708882537981
2.96692,0.0261240587372463
2.967525,0.028360570260993
2.96813,0.0314102032018789
2.968735,0.0343451892906459
2.96934,0.0368605857383868
2.969945,0.0390299502812609
2.97055,0.0410226859098338
2.971155,0.0432023417245283
2.97176,0.046029711855179
2.972365,0.0494946799845307
2.97297,0.0527963728258641
2.973575,0.0549634491994941
2.97418,0.0558933074462559
2.974785,0.0565035953079489
2.97539,0.0577546540282146
2.975995,0.0597940592132004
2.9766,0.0621060253850679
2.977205,0.0641809314775844
2.97781,0.0658802473912557
2.978415,0.0673214441144435
2.97902,0.0686652803612569
2.979625,0.0700943408685293
2.98023,0.0718568136801941
2.980835,0.0741150601499162
2.98144,0.0766041228727251
2.982045,0.0785778544230179
2.98265,0.0794267711100926
2.983255,0.0793495234445527
2.98386,0.0791727685949358
2.984465,0.0795744830879058
2.98507,0.0806302593553639
2.985675,0.081955453059036
2.98628,0.083103863131458
2.986885,0.0838952372329854
2.98749,0.0845206738201179
2.988095,0.0853641654468166
2.9887,0.0866223779869878
2.989305,0.0880531312246628
2.98991,0.0891353368031093
2.990515,0.0895148621907113
2.99112,0.0893341741090968
2.991725,0.089116921927154
2.99233,0.0893106833626042
2.992935,0.0899984314199505
2.99354,0.091004271903076
2.994145,0.0921046523482101
2.99475,0.0931314074577191
2.995355,0.0940081045172732
2.99596,0.0947630755807564
2.996565,0.0955247705578518
2.99717,0.0964563677029932
2.997775,0.0975885421971322
2.99838,0.0986738391827784
2.998985,0.0992773613438385
2.99959,0.0991374915707414
3.000195,0.0984893976965221
3.0008,0.0979349444661051
3.001405,0.0978953412317083
3.00201,0.0982510164679712
3.002615,0.0985947488062532
3.00322,0.0987286753057361
3.003825,0.0987804883243
3.00443,0.0989352977204677
3.005035,0.099233246955294
3.00564,0.0996089094170867
3.006245,0.0999730917587225
3.00685,0.100179842277072
3.007455,0.100003739544314
3.00806,0.0992655563914789
3.008665,0.0979586611823908
3.00927,0.0963024365187487
3.009875,0.0948777468660607
3.01048,0.0945435773748315
3.011085,0.0956321734517742
3.01169,0.0971367198591429
3.012295,0.0973952395901597
3.0129,0.0960129818373082
3.013505,0.0945734810247164
3.01411,0.0948594657769775
3.014715,0.096732523215515
3.01532,0.0983471516771438
3.015925,0.0981749377502425
3.01653,0.0962800416329013
3.017135,0.0938168824067974
3.01774,0.0918603457248647
3.018345,0.0907749632128016
3.01895,0.09025534009978
3.019555,0.0897456363302841
3.02016,0.0890127851777063
3.020765,0.0883395194024566
3.02137,0.0879693645189381
3.021975,0.0875711083109769
3.02258,0.086677330576993
3.023185,0.0854767011411353
3.02379,0.0845601557598483
3.024395,0.0838610768317968
3.025,0.0824950317715932
3.025605,0.0799280935579901
3.02621,0.0768754414877149
3.026815,0.0746691445977554
3.02742,0.0738580774376172
3.028025,0.0737248167394698
3.02863,0.0732344024684893
3.029235,0.072206721820084
3.02984,0.0713218333267484
3.030445,0.0710847585461228
3.03105,0.0711656781350349
3.031655,0.0709305177385788
3.03226,0.0702466662059089
3.032865,0.069367407083256
3.03347,0.0683218147771946
3.034075,0.0669213314046353
3.03468,0.065190800199191
3.035285,0.0633687398327784
3.03589,0.0616380169394812
3.036495,0.0601715986742027
3.0371,0.0591864706745806
3.037705,0.0586051883233702
3.03831,0.057924880935265
3.038915,0.0567811651008329
3.03952,0.0554636237954132
3.040125,0.05454770973205
3.04073,0.054066300233923
3.041335,0.0533188691060554
3.04194,0.0515918586494214
3.042545,0.0489283542013969
3.04315,0.0461048389064423
3.043755,0.0439054770796312
3.04436,0.042476203175051
3.044965,0.0414111392070487
3.04557,0.0403634766855115
3.046175,0.039362402193517
3.04678,0.0385298566874521
3.047385,0.0377229676417664
3.04799,0.0366385345162848
3.048595,0.0352471856957441
3.0492,0.0339253514616762
3.049805,0.0329818768858229
3.05041,0.0321259821017182
3.051015,0.0306452337657463
3.05162,0.0282023607753247
3.052225,0.0252699405115835
3.05283,0.0226371509803763
3.053435,0.0206527204134809
3.05404,0.0190832849392388
3.054645,0.0175388145427893
3.05525,0.0158488010621032
3.055855,0.0140579883856613
3.05646,0.012226703804137
3.057065,0.0103644321583012
3.05767,0.00849166323069097
3.058275,0.00659715587383139
3.05888,0.00450968283978923
3.059485,0.00196574123496507
3.06009,-0.0010740300249572
3.060695,-0.00425723002739679
3.0613,-0.00710752092135987
3.061905,-0.00940794930438345
3.06251,-0.011281101174045
3.063115,-0.0130057078824168
3.06372,-0.0148188550641973
3.064325,-0.0168317073322339
3.06493,-0.0190252088362479
3.065535,-0.0212259061075083
3.06614,-0.0231153539897544
3.066745,-0.0244588039700871
3.06735,-0.0254835759800826
3.067955,-0.0269166935518144
3.06856,-0.0293630284725089
3.069165,-0.032621479226396
3.06977,-0.0358526336622914
3.070375,-0.038422326849943
3.07098,-0.0403781914597562
3.071585,-0.0421558034276387
3.07219,-0.0440670991437447
3.072795,-0.0461479375751037
3.0734,-0.0483348433460925
3.074005,-0.0505664181798198
3.07461,-0.0526810304812563
3.075215,-0.0544152204618183
3.07582,-0.0556967650065479
3.076425,-0.0569156692444017
3.07703,-0.058691935136413
3.077635,-0.0612621588528929
3.07824,-0.064233410211962
3.078845,-0.0670176689768677
3.07945,-0.0693594654050088
3.080055,-0.0713761721635886
3.08066,-0.0732627719266357
3.081265,-0.0751595513454671
3.08187,-0.0772453236339304
3.082475,-0.0796032231214804
3.08308,-0.0818013578374664
3.083685,-0.0829659461911759
3.08429,-0.08278730405285
3.084895,-0.0824021931984395
3.0855,-0.0836713867221041
3.086105,-0.0873063843004988
3.08671,-0.092120803312277
3.087315,-0.0963148821584271
3.08792,-0.0990691941271705
3.088525,-0.10078453509198
3.08913,-0.102282274726116
3.089735,-0.104086132092062
3.09034,-0.106278326331028
3.090945,-0.108644403084402
3.09155,-0.110698562528182
3.092155,-0.111770344168147
3.09276,-0.111598358325978
3.093365,-0.111056602907235
3.09397,-0.111841023213799
3.094575,-0.114892833229066
3.09518,-0.119262818394731
3.095785,-0.122940646828628
3.09639,-0.124724306474891
3.096995,-0.125098001705377
3.0976,-0.12551710088238
3.098205,-0.12708656980832
3.09881,-0.129805275170918
3.099415,-0.132683711242537
3.10002,-0.134295124059469
3.100625,-0.133478969277383
3.10123,-0.130265862136801
3.101835,-0.126595858471213
3.10244,-0.125595279902798
3.103045,-0.129056179034894
3.10365,-0.135418785710675
3.104255,-0.140989592845397
3.10486,-0.143426493434113
3.105465,-0.14357884162838
3.10607,-0.143818761374845
3.106675,-0.14524975721987
3.10728,-0.147139663789143
3.107885,-0.148539270339118
3.10849,-0.149259159645666
3.109095,-0.149088386227377
3.1097,-0.147293075837156
3.110305,-0.143993314771013
3.11091,-0.141417974341599
3.111515,-0.142185280410414
3.11212,-0.146208480617483
3.112725,-0.150592335209236
3.11333,-0.15275152363622
3.113935,-0.152599146892891
3.11454,-0.151564071754886
3.115145,-0.150605076404312
3.11575,-0.149964297002077
3.116355,-0.149998057337037
3.11696,-0.150640077804805
3.117565,-0.150070369490375
3.11817,-0.145826277425295
3.118775,-0.138369962178538
3.11938,-0.132233514816829
3.119985,-0.131853894273957
3.12059,-0.136762555386086
3.121195,-0.142388708468583
3.1218,-0.14510579716925
3.122405,-0.144925180463766
3.12301,-0.14360581267233
3.123615,-0.142075144884187
3.12422,-0.140452554340337
3.124825,-0.139233876246036
3.12543,-0.138873416662152
3.126035,-0.138318058538473
3.12664,-0.135365457314043
3.127245,-0.12938683855552
3.12785,-0.123055363925571
3.128455,-0.120181224906762
3.12906,-0.121874764508594
3.129665,-0.125604532625745
3.13027,-0.127835197491717
3.130875,-0.126979422722762
3.13148,-0.123981411946689
3.132085,-0.120767534307491
3.13269,-0.118630492819894
3.133295,-0.117798135550278
3.1339,-0.117523518304945
3.134505,-0.116061518337633
3.13511,-0.111421904305545
3.135715,-0.10346580391835
3.13632,-0.0953069199021652
3.136925,-0.0913409134165377
3.13753,-0.0931170727554736
3.138135,-0.0977288146348982
3.13874,-0.100734797431711
3.139345,-0.100132007956686
3.13995,-0.0971338190687208
3.140555,-0.093885958208443
3.14116,-0.0913888734021836
3.141765,-0.0894514216501981
3.14237,-0.0876195845935122
3.142975,-0.0854211813188563
3.14358,-0.0820126970742748
3.144185,-0.0766709991639979
3.14479,-0.0702014549487141
3.145395,-0.0651083077342626
3.146,-0.0633805320779055
3.146605,-0.0642421427747388
3.14721,-0.0648428703381041
3.147815,-0.0631504039089293
3.14842,-0.0595316142647581
3.149025,-0.0555904591634277
3.14963,-0.0523359043348929
3.150235,-0.0498130576491508
3.15084,-0.0477183626511724
3.151445,-0.0454351524275161
3.15205,-0.0416931051739196
3.152655,-0.0354020708243431
3.15326,-0.0274472836375672
3.153865,-0.0209272488355775
3.15447,-0.0185525746480113
3.155075,-0.0197930486036754
3.15568,-0.0213727610841007
3.156285,-0.0206250921635439
3.15689,-0.0176339342855533
3.157495,-0.0141319036556224
3.1581,-0.0112448776157136
3.158705,-0.0087820518622757
3.15931,-0.00619804447025689
3.159915,-0.00339388856354026
3.16052,-0.000380169007877183
3.161125,0.00317464054727419
3.16173,0.00745338269640923
3.162335,0.0117481735060735
3.16294,0.0148431693679484
3.163545,0.016332568759067
3.16415,0.0171127459226933
3.164755,0.0183707948355534
3.16536,0.0205116342786628
3.165965,0.0232267622035968
3.16657,0.0261443574525375
3.167175,0.0290483614435503
3.16778,0.0316690321810804
3.168385,0.0337933391736442
3.16899,0.0357876233321514
3.169595,0.038609862910597
3.1702,0.0428273466100078
3.170805,0.0476053186276308
3.17141,0.0511091993580963
3.172015,0.0522736405046318
3.17262,0.0519441574902467
3.173225,0.0519615063331914
3.17383,0.0533758207466117
3.174435,0.0557947211890715
3.17504,0.058187814075414
3.175645,0.0599767786309009
3.17625,0.0613124739899466
3.176855,0.0625756594631843
3.17746,0.0639728784903813
3.178065,0.0656315804589232
3.17867,0.0677010426158281
3.179275,0.0700469786360127
3.17988,0.0720210941628205
3.180485,0.0729707372333947
3.18109,0.0730319682806862
3.181695,0.0731105553663517
3.1823,0.0740210123359538
3.182905,0.075813085540737
3.18351,0.0779090367246683
3.184115,0.0796993682922511
3.18472,0.0809374566427178
3.185325,0.0817412094635062
3.18593,0.0824549494909872
3.186535,0.0835213936098836
3.18714,0.085263315548597
3.187745,0.0875234803692157
3.18835,0.0894877302759839
3.188955,0.0902095943905234
3.18956,0.0896034356882079
3.190165,0.088745355915894
3.19077,0.0889103325920882
3.191375,0.0903401143300303
3.19198,0.0921089444809121
3.192585,0.0931685091223338
3.19319,0.0933517523289635
3.193795,0.0933148552215532
3.1944,0.0937223455639617
3.195005,0.0947029058375836
3.19561,0.0959631760491716
3.196215,0.0970774367830567
3.19682,0.0975929862565229
3.197425,0.09721027324637
3.19803,0.0961641681701189
3.198635,0.0952745473986658
3.19924,0.0952909994632871
3.199845,0.096155788574239
3.20045,0.0971246469798714
3.201055,0.097621794505392
3.20166,0.0977270807318112
3.202265,0.0978264260258961
3.20287,0.098144190193773
3.203475,0.0987285443471012
3.20408,0.0995681033429894
3.204685,0.100471926023722
3.20529,0.100953260163387
3.205895,0.100541572464267
3.2065,0.0993587615288702
3.207105,0.0982036605677897
3.20771,0.0978654586798479
3.208315,0.0983799280516419
3.20892,0.099010366415846
3.209525,0.0989886426922312
3.21013,0.09833877033821
3.210735,0.0978622249966166
3.21134,0.0981512206996932
3.211945,0.0987824157300132
3.21255,0.0987914116276214
3.213155,0.0978794872642595
3.21376,0.0966961434752697
3.214365,0.0957638264879721
3.21497,0.0947023064620609
3.215575,0.0929978251795029
3.21618,0.0910538938781413
3.216785,0.0898367338699454
3.21739,0.0896854115389806
3.217995,0.0899812030007869
3.2186,0.0899191042018769
3.219205,0.0892287157325108
3.21981,0.0882308080516341
3.220415,0.0875554980218572
3.22102,0.0876636113484753
3.221625,0.0882439968190108
3.22223,0.0882148320377134
3.222835,0.0867282805251001
3.22344,0.0841552512968443
3.224045,0.0817687754268834
3.22465,0.0804443243776893
3.225255,0.0799433740987501
3.22586,0.0794733749759351
3.226465,0.0786335647316753
3.22707,0.0776633480216864
3.227675,0.0768872288502924
3.22828,0.0761707220533659
3.228885,0.0751864738101114
3.22949,0.0741030821635218
3.230095,0.073481383443396
3.2307,0.0732806845796092
3.231305,0.0724785058204592
3.23191,0.0701816737793547
3.232515,0.0668439663031097
3.23312,0.0638810088553712
3.233725,0.0622625886730378
3.23433,0.06184873937746
3.234935,0.061825879156025
3.23554,0.0614196659171285
3.236145,0.0603895460276743
3.23675,0.0591282979625823
3.237355,0.0582067078391508
3.23796,0.0577423461726371
3.238565,0.0573534823933311
3.23917,0.0566806449822937
3.239775,0.0556550156515825
3.24038,0.05427707031794
3.240985,0.052501828456381
3.24159,0.0504427625382598
3.242195,0.0484434463831885
3.2428,0.0468387668263157
3.243405,0.0457423539860446
3.24401,0.0450266467581759
3.244615,0.0443428694735257
3.24522,0.0432291342603508
3.245825,0.0414779710504723
3.24643,0.039470133437601
3.247035,0.0379101650467514
3.24764,0.037021872319782
3.248245,0.0361097416918423
3.24885,0.0341944071690045
3.249455,0.0311182373606501
3.25006,0.0277875114536445
3.250665,0.0252497646242926
3.25127,0.023731497716046
3.251875,0.0226593031331782
3.25248,0.0214027273050209
3.253085,0.0197853564780384
3.25369,0.0179583749247022
3.254295,0.0160736752607979
3.2549,0.014265370775784
3.255505,0.0127920772478438
3.25611,0.0118367823619354
3.256715,0.0110434723090822
3.25732,0.00955202047868363
3.257925,0.00682297566554603
3.25853,0.00333600931006152
3.259135,0.000161839058441358
3.25974,-0.00213103714875713
3.260345,-0.00387239672595298
3.26095,-0.00564967881540715
3.261555,-0.00762251491328548
3.26216,-0.00960571251834082
3.262765,-0.0115763358605842
3.26337,-0.0137520086384003
3.263975,-0.0161441956839906
3.26458,-0.0183806818878868
3.265185,-0.020215073556578
3.26579,-0.0220264680659145
3.266395,-0.0244877131644349
3.267,-0.0277337174237976
3.267605,-0.0311341976294463
3.26821,-0.0339583572844213
3.268815,-0.0360431485142388
3.26942,-0.037748529890301
3.270025,-0.0394703342188419
3.27063,-0.0413543327961341
3.271235,-0.043393145481082
3.27184,-0.0455195471746919
3.272445,-0.0474488071406695
3.27305,-0.0486872862294372
3.273655,-0.0490978719468447
3.27426,-0.0494458279815035
3.274865,-0.0509281755023549
3.27547,-0.053918471408689
3.276075,-0.0575101218150659
3.27668,-0.0605268939669325
3.277285,-0.0626435184036063
3.27789,-0.0643357233023788
3.278495,-0.0661294126681185
3.2791,-0.0682080436567335
3.279705,-0.0705435409392439
3.28031,-0.0730128088778545
3.280915,-0.0752841030586586
3.28152,-0.0768856234234291
3.282125,-0.0777026681730311
3.28273,-0.0783792973451713
3.283335,-0.0799105322000137
3.28394,-0.0826473630895945
3.284545,-0.0859345593989488
3.28515,-0.0889190070042449
3.285755,-0.0913930391383933
3.28636,-0.0935889378662596
3.286965,-0.0955288782053152
3.28757,-0.0970744967009523
3.288175,-0.0985096392482709
3.28878,-0.100449267066714
3.289385,-0.102798451008138
3.28999,-0.104231666663256
3.290595,-0.103504023755266
3.2912,-0.101457964453341
3.291805,-0.100947978956249
3.29241,-0.104046023001675
3.293015,-0.109747069902859
3.29362,-0.115152502780957
3.294225,-0.118481019126732
3.29483,-0.12016430209804
3.295435,-0.121418367223725
3.29604,-0.122778530904285
3.296645,-0.124263618602143
3.29725,-0.126146230227452
3.297855,-0.128625057910341
3.29846,-0.130820361985182
3.299065,-0.131132048779182
3.29967,-0.129315961691794
3.300275,-0.127677389716616
3.30088,-0.12908957487093
3.301485,-0.133768875543214
3.30209,-0.139019524845448
3.302695,-0.142293012169276
3.3033,-0.143434031705237
3.303905,-0.143692302967231
3.30451,-0.143833520469438
3.305115,-0.144163110095124
3.30572,-0.145371958289491
3.306325,-0.147626652665855
3.30693,-0.148994439981607
3.307535,-0.146688013928331
3.30814,-0.140843917482314
3.308745,-0.135880026878834
3.30935,-0.136487226929377
3.309955,-0.14253914887315
3.31056,-0.149414013602173
3.311165,-0.153071843669193
3.31177,-0.153290326163373
3.312375,-0.152231786608796
3.31298,-0.151642652504963
3.313585,-0.151983529595518
3.31419,-0.153049263986216
3.314795,-0.154120619285602
3.3154,-0.15373275181833
3.316005,-0.150640536730698
3.31661,-0.145567006943301
3.317215,-0.141309156872633
3.31782,-0.140416059676869
3.318425,-0.142846215682753
3.31903,-0.146254870099549
3.319635,-0.148271740833763
3.32024,-0.148055468646815
3.320845,-0.146164390100475
3.32145,-0.143783814205838
3.322055,-0.142102578608988
3.32266,-0.141732301342481
3.323265,-0.142026237006651
3.32387,-0.14095943165113
3.324475,-0.136459894838003
3.32508,-0.128677507029483
3.325685,-0.120955640641978
3.32629,-0.117611293225458
3.326895,-0.120015443253983
3.3275,-0.125252142102671
3.328105,-0.128966331585276
3.32871,-0.129113652297935
3.329315,-0.126868514593456
3.32992,-0.124468435132974
3.330525,-0.122863922788733
3.33113,-0.12167300045633
3.331735,-0.120490949788853
3.33234,-0.119090694760819
3.332945,-0.116665198882514
3.33355,-0.112222909153716
3.334155,-0.106312484124788
3.33476,-0.101538007634763
3.335365,-0.100327254959938
3.33597,-0.102331962663353
3.336575,-0.104762384798733
3.33718,-0.105170062466675
3.337785,-0.103291439045293
3.33839,-0.100341543117537
3.338995,-0.0974504879647082
3.3396,-0.0951662621141518
3.340205,-0.0936216565907823
3.34081,-0.0922006485252432
3.341415,-0.0892272845936147
3.34202,-0.0831602800621596
3.342625,-0.0748884278909111
3.34323,-0.0681314305955193
3.343835,-0.0662655453533874
3.34444,-0.0687980495273276
3.345045,-0.0719225026383194
3.34565,-0.0724129477761648
3.346255,-0.070078701424933
3.34686,-0.0666079696040902
3.347465,-0.0632741727535877
3.34807,-0.060340165200784
3.348675,-0.0578181214485136
3.34928,-0.0556469889955898
3.349885,-0.0531116640238867
3.35049,-0.0490552330809573
3.351095,-0.0432830992857331
3.3517,-0.0374108267510947
3.352305,-0.0336457510043575
3.35291,-0.032587845975979
3.353515,-0.0326419051643874
3.35412,-0.0317240383746217
3.354725,-0.029108941093054
3.35533,-0.0254688530491691
3.355935,-0.0217021046643337
3.35654,-0.0182498366146177
3.357145,-0.0152916808837683
3.35775,-0.0128281875643254
3.358355,-0.0101966281318481
3.35896,-0.00608765902844768
3.359565,9.35045852497513e-05
3.36017,0.00686067621187462
3.360775,0.0114701502921856
3.36138,0.0126100032104371
3.361985,0.0118008451671217
3.36259,0.0117258634301163
3.363195,0.0136703114225397
3.3638,0.0169518619704938
3.364405,0.0202801591474733
3.36501,0.0230533291098955
3.365615,0.0254158248800278
3.36622,0.0276220893626888
3.366825,0.0298215047675476
3.36743,0.0323300049729874
3.368035,0.0355358733991694
3.36864,0.0392577184238525
3.369245,0.0425269541524335
3.36985,0.0444870802680005
3.370455,0.0454422292547635
3.37106,0.0465776132748329
3.371665,0.0486734979819775
3.37227,0.0514587700794029
3.372875,0.0541659069996479
3.37348,0.0563475573799448
3.374085,0.0580544344972178
3.37469,0.0595139974566322
3.375295,0.0609567883526747
3.3759,0.0626996510763826
3.376505,0.065058525292049
3.37711,0.0679341012173212
3.377715,0.0705639460584458
3.37832,0.0720394679513423
3.378925,0.0722089982143239
3.37953,0.0718326986687114
3.380135,0.0718283599536771
3.38074,0.0725968619199453
3.381345,0.0739800658407872
3.38195,0.0755610028169766
3.382555,0.076941861091074
3.38316,0.0779238629241894
3.383765,0.0786464609972933
3.38437,0.0795590018426011
3.384975,0.081026575541892
3.38558,0.0828145708277526
3.386185,0.0841011277168445
3.38679,0.0842839389320486
3.387395,0.0837776442080364
3.388,0.0836711190875931
3.388605,0.0845417276766211
3.38921,0.0859617484008041
3.389815,0.0872264423698334
3.39042,0.0881812179884777
3.391025,0.0891183859975415
3.39163,0.0901453942797597
3.392235,0.09108517132569
3.39284,0.0919664264946928
3.393445,0.0931479893751781
3.39405,0.0947510506274322
3.394655,0.0962439324008409
3.39526,0.0968932362658207
3.395865,0.0966011096392796
3.39647,0.0960530006280224
3.397075,0.0959843618877625
3.39768,0.0965350480273192
3.398285,0.0973787469256347
3.39889,0.0981712340065522
3.399495,0.0987089757964411
3.4001,0.0989246442398382
3.400705,0.0989757438268038
3.40131,0.0992105970336729
3.401915,0.0998434447623619
3.40252,0.100642088691276
3.403125,0.101002959376361
3.40373,0.100451555197298
3.404335,0.0991526313847011
3.40494,0.0978256408941878
3.405545,0.0970781011183951
3.40615,0.0969460011948983
3.406755,0.0971329422733993
3.40736,0.0974760498393612
3.407965,0.0979373404459874
3.40857,0.0982662244377214
3.409175,0.0981646354682478
3.40978,0.097953096636558
3.410385,0.0984853968958928
3.41099,0.0998702686729225
3.411595,0.10070432003112
3.4122,0.0994410299813022
3.412805,0.0965329669209228
3.41341,0.0942614079539365
3.414015,0.0940505214904466
3.41462,0.0948485750941626
3.415225,0.0947498309362412
3.41583,0.0933918115137073
3.416435,0.091985422144022
3.41704,0.0915208510609472
3.417645,0.0917693092135046
3.41825,0.0919091265540167
3.418855,0.0914666560702973
3.41946,0.0905447911736878
3.420065,0.0895011819956855
3.42067,0.0884682218302583
3.421275,0.0870985654615923
3.42188,0.0849653628162544
3.422485,0.0822879568988201
3.42309,0.0799910258432002
3.423695,0.0788825721547584
3.4243,0.0789068071227968
3.424905,0.0792767991476147
3.42551,0.0792076743300502
3.426115,0.0785018625269708
3.42672,0.077575438394775
3.427325,0.0769545713034577
3.42793,0.0767178152021713
3.428535,0.0764805577668246
3.42914,0.0758641075720511
3.429745,0.0747952712067679
3.43035,0.0733376204653309
3.430955,0.0714855222147638
3.43156,0.0693416819408111
3.432165,0.0673589122959536
3.43277,0.0661209742252397
3.433375,0.065824408903579
3.43398,0.065999252503463
3.434585,0.0657417614626131
3.43519,0.0644431890257929
3.435795,0.0624951301966106
3.4364,0.061013930458819
3.437005,0.0605251434464005
3.43761,0.0601516329741821
3.438215,0.0585661920814102
3.43882,0.0556311235765643
3.439425,0.0525793504089551
3.44003,0.0505573939985558
3.440635,0.049514463951597
3.44124,0.0486841982049363
3.441845,0.0476489008052096
3.44245,0.0465705140852442
3.443055,0.0456662189249883
3.44366,0.044842366877456
3.444265,0.0438556029969814
3.44487,0.0426680786631761
3.445475,0.0414966003518219
3.44608,0.0404473906456653
3.446685,0.039224367417139
3.44729,0.0373835830644769
3.447895,0.0348772865956142
3.4485,0.0322071178892822
3.449105,0.0299917188905648
3.44971,0.0284436137689514
3.450315,0.0272662597836849
3.45092,0.0259731067583812
3.451525,0.0242657995048534
3.45213,0.0221783132242922
3.452735,0.0199908730427432
3.45334,0.0180379712054946
3.453945,0.016465768311455
3.45455,0.0150467324137068
3.455155,0.0132603983930218
3.45576,0.0107064004541289
3.456365,0.00752953987763013
3.45697,0.00435722284431958
3.457575,0.00176384707130244
3.45818,-0.000121066005039026
3.458785,-0.00153564512655432
3.45939,-0.0028394647839442
3.459995,-0.00436741766372723
3.4606,-0.00630712654132324
3.461205,-0.00852700196393033
3.46181,-0.0105554338690343
3.462415,-0.0119420350036754
3.46302,-0.0127863241418583
3.463625,-0.0138337312606131
3.46423,-0.0158577728238909
3.464835,-0.0188887166552113
3.46544,-0.0221961009290713
3.466045,-0.0250581266951486
3.46665,-0.0273478125732589
3.467255,-0.0293697779310127
3.46786,-0.0314050157967591
3.468465,-0.0335250014615982
3.46907,-0.0356894181067544
3.469675,-0.0378356672739433
3.47028,-0.0398376341793372
3.470885,-0.0415336955047694
3.47149,-0.0429451996462412
3.472095,-0.0444335983028846
3.4727,-0.0464866986231019
3.473305,-0.0492421245705264
3.47391,-0.0523016211511839
3.474515,-0.0551127509252629
3.47512,-0.0574268747085587
3.475725,-0.0593378609752018
3.47633,-0.061070046023464
3.476935,-0.0628599552003972
3.47754,-0.0649431445775183
3.478145,-0.0674210006401126
3.47875,-0.0699493184494054
3.479355,-0.0716862261292101
3.47996,-0.0719907952682819
3.480565,-0.0714418597961876
3.48117,-0.0718224941343014
3.481775,-0.0745256453150877
3.48238,-0.0790418723066346
3.482985,-0.0834984677239812
3.48359,-0.0865715632301459
3.484195,-0.0884349389882328
3.4848,-0.0900234379601618
3.485405,-0.0919125417577645
3.48601,-0.0940510807858972
3.486615,-0.0962145035968135
3.48722,-0.0982622881253185
3.487825,-0.0999354165278838
3.48843,-0.100859599443303
3.489035,-0.101110518916065
3.48964,-0.101602579332028
3.490245,-0.103444331351111
3.49085,-0.1067912232773
3.491455,-0.110625427869343
3.49206,-0.113703243892256
3.492665,-0.115516619410028
3.49327,-0.116470562775667
3.493875,-0.117440552391115
3.49448,-0.119154611438782
3.495085,-0.121674308187026
3.49569,-0.124120916133058
3.496295,-0.12499164807667
3.4969,-0.123365386398526
3.497505,-0.120260720840893
3.49811,-0.118452205934992
3.498715,-0.120187529410311
3.49932,-0.125018857295392
3.499925,-0.130415250974847
3.50053,-0.134314810065943
3.501135,-0.136432421815669
3.50174,-0.137520520209579
3.502345,-0.138378121398803
3.50295,-0.139560205941738
3.503555,-0.141226139673342
3.50416,-0.142884108146521
3.504765,-0.143569201901039
3.50537,-0.142605231819248
3.505975,-0.140360933545585
3.50658,-0.138391537006896
3.507185,-0.138562586748207
3.50779,-0.141495876811415
3.508395,-0.14587551802215
3.509,-0.149512782712454
3.509605,-0.151060329426947
3.51021,-0.150812261996025
3.510815,-0.150091803099803
3.51142,-0.150012702365916
3.512025,-0.150870762562042
3.51263,-0.152231101330062
3.513235,-0.152910572188378
3.51384,-0.151175264635304
3.514445,-0.146175103903148
3.51505,-0.139855438028393
3.515655,-0.136500001127054
3.51626,-0.138921688072072
3.516865,-0.145253592988218
3.51747,-0.150642752936353
3.518075,-0.152021465412829
3.51868,-0.150323137604967
3.519285,-0.148253349311775
3.51989,-0.147220521498201
3.520495,-0.146978518976332
3.5211,-0.146997158929779
3.521705,-0.146715485987245
3.52231,-0.144830150084583
3.522915,-0.140059711006225
3.52352,-0.133444109671602
3.524125,-0.128723959259425
3.52473,-0.12893505051732
3.525335,-0.132948565223037
3.52594,-0.136562967985864
3.526545,-0.136836790445592
3.52715,-0.134354043099893
3.527755,-0.131400147739626
3.52836,-0.129308264535462
3.528965,-0.128145906111984
3.52957,-0.127605004084989
3.530175,-0.126834295340537
3.53078,-0.124020528425821
3.531385,-0.11772655333625
3.53199,-0.109283752276097
3.532595,-0.102932255173971
3.5332,-0.102202982898728
3.533805,-0.106176572484485
3.53441,-0.11038739120309
3.535015,-0.111363283572873
3.53562,-0.109269624148254
3.536225,-0.106302853562742
3.53683,-0.103919922280279
3.537435,-0.102172510192166
3.53804,-0.100704985361233
3.538645,-0.0992391778108562
3.53925,-0.0970604770785937
3.539855,-0.0930188586135038
3.54046,-0.086941706215886
3.541065,-0.0807792478355127
3.54167,-0.0773065726791541
3.542275,-0.077360745535372
3.54288,-0.0789421756920551
3.543485,-0.079282380033006
3.54409,-0.0772916832231347
3.544695,-0.0737769093896912
3.5453,-0.0699806965309329
3.545905,-0.066605936490908
3.54651,-0.0639181692061354
3.547115,-0.0618178162425422
3.54772,-0.0593689367370821
3.548325,-0.0549175719562511
3.54893,-0.0477818707931566
3.549535,-0.0399798962470921
3.55014,-0.0351561612517847
3.550745,-0.0349898785277891
3.55135,-0.0372975859652707
3.551955,-0.0383461207985204
3.55256,-0.0364209422595798
3.553165,-0.0325842437994324
3.55377,-0.0287245235063613
3.554375,-0.0257586431262601
3.55498,-0.0234912890662288
3.555585,-0.0213353646568094
3.55619,-0.0186678451836762
3.556795,-0.0148566618790601
3.5574,-0.00972182794799144
3.558005,-0.00421301672934231
3.55861,-9.81040151768838e-05
3.559215,0.00161226863740029
3.55982,0.00183096841558661
3.560425,0.00253433376702893
3.56103,0.00483592538994301
3.561635,0.00827493979618033
3.56224,0.0117708512797056
3.562845,0.0147543623288356
3.56345,0.0173102067681202
3.564055,0.0196858209307918
3.56466,0.0221474272264623
3.565265,0.0252062943979948
3.56587,0.0293563152621793
3.566475,0.0342352364736303
3.56708,0.0384067054771896
3.567685,0.0405777579200928
3.56829,0.0410154896682021
3.568895,0.0412504501686563
3.5695,0.0424561379815008
3.570105,0.0446160986998608
3.57071,0.0471073310663961
3.571315,0.0495080253355349
3.57192,0.0517189198928069
3.572525,0.0536709508260512
3.57313,0.0553115162186475
3.573735,0.0568759473273714
3.57434,0.0588151229197546
3.574945,0.0612339119665309
3.57555,0.0635293937754364
3.576155,0.0648813758810787
3.57676,0.0652009961120702
3.577365,0.0653363472041259
3.57797,0.0661977793446981
3.578575,0.0678939688832506
3.57918,0.0698138512025805
3.579785,0.0713463430309798
3.58039,0.0723628106397803
3.580995,0.0731101135748479
3.5816,0.0739309782399295
3.582205,0.0751943715489382
3.58281,0.0772133383244378
3.583415,0.0798869238547361
3.58402,0.0824127294840582
3.584625,0.0837171707633201
3.58523,0.0834756086255538
3.585835,0.0825484706955213
3.58644,0.0821964024269922
3.587045,0.0829985711295247
3.58765,0.0845670820649708
3.588255,0.0860646027389273
3.58886,0.0869288507150682
3.589465,0.0872520837621098
3.59007,0.08757758773341
3.590675,0.0883822211618276
3.59128,0.0897231927845993
3.591885,0.0912237079464213
3.59249,0.0922820709538411
3.593095,0.0924358001781534
3.5937,0.091789292428144
3.594305,0.0910960484734155
3.59491,0.0911935890157715
3.595515,0.0922717653983411
3.59612,0.0937573719163531
3.596725,0.0948850465638448
3.59733,0.0953462464821545
3.597935,0.0954764265115794
3.59854,0.0958957958497
3.599145,0.0969647717441772
3.59975,0.0985482064721142
3.600355,0.100174927167521
3.60096,0.101279407753851
3.601565,0.101429982549717
3.60217,0.100651673260816
3.602775,0.099572562884346
3.60338,0.0990206062352692
3.603985,0.099351152197126
3.60459,0.10019158988343
3.605195,0.100835762864438
3.6058,0.100874968004877
3.606405,0.100506172942315
3.60701,0.100285286987599
3.607615,0.100557843962974
3.60822,0.10111588582161
3.608825,0.101472536729967
3.60943,0.101411493718805
3.610035,0.100994921604469
3.61064,0.100028198158768
3.611245,0.098101883330687
3.61185,0.0955505130943918
3.612455,0.0937713110018697
3.61306,0.093834923669008
3.613665,0.0950681347351739
3.61427,0.0957559571045868
3.614875,0.0951311261264872
3.61548,0.0940050557627938
3.616085,0.0934736762533463
3.61669,0.0936998705839284
3.617295,0.0941111347724672
3.6179,0.0941146326990859
3.618505,0.0933139860961232
3.61911,0.0916236588888011
3.619715,0.0895430766900011
3.62032,0.0878490792527825
3.620925,0.0867443584488647
3.62153,0.0857339599861085
3.622135,0.0844748254802786
3.62274,0.0832390061552581
3.623345,0.0823523312883508
3.62395,0.0816275310065726
3.624555,0.0806653324579227
3.62516,0.0795161536321391
3.625765,0.078684083785514
3.62637,0.0783349019308619
3.626975,0.0777285321839096
3.62758,0.0758379522362136
3.628185,0.0726451093988158
3.62879,0.0694839626410959
3.629395,0.0677517199685342
3.63,0.0674504592863639
3.630605,0.0673939676008379
3.63121,0.0666960597345176
3.631815,0.0655556632381514
3.63242,0.0646401801293848
3.633025,0.064217271833672
3.63363,0.0640226514071668
3.634235,0.0636719219311078
3.63484,0.0630194380393446
3.635445,0.0621556537857628
3.63605,0.0611157242576044
3.636655,0.0597245888126682
3.63726,0.0578865990500681
3.637865,0.0559283604994597
3.63847,0.0543971956331257
3.639075,0.0534780816863764
3.63968,0.0527852358310997
3.640285,0.0518190197536001
3.64089,0.0504845655475674
3.641495,0.0490565739713059
3.6421,0.0478339958194483
3.642705,0.046955567788533
3.64331,0.0462942425138104
3.643915,0.0453584607908514
3.64452,0.0435337894062147
3.645125,0.0406881848848919
3.64573,0.0374756685553534
3.646335,0.0348011350685294
3.64694,0.0329786252285515
3.647545,0.0316242403299084
3.64815,0.0303057815242179
3.648755,0.0289598871830464
3.64936,0.0276388973623185
3.649965,0.0262072463889737
3.65057,0.0245272897858746
3.651175,0.0227918642001403
3.65178,0.0213984446191416
3.652385,0.0204133291684648
3.65299,0.0192879816586492
3.653595,0.0173108173219539
3.6542,0.0143988063922362
3.654805,0.0112589528531152
3.65541,0.00867351353479094
3.656015,0.00679169049558963
3.65662,0.0051881581130771
3.657225,0.00343110977614146
3.65783,0.00143866177413777
3.658435,-0.000653758025775172
3.65904,-0.0027387088259972
3.659645,-0.00472611385388925
3.66025,-0.00648165512405692
3.660855,-0.0080113446236949
3.66146,-0.00966150030187428
3.662065,-0.0119148137670249
3.66267,-0.0148813176455883
3.663275,-0.0180977257103442
3.66388,-0.0209383057329381
3.664485,-0.0231494148870748
3.66509,-0.0249208042081924
3.665695,-0.0265638081569499
3.6663,-0.0282645467177151
3.666905,-0.0301169016382483
3.66751,-0.0321910758699626
3.668115,-0.0343895313460139
3.66872,-0.0363119367417863
3.669325,-0.0375459202183091
3.66993,-0.0382636323892092
3.670535,-0.039349033963719
3.67114,-0.0415960911102578
3.671745,-0.0447943335294269
3.67235,-0.0479224953424896
3.672955,-0.0502466384190141
3.67356,-0.0519367646119562
3.674165,-0.053604645958848
3.67477,-0.0555494054622264
3.675375,-0.0576355783470975
3.67598,-0.0597252060375998
3.676585,-0.0618667729550446
3.67719,-0.0639951271173727
3.677795,-0.0658014408288293
3.6784,-0.0671781691690815
3.679005,-0.0686218279762398
3.67961,-0.0708411758088373
3.680215,-0.073939588882566
3.68082,-0.0772584606185072
3.681425,-0.080049038552225
3.68203,-0.0820619160715569
3.682635,-0.0835289013848614
3.68324,-0.0848708391845277
3.683845,-0.086518371387133
3.68445,-0.088783320040748
3.685055,-0.0915136598330955
3.68566,-0.0937521148762
3.686265,-0.0942327958380279
3.68687,-0.092874234542141
3.687475,-0.0916598862022639
3.68808,-0.093158660402115
3.688685,-0.0978316361213956
3.68929,-0.103460532098434
3.689895,-0.107514997842828
3.6905,-0.10945563466604
3.691105,-0.110523995467415
3.69171,-0.111982977800057
3.692315,-0.114091978572359
3.69292,-0.116510971134203
3.693525,-0.118951760680135
3.69413,-0.121046930990905
3.694735,-0.122049196829148
3.69534,-0.12145790971864
3.695945,-0.120144711265624
3.69655,-0.120223838405458
3.697155,-0.123149534748244
3.69776,-0.128095367428741
3.698365,-0.132639769364086
3.69897,-0.134969560953172
3.699575,-0.135271570231708
3.70018,-0.135179243293382
3.700785,-0.136131088154099
3.70139,-0.138349614420285
3.701995,-0.141017745537682
3.7026,-0.142747544489238
3.703205,-0.141967744213662
3.70381,-0.138090902904538
3.704415,-0.133178329785036
3.70502,-0.131434228261108
3.705625,-0.135390320442266
3.70623,-0.142862442255309
3.706835,-0.149025725829878
3.70744,-0.151241431129909
3.708045,-0.150806664979227
3.70865,-0.150347753575923
3.709255,-0.150842338260426
3.70986,-0.151683475584277
3.710465,-0.1524428781383
3.71107,-0.153036828994564
3.711675,-0.152569799755723
3.71228,-0.149815295416976
3.712885,-0.145460790491532
3.71349,-0.142615342839395
3.714095,-0.143781914701566
3.7147,-0.147866905358534
3.715305,-0.151459229393506
3.71591,-0.152580873459154
3.716515,-0.151913540471788
3.71712,-0.150837064377388
3.717725,-0.149826240146938
3.71833,-0.148998190034731
3.718935,-0.148768907028706
3.71954,-0.148812804467651
3.720145,-0.147113681693837
3.72075,-0.141664419947549
3.721355,-0.133601043846775
3.72196,-0.12748606861184
3.722565,-0.127169548162132
3.72317,-0.131778393291636
3.723775,-0.136888074674524
3.72438,-0.139088520556465
3.724985,-0.1382996571921
3.72559,-0.136251371019618
3.726195,-0.134220022802485
3.7268,-0.132553145909585
3.727405,-0.131276667536897
3.72801,-0.130164854102427
3.728615,-0.128357657382806
3.72922,-0.124654681032038
3.729825,-0.118907986785689
3.73043,-0.113181968537177
3.731035,-0.110504548070326
3.73164,-0.111813668747283
3.732245,-0.114837997281979
3.73285,-0.116401831525232
3.733455,-0.115201511157564
3.73406,-0.112147017490078
3.734665,-0.108837690668936
3.73527,-0.106351828550353
3.735875,-0.105029782243307
3.73648,-0.104376145626802
3.737085,-0.102782241158172
3.73769,-0.0981746636408264
3.738295,-0.0902194240906784
3.7389,-0.0819545820523027
3.739505,-0.0778281793797377
3.74011,-0.0793188503219974
3.740715,-0.0833194868119636
3.74132,-0.0854275677118101
3.741925,-0.08404454014099
3.74253,-0.0807046390514587
3.743135,-0.0773777666206472
3.74374,-0.0746626758122687
3.744345,-0.072316477436436
3.74495,-0.070189349405824
3.745555,-0.0679403014885202
3.74616,-0.0645107020158229
3.746765,-0.0590374356258224
3.74737,-0.0524944434524412
3.747975,-0.0474934476675782
3.74858,-0.0457955559777552
3.749185,-0.0464602874121333
3.74979,-0.0469179771428156
3.750395,-0.045435709241181
3.751,-0.0421291262345896
3.751605,-0.0381101853490462
3.75221,-0.0343685753947651
3.752815,-0.0313888607471197
3.75342,-0.0291508199497782
3.754025,-0.0269486914261741
3.75463,-0.0234097622362591
3.755235,-0.0175509577922256
3.75584,-0.0103294301008575
3.756445,-0.00458394845892001
3.75705,-0.00254919517096286
3.757655,-0.00348601672981591
3.75826,-0.00447103141863979
3.758865,-0.00341044517528647
3.75947,-0.000573540914348509
3.760075,0.00260368620504707
3.76068,0.00528507836475054
3.761285,0.00759863741192391
3.76189,0.00990287919073602
3.762495,0.0123365871547882
3.7631,0.0150790449419283
3.763705,0.0184883239457532
3.76431,0.0225697629624474
3.764915,0.0264893305011579
3.76552,0.029136424317096
3.766125,0.0303578854243473
3.76673,0.0312400497609776
3.767335,0.0329416127371749
3.76794,0.0355882146917717
3.768545,0.0384902262051662
3.76915,0.0411145568987533
3.769755,0.0435204832247659
3.77036,0.0459237400761259
3.770965,0.0482733117552572
3.77157,0.0505366198731296
3.772175,0.0530860439517389
3.77278,0.0562943524479009
3.773385,0.0597105123931233
3.77399,0.0621361497881859
3.774595,0.0628993061974941
3.7752,0.0627442989999065
3.775805,0.0630513481591788
3.77641,0.0644142993090169
3.777015,0.0663203752373086
3.77762,0.0680007539273809
3.778225,0.0692079515723122
3.77883,0.0701608764988031
3.779435,0.071080566605682
3.78004,0.0720418083625839
3.780645,0.0731539848746116
3.78125,0.0745789903775454
3.781855,0.0762210448935829
3.78246,0.0775587937158094
3.783065,0.078099160432311
3.78367,0.078016813364564
3.784275,0.0780535784138685
3.78488,0.0787229425739519
3.785485,0.0798587041179955
3.78609,0.0810367864142023
3.786695,0.0821854900821986
3.7873,0.0835107812800898
3.787905,0.084965993729246
3.78851,0.0862170612649427
3.789115,0.0872009762666092
3.78972,0.0883044311478228
3.790325,0.0897188296440559
3.79093,0.0909306697702039
3.791535,0.091284776443381
3.79214,0.090911493492782
3.792745,0.0906387916186158
3.79335,0.0910136720341197
3.793955,0.0918190215324678
3.79456,0.0925957609965964
3.795165,0.0932545167886977
3.79577,0.0939411852669898
3.796375,0.0945411097078009
3.79698,0.094768009286941
3.797585,0.0947806654152877
3.79819,0.0951720292896387
3.798795,0.0960420644236509
3.7994,0.0965401435839031
3.800005,0.095786361646096
3.80061,0.0940210029842187
3.801215,0.092438775826022
3.80182,0.0919437019717523
3.802425,0.0923913095883226
3.80303,0.0930833957158979
3.803635,0.0936273636045088
3.80424,0.0940519953347996
3.804845,0.0943620372935447
3.80545,0.094442705732318
3.806055,0.0944157517591363
3.80666,0.094638927873511
3.807265,0.0950800216038318
3.80787,0.0950325869391769
3.808475,0.0939413420928284
3.80908,0.0923371425642874
3.809685,0.0912917516526499
3.81029,0.0909526697340191
3.810895,0.0904564087995115
3.8115,0.0894451867812426
3.812105,0.0886690683446551
3.81271,0.0886915401884228
3.813315,0.0889236626178083
3.81392,0.0885452634987461
3.814525,0.0877578183525014
3.81513,0.0873776470362442
3.815735,0.0873899856082435
3.81634,0.0866684228777523
3.816945,0.0843391394021062
3.81755,0.08092448299114
3.818155,0.0778639656962269
3.81876,0.0761905542928057
3.819365,0.0758168987012359
3.81997,0.0758099887600417
3.820575,0.0751809449597447
3.82118,0.0736492124838566
3.821785,0.0718204443815828
3.82239,0.0705389515736164
3.822995,0.0700786538104565
3.8236,0.0699936087420431
3.824205,0.0695546572630779
3.82481,0.0682296019716385
3.825415,0.0659576390478054
3.82602,0.0631718047197349
3.826625,0.0605100029693309
3.82723,0.0583715771406673
3.827835,0.0567672806922405
3.82844,0.0555318195999896
3.829045,0.0544179138051859
3.82965,0.0530659155328056
3.830255,0.0512836090491043
3.83086,0.0493510651563462
3.831465,0.0478008496739475
3.83207,0.046901945112311
3.832675,0.0463202870558704
3.83328,0.0451524024434683
3.833885,0.042543639867401
3.83449,0.0386724782351104
3.835095,0.0349414236806509
3.8357,0.0326830746562209
3.836305,0.0317652555872892
3.83691,0.0309403348667807
3.837515,0.0294189586480881
3.83812,0.0275507871067827
3.838725,0.0259903228650371
3.83933,0.0247845092349563
3.839935,0.0235594443407684
3.84054,0.0222042948918098
3.841145,0.020923929057574
3.84175,0.0197092271312474
3.842355,0.018080644429693
3.84296,0.0155223974183844
3.843565,0.0121660434941875
3.84417,0.00886190113639319
3.844775,0.00641668928269019
3.84538,0.00483138185027231
3.845985,0.00336734783811995
3.84659,0.00132002359094119
3.847195,-0.00131508957020008
3.8478,-0.00394739092440158
3.848405,-0.00607509218732395
3.84901,-0.00774793544148891
3.849615,-0.00941466848337037
3.85022,-0.0115180297535843
3.850825,-0.0142819456736386
3.85143,-0.0176734950419941
3.852035,-0.021391354273227
3.85264,-0.0249853499955586
3.853245,-0.0281214285559212
3.85385,-0.030729922201322
3.854455,-0.0329346244085513
3.85506,-0.0349377855561035
3.855665,-0.0369842189180207
3.85627,-0.0393207114130962
3.856875,-0.0420327103627768
3.85748,-0.0448939277707097
3.858085,-0.0475067534962151
3.85869,-0.0497094510670383
3.859295,-0.0518560864980357
3.8599,-0.0545634152833867
3.860505,-0.058044607489563
3.86111,-0.0618217523619547
3.861715,-0.0652598364958573
3.86232,-0.0681973373155165
3.862925,-0.0708829099118216
3.86353,-0.0735336352598198
3.864135,-0.0761862782030127
3.86474,-0.0788429452196777
3.865345,-0.0815393200480396
3.86595,-0.0842490985278168
3.866555,-0.0868415760660036
3.86716,-0.0892341883722663
3.867765,-0.0915897016113555
3.86837,-0.0942772473423615
3.868975,-0.0975383660980285
3.86958,-0.101183048587748
3.870185,-0.104689484646083
3.87079,-0.107622839938203
3.871395,-0.109929024319114
3.872,-0.11187299877398
3.872605,-0.113787101400145
3.87321,-0.115876327886593
3.873815,-0.118147638749876
3.87442,-0.120422712300153
3.875025,-0.122446917841917
3.87563,-0.124096471981259
3.876235,-0.125558659218465
3.87684,-0.127282267814603
3.877445,-0.129608181092073
3.87805,-0.132382793173556
3.878655,-0.135067331221318
3.87926,-0.137285467382311
3.879865,-0.139130824047062
3.88047,-0.140917591678633
3.881075,-0.142778577535521
3.88168,-0.144578862866846
3.882285,-0.146165124890792
3.88289,-0.147583370487596
3.883495,-0.148969254076853
3.8841,-0.150300601776551
3.884705,-0.151416894267559
3.88531,-0.152313986743968
3.885915,-0.153289472313811
3.88652,-0.154662323603435
3.887125,-0.156363727828887
3.88773,-0.157911173803728
3.888335,-0.158812354355371
3.88894,-0.158969828807672
3.889545,-0.158731388377414
3.89015,-0.158587766957349
3.890755,-0.158767171135161
3.89136,-0.159045131354468
3.891965,-0.158954963444516
3.89257,-0.158250869299346
3.893175,-0.157201148175869
3.89378,-0.156383809856523
3.894385,-0.156126921296287
3.89499,-0.156191780835554
3.895595,-0.156105596265169
3.8962,-0.155729467475612
3.896805,-0.155319528584829
3.89741,-0.15505942910055
3.898015,-0.154727890704225
3.89862,-0.153905050542066
3.899225,-0.152464531154334
3.89983,-0.150812106476411
3.900435,-0.149533797741188
3.90104,-0.148731055315665
3.901645,-0.147871106348259
3.90225,-0.146503945463892
3.902855,-0.14493522519876
3.90346,-0.143820130615416
3.904065,-0.143194950995189
3.90467,-0.142350983862577
3.905275,-0.140721562673389
3.90588,-0.138534585748829
3.906485,-0.136420220857844
3.90709,-0.134605496785894
3.907695,-0.132736980317399
3.9083,-0.130410218131831
3.908905,-0.127631234127021
3.90951,-0.124671876332413
3.910115,-0.121610933444703
3.91072,-0.118316972451725
3.911325,-0.114941381621679
3.91193,-0.111960405324655
3.912535,-0.10949547831325
3.91314,-0.107054713173885
3.913745,-0.104146906714326
3.91435,-0.100726794648022
3.914955,-0.0969257781785531
3.91556,-0.0927882429499976
3.916165,-0.0884751696683916
3.91677,-0.0843564056687098
3.917375,-0.0805922164026111
3.91798,-0.0768498965780071
3.918585,-0.0727038614387677
3.91919,-0.0682324397335459
3.919795,-0.0640488931668021
3.9204,-0.0606278412138691
3.921005,-0.057663559399393
3.92161,-0.0543588075448084
3.922215,-0.0503149603463451
3.92282,-0.0458247200845504
3.923425,-0.0413332983386315
3.92403,-0.0369443183667768
3.924635,-0.0325411998645549
3.92524,-0.0281347853623871
3.925845,-0.0238262212124222
3.92645,-0.0195301504629763
3.927055,-0.0150472085827324
3.92766,-0.010462555180776
3.928265,-0.00624149017940979
3.92887,-0.00275709592552092
3.929475,0.000177735786594426
3.93008,0.00314146763385514
3.930685,0.00655888314682234
3.93129,0.0104641168881669
3.931895,0.0146743728709698
3.9325,0.0190015022386458
3.933105,0.0232983311212448
3.93371,0.0274720721179067
3.934315,0.031592872961742
3.93492,0.03591541587734
3.935525,0.0406035230318059
3.93613,0.0453477779948567
3.936735,0.0493756159467198
3.93734,0.0521074706399205
3.937945,0.0538964251990257
3.93855,0.0559047270354401
3.939155,0.059110759966029
3.93976,0.0635409014469371
3.940365,0.068500099870312
3.94097,0.0733475546830594
3.941575,0.0778940057767677
3.94218,0.0822364363682625
3.942785,0.0865482538258833
3.94339,0.091069671010419
3.943995,0.0960115852153799
3.9446,0.101210857747768
3.945205,0.105941406575816
3.94581,0.10937929045186
3.946415,0.111434829143605
3.94702,0.113008487008697
3.947625,0.115293409052065
3.94823,0.118849746199212
3.948835,0.123364922808662
3.94944,0.128139889726724
3.950045,0.132620392277232
3.95065,0.136569327811359
3.951255,0.140070082085983
3.95186,0.143524296161719
3.952465,0.147432803945156
3.95307,0.151839767503705
3.953675,0.15593950323383
3.95428,0.158541573162695
3.954885,0.159193908872895
3.95549,0.158790609790475
3.956095,0.158902078557917
3.9567,0.160503062518047
3.957305,0.163424284367071
3.95791,0.166889004467376
3.958515,0.170276178144104
3.95912,0.173355713964893
3.959725,0.176155567819655
3.96033,0.178884404773771
3.960935,0.181836301789397
3.96154,0.185006340838099
3.962145,0.187735043498126
3.96275,0.189070724513772
3.963355,0.188720557110207
3.96396,0.187505961522193
3.964565,0.186715476733449
3.96517,0.187083326113926
3.965775,0.188482852990783
3.96638,0.190416357972804
3.966985,0.192497764612159
3.96759,0.194481320192046
3.968195,0.196162776442992
3.9688,0.197503448484027
3.969405,0.198770102955973
3.97001,0.200223463911203
3.970615,0.201470544062182
3.97122,0.20139517164115
3.971825,0.199187887153252
3.97243,0.195501681911896
3.973035,0.192194155319671
3.97364,0.190667391635092
3.974245,0.190707967708318
3.97485,0.1911765421009
3.975455,0.191450125008153
3.97606,0.191727097283642
3.976665,0.192153220347317
3.97727,0.192320575228683
3.977875,0.191905033600722
3.97848,0.191362504569453
3.979085,0.191334694453427
3.97969,0.191281760120364
3.980295,0.189439000146982
3.9809,0.184844117640953
3.981505,0.17907973552316
3.98211,0.175118039499707
3.982715,0.174352135027184
3.98332,0.175367894424757
3.983925,0.175739875277906
3.98453,0.174504430650394
3.985135,0.172602586554679
3.98574,0.171406046556276
3.986345,0.171402659292384
3.98695,0.172001741074161
3.987555,0.171955614745258
3.98816,0.17013350684571
3.988765,0.16641437517951
3.98937,0.161869997200606
3.989975,0.157919127160061
3.99058,0.155245640876964
3.991185,0.153528983654587
3.99179,0.152201405846466
3.992395,0.151184805636321
3.993,0.150589759059641
3.993605,0.150037986156676
3.99421,0.148942007006906
3.994815,0.147477035337066
3.99542,0.146611593480657
3.996025,0.14668166028635
3.99663,0.146319368223236
3.997235,0.143630282833836
3.99784,0.138506380474916
3.998445,0.133017745942539
3.99905,0.129251299545162
3.999655,0.127360739957985
4.00026,0.126021231275926
4.000865,0.124217321941581
4.00147,0.122059074249792
4.002075,0.120065888440549
4.00268,0.118265326862275
4.003285,0.116332798677205
4.00389,0.1142685279446
4.004495,0.112325117038365
4.0051,0.110293015059724
4.005705,0.107357566159266
4.00631,0.102847971692199
4.006915,0.0970616221301577
4.00752,0.0912811223104412
4.008125,0.0868454198894469
4.00873,0.0841403160843488
4.009335,0.0824595305327313
4.00994,0.0807115035896429
4.010545,0.0782644992478712
4.01115,0.0752973307934097
4.011755,0.0724895485845851
4.01236,0.0703775805127766
4.012965,0.0688335986123439
4.01357,0.0670435724729957
4.014175,0.0641280919928566
4.01478,0.0599441587155373
4.015385,0.0552578967902151
4.01599,0.0510571839366011
4.016595,0.0477206070943353
4.0172,0.044913883707153
4.017805,0.0421929983515119
4.01841,0.0395176480423822
4.019015,0.0371174501464391
4.01962,0.0349716825057809
4.020225,0.0326687739009277
4.02083,0.029906960791478
4.021435,0.0269140252066907
4.02204,0.0241383406085473
4.022645,0.0216045624258411
4.02325,0.018787934382241
4.023855,0.0152152537555116
4.02446,0.0110529014356501
4.025065,0.00693521048847265
4.02567,0.00333193971177789
4.026275,0.000301380822974487
4.02688,-0.00221250634879565
4.027485,-0.00421201082913451
4.02809,-0.00603726327773178
4.028695,-0.00852211970665353
4.0293,-0.0120005952506643
4.029905,-0.0153186250516172
4.03051,-0.0168226282212509
4.031115,-0.0164994255948044
4.03172,-0.016333905440731
4.032325,-0.0182378480810985
4.03293,-0.0221576067481372
4.033535,-0.026569588485225
4.03414,-0.0303057339080925
4.034745,-0.0331667744605164
4.03535,-0.0352130889939019
4.035955,-0.0367441057298508
4.03656,-0.0388562110974999
4.037165,-0.0424747133870883
4.03777,-0.0466019292819665
4.038375,-0.0489437157841378
4.03898,-0.0487167847699161
4.039585,-0.0479075397827427
4.04019,-0.0493712877935455
4.040795,-0.0540768357583028
4.0414,-0.0604300366112773
4.042005,-0.0661888220916982
4.04261,-0.0706479675119043
4.043215,-0.0746045503050619
4.04382,-0.0786766735463869
4.044425,-0.0825956926584016
4.04503,-0.0861741542747845
4.045635,-0.0900564551954154
4.04624,-0.0948463265185716
4.046845,-0.0995937267588279
4.04745,-0.101913686784095
4.048055,-0.100616941548457
4.04866,-0.0982248840940169
4.049265,-0.0995002799820561
4.04987,-0.106739874277346
4.050475,-0.117487447033805
4.05108,-0.127420454466485
4.051685,-0.134361230539558
4.05229,-0.138971413804601
4.052895,-0.142932748252722
4.0535,-0.147565902029176
4.054105,-0.153553560004715
4.05471,-0.160714655048051
4.055315,-0.167482603662651
4.05592,-0.17125932511049
4.056525,-0.170743909708255
4.05713,-0.168492026757828
4.057735,-0.169894719608795
4.05834,-0.17825281405408
4.058945,-0.191300749667358
4.05955,-0.203591680043259
4.060155,-0.211843922201318
4.06076,-0.217029173420228
4.061365,-0.221854467429967
4.06197,-0.227695437774913
4.062575,-0.23425316208601
4.06318,-0.240812200228364
4.063785,-0.246313116453304
4.06439,-0.248496317898622
4.064995,-0.245283076465418
4.0656,-0.238549635144091
4.066205,-0.234950409628341
4.06681,-0.24050900287981
4.067415,-0.254484531393912
4.06802,-0.270075934682038
4.068625,-0.280908892184682
4.06923,-0.285583126071871
4.069835,-0.286556043443957
4.07044,-0.28688300697009
4.071045,-0.288589130335852
4.07165,-0.292058111028212
4.072255,-0.295249035767863
4.07286,-0.29426461497696
4.073465,-0.286596869604665
4.07407,-0.274746258165006
4.074675,-0.265691722956255
4.07528,-0.265235053465935
4.075885,-0.272748365974589
4.07649,-0.282121507761292
4.077095,-0.287447612055209
4.0777,-0.287080282657695
4.078305,-0.282923202119653
4.07891,-0.277726456674523
4.079515,-0.273787276013812
4.08012,-0.272368582696191
4.080725,-0.272091400223094
4.08133,-0.268176837698085
4.081935,-0.255838459945478
4.08254,-0.236318342529606
4.083145,-0.218537799005539
4.08375,-0.212335577450314
4.084355,-0.219374255194872
4.08496,-0.231679710399986
4.085565,-0.239357840937345
4.08617,-0.238669033490842
4.086775,-0.232517296875188
4.08738,-0.225624401578067
4.087985,-0.221072923453339
4.08859,-0.219511794019032
4.089195,-0.218847398322166
4.0898,-0.214669261557794
4.090405,-0.203116969130321
4.09101,-0.185224842785919
4.091615,-0.168215264190797
4.09222,-0.160652393259685
4.092825,-0.165159354090527
4.09343,-0.176089411574629
4.094035,-0.184712419735551
4.09464,-0.186305754319786
4.095245,-0.182085749165354
4.09585,-0.176084493625392
4.096455,-0.17189461144456
4.09706,-0.171113110720664
4.097665,-0.172391365811533
4.09827,-0.171318799255576
4.098875,-0.162796224588334
4.09948,-0.14595546010509
4.100085,-0.127391647309122
4.10069,-0.117545192937654
4.101295,-0.122005080667816
4.1019,-0.13639054181894
4.102505,-0.15039246392933
4.10311,-0.156560241747614
4.103715,-0.154800991514725
4.10432,-0.149819162027248
4.104925,-0.146300962865174
4.10553,-0.146181658555134
4.106135,-0.148213869030156
4.10674,-0.148702539913352
4.107345,-0.143312117905946
4.10795,-0.130429780734899
4.108555,-0.114233439270216
4.10916,-0.103361076477577
4.109765,-0.104540558963896
4.11037,-0.116612271289222
4.110975,-0.13116392381665
4.11158,-0.139681413098311
4.112185,-0.139988051587003
4.11279,-0.135917759085099
4.113395,-0.132408267850175
4.114,-0.13188130311987
4.114605,-0.133744652523665
4.11521,-0.134998922721275
4.115815,-0.131161248086581
4.11642,-0.119298053939505
4.117025,-0.102368154961557
4.11763,-0.0893283498397038
4.118235,-0.0884603667232206
4.11884,-0.0999253789704349
4.119445,-0.115555443618991
4.12005,-0.126233750617179
4.120655,-0.12887720133278
4.12126,-0.126390711713562
4.121865,-0.123032275411891
4.12247,-0.121383028294615
4.123075,-0.122154643579848
4.12368,-0.124097119688979
4.124285,-0.123462588615227
4.12489,-0.115876053899978
4.125495,-0.101332033751263
4.1261,-0.086923478604149
4.126705,-0.0820188033291769
4.12731,-0.0896079354929646
4.127915,-0.103399797826453
4.12852,-0.113969428197755
4.129125,-0.116806130885734
4.12973,-0.114085261144945
4.130335,-0.110448441364891
4.13094,-0.108826385725011
4.131545,-0.109534023589528
4.13215,-0.1109909500763
4.132755,-0.110104545413331
4.13336,-0.103334891785403
4.133965,-0.0899927030084218
4.13457,-0.0752283796217981
4.135175,-0.0676698366816907
4.13578,-0.072053603685474
4.136385,-0.0845093111160429
4.13699,-0.0961547619395135
4.137595,-0.100961606218323
4.1382,-0.0994636395149358
4.138805,-0.095884360891659
4.13941,-0.093558567907386
4.140015,-0.0932690294976203
4.14062,-0.0940060618038908
4.141225,-0.0935443383156332
4.14183,-0.0888838173818111
4.142435,-0.0784895690918254
4.14304,-0.0652722401010554
4.143645,-0.0559497856787052
4.14425,-0.0556454282443633
4.144855,-0.0630963267839837
4.14546,-0.0719782086579745
4.146065,-0.0766661129598515
4.14667,-0.0759845727599292
4.147275,-0.0721263866024539
4.14788,-0.0678025357217365
4.148485,-0.0648394304738044
4.14909,-0.0637838716728399
4.149695,-0.0631406169172299
4.1503,-0.0592734938238134
4.150905,-0.0490810026341576
4.15151,-0.0342645205479397
4.152115,-0.022005292076303
4.15272,-0.0193382400322104
4.153325,-0.0263760090785374
4.15393,-0.0361011164749257
4.154535,-0.0410903562816944
4.15514,-0.0395537389077841
4.155745,-0.0347221011818454
4.15635,-0.0300367843942562
4.156955,-0.0264220662137979
4.15756,-0.0233750750586208
4.158165,-0.020386438972312
4.15877,-0.0163124174436519
4.159375,-0.00896580806406821
4.15998,0.00246336518618659
4.160585,0.0146922813157689
4.16119,0.0221150354304487
4.161795,0.0222341144233812
4.1624,0.0183121317339726
4.163005,0.015976882784679
4.16361,0.0180965331828024
4.164215,0.0235218961255087
4.16482,0.0295662675857352
4.165425,0.0343559590084953
4.16603,0.0373753259969983
4.166635,0.0394583135625093
4.16724,0.0429386421016741
4.167845,0.0507272649902992
4.16845,0.0635800399407507
4.169055,0.0779093445375509
4.16966,0.0876568933048197
4.170265,0.0896142241992924
4.17087,0.086599161747806
4.171475,0.0845857659410066
4.17208,0.0870108553829332
4.172685,0.0926098910955897
4.17329,0.0983334646731378
4.173895,0.102940970475953
4.1745,0.107139972654042
4.175105,0.111406597832028
4.17571,0.115440789237512
4.176315,0.119807837204059
4.17692,0.126214679074953
4.177525,0.134920303107514
4.17813,0.142973500658195
4.178735,0.146674938610451
4.17934,0.145622900280327
4.179945,0.14311305956447
4.18055,0.142608173800601
4.181155,0.14485471091897
4.18176,0.148387258790985
4.182365,0.151651574450462
4.18297,0.154025512013496
4.183575,0.155421400630944
4.18418,0.156045748703318
4.184785,0.156929091493253
4.18539,0.159702384428399
4.185995,0.164677283320062
4.1866,0.169461257665126
4.187205,0.170848106417281
4.18781,0.168380487483583
4.188415,0.164836804360233
4.18902,0.162767755515764
4.189625,0.161961378784582
4.19023,0.161117362799315
4.190835,0.160428681583438
4.19144,0.160876649244356
4.192045,0.161891111810703
4.19265,0.161650787916125
4.193255,0.159786984338978
4.19386,0.158317113682525
4.194465,0.159164866949418
4.19507,0.16149344605482
4.195675,0.162437003130552
4.19628,0.160335608662864
4.196885,0.156467174841408
4.19749,0.153472633038326
4.198095,0.152635209974712
4.1987,0.153021653187492
4.199305,0.152976944242074
4.19991,0.151817293090834
4.200515,0.149972340533586
4.20112,0.148205020334318
4.201725,0.147101045256022
4.20233,0.146878172774025
4.202935,0.147233630926439
4.20354,0.14740108350014
4.204145,0.146649756745259
4.20475,0.144850844528849
4.205355,0.142419203374588
4.20596,0.13980716782062
4.206565,0.13736115305634
4.20717,0.135559066941128
4.207775,0.134869593257284
4.20838,0.135033054242225
4.208985,0.134804413784724
4.20959,0.133067469585836
4.210195,0.130247974017887
4.2108,0.128111476532137
4.211405,0.127882207700635
4.21201,0.128748671523654
4.212615,0.128641565483923
4.21322,0.126437188206599
4.213825,0.122897265088695
4.21443,0.119665387670897
4.215035,0.117962374157636
4.21564,0.117952645434495
4.216245,0.118712922445905
4.21685,0.118853281751655
4.217455,0.117616373910208
4.21806,0.115526478781133
4.218665,0.113763673577544
4.21927,0.113005108801625
4.219875,0.113083989388443
4.22048,0.113263623662645
4.221085,0.112592322621167
4.22169,0.110674640511997
4.222295,0.108187170074525
4.2229,0.106099943442587
4.223505,0.104603496216624
4.22411,0.103233160415822
4.224715,0.101738445767901
4.22532,0.100262329536636
4.225925,0.0987543569296981
4.22653,0.0969322844462137
4.227135,0.0949303750501702
4.22774,0.0932855410904778
4.228345,0.0921980705062108
4.22895,0.0912513192782662
4.229555,0.0897850450835087
4.23016,0.0873933378000923
4.230765,0.084245349255529
4.23137,0.0810134535750441
4.231975,0.07848219446937
4.23258,0.0771497104711926
4.233185,0.0768513134838463
4.23379,0.0765604304025229
4.234395,0.0750548544003242
4.235,0.072275201018635
4.235605,0.0696064427460776
4.23621,0.0684131226057117
4.236815,0.0686723880426484
4.23742,0.0689933692165704
4.238025,0.0674975773230388
4.23863,0.0634533212445924
4.239235,0.0593485237771847
4.23984,0.0599491972705295
4.240445,0.0655331231719597
4.24105,0.0672500787047012
4.241655,0.056897898988964
4.24226,0.0416240114377513
4.242865,0.0381010942564348
4.24347,0.0499298136032964
4.244075,0.0619259833739102
4.24468,0.0600196747423177
4.245285,0.0476914561016973
4.24589,0.0385537581815933
4.246495,0.0387268576606614
4.2471,0.0423506203056834
4.247705,0.0424386713186631
4.24831,0.0394105684174744
4.248915,0.0366683754526534
4.24952,0.0336112734238382
4.250125,0.0286731930071806
4.25073,0.0253246874712446
4.251335,0.0277524115313299
4.25194,0.0326345691197044
4.252545,0.0321096590488646
4.25315,0.0243117999282253
4.253755,0.0156470531156741
4.25436,0.0123693686452559
4.254965,0.0142212994238117
4.25557,0.0172044186274113
4.256175,0.0183914713771733
4.25678,0.0166044668198376
4.257385,0.0118538090327442
4.25799,0.00591979071308993
4.258595,0.00192073086380868
4.2592,0.00147421963703946
4.259805,0.0022171589890871
4.26041,0.000169948799289594
4.261015,-0.00486196492642
4.26162,-0.00871051072101401
4.262225,-0.00845762104821653
4.26283,-0.0062706968123371
4.263435,-0.00639344413609139
4.26404,-0.0100738200908925
4.264645,-0.0151487173843847
4.26525,-0.0193576510979422
4.265855,-0.022151710163699
4.26646,-0.0238926219057661
4.267065,-0.0249935502930274
4.26767,-0.0261429689109403
4.268275,-0.028174999923773
4.26888,-0.0309413455440879
4.269485,-0.0334211277262328
4.27009,-0.0355836902070842
4.270695,-0.0386210165146701
4.2713,-0.0426367553956656
4.271905,-0.0456008300571011
4.27251,-0.0458113493528177
4.273115,-0.0446596879120719
4.27372,-0.0454753469464208
4.274325,-0.0497997126603299
4.27493,-0.0559722513361387
4.275535,-0.0610821038707257
4.27614,-0.0634951330272003
4.276745,-0.0638332136347219
4.27735,-0.0641193936165857
4.277955,-0.0660909310503327
4.27856,-0.0698971307385397
4.279165,-0.0738957479137962
4.27977,-0.0760222179833877
4.280375,-0.0759049124558917
4.28098,-0.0753984986658876
4.281585,-0.0766275965375506
4.28219,-0.0798111846235554
4.282795,-0.0835549917270516
4.2834,-0.0867943871225833
4.284005,-0.0895056308753065
4.28461,-0.0919435912190076
4.285215,-0.094156539281798
4.28582,-0.0961217954327424
4.286425,-0.0979509810920036
4.28703,-0.0999087723724072
4.287635,-0.102030137565561
4.28824,-0.103652945886487
4.288845,-0.103779764652055
4.28945,-0.10241252942449
4.290055,-0.101300949217278
4.29066,-0.102569025660859
4.291265,-0.106525815667876
4.29187,-0.111454257055281
4.292475,-0.115513119476273
4.29308,-0.118254419220243
4.293685,-0.1202530228714
4.29429,-0.121911204482157
4.294895,-0.123229538903107
4.2955,-0.124514839529785
4.296105,-0.126325720481568
4.29671,-0.128220184377327
4.297315,-0.12841148623591
4.29792,-0.125899648261496
4.298525,-0.122764329607199
4.29913,-0.122846465824335
4.299735,-0.127560541617743
4.30034,-0.134086737534202
4.300945,-0.138380778419988
4.30155,-0.139122912956852
4.302155,-0.13813110909878
4.30276,-0.137798559962922
4.303365,-0.139047673223143
4.30397,-0.141332392144172
4.304575,-0.143466305579251
4.30518,-0.144059953478956
4.305785,-0.142025423964126
4.30639,-0.137737611599185
4.306995,-0.133687323308745
4.3076,-0.13296878154287
4.308205,-0.13648037900081
4.30881,-0.142043332896318
4.309415,-0.146557043877935
4.31002,-0.148441057089986
4.310625,-0.148004201290594
4.31123,-0.146549808147447
4.311835,-0.14557609372104
4.31244,-0.146080369607761
4.313045,-0.14781233771587
4.31365,-0.149020912993268
4.314255,-0.147431517730393
4.31486,-0.142318269095061
4.315465,-0.1359812745726
4.31607,-0.132505204575041
4.316675,-0.134124296432903
4.31728,-0.138953046669059
4.317885,-0.142959526359043
4.31849,-0.143840502896594
4.319095,-0.142366625457806
4.3197,-0.14051151910709
4.320305,-0.139312355225865
4.32091,-0.138674625804872
4.321515,-0.138267866321987
4.32212,-0.137548362612825
4.322725,-0.135149943231298
4.32333,-0.129715347531989
4.323935,-0.122212521429187
4.32454,-0.116512846630643
4.325145,-0.116146668960268
4.32575,-0.120484114092071
4.326355,-0.125241051949902
4.32696,-0.126741310314253
4.327565,-0.124789575616988
4.32817,-0.121601280396844
4.328775,-0.119107746808654
4.32938,-0.117729877653735
4.329985,-0.116942841077568
4.33059,-0.115950048967669
4.331195,-0.113699770426215
4.3318,-0.109207560668924
4.332405,-0.102796789366949
4.33301,-0.09685199038779
4.333615,-0.094254841250396
4.33422,-0.0955376902463057
4.334825,-0.0981990099792048
4.33543,-0.0991964424425483
4.336035,-0.0975572522385107
4.33664,-0.0943743520421877
4.337245,-0.0910980643648917
4.33785,-0.0884996360093666
4.338455,-0.0867529005813785
4.33906,-0.0854238194982408
4.339665,-0.0831716972561862
4.34027,-0.0784030784175052
4.340875,-0.071137156586116
4.34148,-0.0640322663415289
4.342085,-0.0604861444291348
4.34269,-0.0612240568012237
4.343295,-0.0634900040643799
4.3439,-0.0640162676560927
4.344505,-0.0620247437170947
4.34511,-0.0589524562938871
4.345715,-0.0561521250703518
4.34632,-0.053700051367383
4.346925,-0.0511342901587742
4.34753,-0.0483831964913987
4.348135,-0.0454856992693866
4.34874,-0.0419452297119402
4.349345,-0.0372204371773532
4.34995,-0.031940446138536
4.350555,-0.0278752879358728
4.35116,-0.0261570017164039
4.351765,-0.0259388359625295
4.35237,-0.0253264857554917
4.352975,-0.0232805415159532
4.35358,-0.0201536517819842
4.354185,-0.0167349410525976
4.35479,-0.0134010451878729
4.355395,-0.0102461882769731
4.356,-0.00745605201989572
4.356605,-0.00499604679406699
4.35721,-0.00211214269035358
4.357815,0.00215770852914395
4.35842,0.00763754318970011
4.359025,0.0125992085315946
4.35963,0.0153152729944766
4.360235,0.0159486920555934
4.36084,0.0163556147378789
4.361445,0.0180975289832715
4.36205,0.021148400597007
4.362655,0.0244566864771277
4.36326,0.0272298937303637
4.363865,0.0294517015768127
4.36447,0.0314736643319144
4.365075,0.0335977123824477
4.36568,0.0360914409784009
4.366285,0.0391523946506066
4.36689,0.04255164499297
4.367495,0.0455126395295259
4.3681,0.0473378983162717
4.368705,0.0481947228645074
4.36931,0.0489795808912542
4.369915,0.0503866746310824
4.37052,0.0523723865662758
4.371125,0.0545022878605529
4.37173,0.0565275214218206
4.372335,0.0584853364709048
4.37294,0.0604016395659319
4.373545,0.0621870528955181
4.37415,0.063885040873809
4.374755,0.0657947377001522
4.37536,0.0681370619288068
4.375965,0.0705937202849739
4.37657,0.0723916305258326
4.377175,0.0730406332503538
4.37778,0.0728909788415693
4.378385,0.0728325392537386
4.37899,0.073550499327413
4.379595,0.0751080298476331
4.3802,0.07704281462943
4.380805,0.0787220317558351
4.38141,0.0797314260589384
4.382015,0.0801602301866484
4.38262,0.0805766153336307
4.383225,0.0815757195899752
4.38383,0.0831897183657698
4.384435,0.0847280183379505
4.38504,0.0853397816658629
4.385645,0.0848656456777951
4.38625,0.0840741574710382
4.386855,0.0839588015254074
4.38746,0.0848637285800491
4.388065,0.086335255592885
4.38867,0.087692230076053
4.389275,0.0886199304776133
4.38988,0.0892548439064512
4.390485,0.0898775091256824
4.39109,0.0906908469832884
4.391695,0.0918287030037575
4.3923,0.0933087038960416
4.392905,0.09483605979907
4.39351,0.095823329811279
4.394115,0.0958488423853698
4.39472,0.0951303554289454
4.395325,0.094448061115098
4.39593,0.0945572793439861
4.396535,0.0956332118223709
4.39714,0.0971938025563176
4.397745,0.0985006833410768
4.39835,0.0990692266300312
4.398955,0.0989618809887295
4.39956,0.0987652934238632
4.400165,0.0991880950751488
4.40077,0.100402425241318
4.401375,0.10169638737161
4.40198,0.101959867463793
4.402585,0.100715491258939
4.40319,0.0986673882153424
4.403795,0.0971073109652503
4.4044,0.0968019224010445
4.405005,0.0975482761325405
4.40561,0.0986409311459328
4.406215,0.0994741440802684
4.40682,0.0997364834225418
4.407425,0.099433717443777
4.40803,0.0989799270157949
4.408635,0.0990317958109875
4.40924,0.0998598658726691
4.409845,0.100850951930271
4.41045,0.100879998846613
4.411055,0.0993568369919904
4.41166,0.0968787728626364
4.412265,0.0947549972629891
4.41287,0.0938879002542963
4.413475,0.0941202316776262
4.41408,0.0945602674455305
4.414685,0.0944270626952287
4.41529,0.0935749618316266
4.415895,0.0923475270898313
4.4165,0.0911848902493992
4.417105,0.0904407379617354
4.41771,0.0902605743691988
4.418315,0.0903084219822689
4.41892,0.0897333825146884
4.419525,0.087791840782799
4.42013,0.0846337458268529
4.420735,0.0813245049241673
4.42134,0.0790024884268572
4.421945,0.0780302140264852
4.42255,0.0779317402975903
4.423155,0.0780066648013034
4.42376,0.0778198600955085
4.424365,0.0771817810085156
4.42497,0.0761067032553472
4.425575,0.0750355617179485
4.42618,0.0746863489496529
4.426785,0.0751569086057687
4.42739,0.0753451639379501
4.427995,0.0739049401636153
4.4286,0.0709042574782232
4.429205,0.067977685778615
4.42981,0.0665492638658079
4.430415,0.0663518086619905
4.43102,0.0660734505270837
4.431625,0.0650625203511689
4.43223,0.0638352780202524
4.432835,0.0630745522441273
4.43344,0.0627390713071438
4.434045,0.0623432705762935
4.43465,0.061697337568696
4.435255,0.0609303270831173
4.43586,0.0599197357116505
4.436465,0.0582206799548025
4.43707,0.0556943750137402
4.437675,0.0528591316283686
4.43828,0.0504275843340279
4.438885,0.0486942899846739
4.43949,0.0475418801239735
4.440095,0.0468188805715842
4.4407,0.0463850990566209
4.441305,0.0458950128086643
4.44191,0.0449309206215014
4.442515,0.0434673969961629
4.44312,0.0419835507481623
4.443725,0.0409362287468836
4.44433,0.0401984094409304
4.444935,0.0391642056633702
4.44554,0.0373516603223193
4.446145,0.034731556538264
4.44675,0.0315229309020857
4.447355,0.0280805541236778
4.44796,0.0253751783246958
4.448565,0.0250594300502376
4.44917,0.0272644512729689
4.449775,0.0279308544420511
4.45038,0.0222013712324085
4.450985,0.0129008522167479
4.45159,0.00976346333928621
4.452195,0.0158469052411681
4.4528,0.0218184891829575
4.453405,0.0187884432749915
4.45401,0.00969497756644895
4.454615,0.00314955510842211
4.45522,0.00165348892327477
4.455825,0.000918479699784912
4.45643,-0.00165149413800704
4.457035,-0.00336310924148309
4.45764,-0.00256758103279383
4.458245,-0.00339600040057971
4.45885,-0.00932899414078089
4.459455,-0.0155975846542522
4.46006,-0.0147999145413196
4.460665,-0.00873457737442206
4.46127,-0.00728763349803666
4.461875,-0.0148356639088047
4.46248,-0.0244122696086966
4.463085,-0.027585394480274
4.46369,-0.0247779356722075
4.464295,-0.0225749300638937
4.4649,-0.0246678399922785
4.465505,-0.0292751571407354
4.46611,-0.033451714511675
4.466715,-0.0363063278419554
4.46732,-0.0380771789894643
4.467925,-0.0387929141437702
4.46853,-0.0391264720540652
4.469135,-0.0406854966999207
4.46974,-0.0438413575312695
4.470345,-0.0468164247368059
4.47095,-0.0481914219234331
4.471555,-0.0489287527008679
4.47216,-0.0510456109897063
4.472765,-0.0550855494612011
4.47337,-0.0593437595443292
4.473975,-0.0615984006634791
4.47458,-0.0617053482722634
4.475185,-0.0619279574376663
4.47579,-0.0641213737924833
4.476395,-0.0674664755712129
4.477,-0.0699025303968509
4.477605,-0.070841014677546
4.47821,-0.0715090051279407
4.478815,-0.0732227050331607
4.47942,-0.0759181085046644
4.480025,-0.0784397616013687
4.48063,-0.0802007013614086
4.481235,-0.0819238489009279
4.48184,-0.0844389616056941
4.482445,-0.0875891467510772
4.48305,-0.0908022050774896
4.483655,-0.0938235101448026
4.48426,-0.0962036111444492
4.484865,-0.0971656554361156
4.48547,-0.0970504654491248
4.486075,-0.0977584180414053
4.48668,-0.100434728645503
4.487285,-0.103565300220962
4.48789,-0.10472072526136
4.488495,-0.103938884962513
4.4891,-0.104134599883033
4.489705,-0.107646182876749
4.49031,-0.113212613544917
4.490915,-0.117282056678841
4.49152,-0.117948654456972
4.492125,-0.116661518600323
4.49273,-0.116222679015317
4.493335,-0.118161581947272
4.49394,-0.121948509136889
4.494545,-0.125476436383124
4.49515,-0.126284428995804
4.495755,-0.123653272712846
4.49636,-0.119938702284627
4.496965,-0.118997594326418
4.49757,-0.122627932872694
4.498175,-0.128805153557339
4.49878,-0.133840570633421
4.499385,-0.135925485142432
4.49999,-0.136142447120291
4.500595,-0.136520705954486
4.5012,-0.137864126606875
4.501805,-0.139545261282587
4.50241,-0.140817141157792
4.503015,-0.141596458056864
4.50362,-0.141874614346579
4.504225,-0.141137784117221
4.50483,-0.139206108052558
4.505435,-0.137457524663918
4.50604,-0.138079130471227
4.506645,-0.141631523207284
4.50725,-0.146122313266693
4.507855,-0.14891645213896
4.50846,-0.149081374187187
4.509065,-0.147697004544735
4.50967,-0.146440516554537
4.510275,-0.146344805926669
4.51088,-0.147551952257684
4.511485,-0.14925034496185
4.51209,-0.149514528719751
4.512695,-0.146318311008054
4.5133,-0.140015833216333
4.513905,-0.134471814900547
4.51451,-0.134079567147254
4.515115,-0.139163217288936
4.51572,-0.145466872493833
4.516325,-0.148542694946629
4.51693,-0.147674861330372
4.517535,-0.145340708952936
4.51814,-0.143970933758613
4.518745,-0.143982716955635
4.51935,-0.144389399019239
4.519955,-0.144118209270478
4.52056,-0.142324793361092
4.521165,-0.138430587261068
4.52177,-0.133046545607552
4.522375,-0.128567297163007
4.52298,-0.127474508697297
4.523585,-0.129661500069489
4.52419,-0.132368395067183
4.524795,-0.133045899499529
4.5254,-0.131487350395213
4.526005,-0.129078457653496
4.52661,-0.1269536961028
4.527215,-0.125386932492344
4.52782,-0.124329978660403
4.528425,-0.1235517727179
4.52903,-0.122038283875756
4.529635,-0.118175594702225
4.53024,-0.111583619896847
4.530845,-0.104658594429388
4.53145,-0.101113458931199
4.532055,-0.102333673416677
4.53266,-0.105856505717509
4.533265,-0.107970609092865
4.53387,-0.107145418867348
4.534475,-0.104509957060252
4.53508,-0.101810269032498
4.535685,-0.0997535639949467
4.53629,-0.0981306893388729
4.536895,-0.0965789562589155
4.5375,-0.0945828492527595
4.538105,-0.0912163462779055
4.53871,-0.0859241051268491
4.539315,-0.0798323925997521
4.53992,-0.0754794989519455
4.540525,-0.0744669627031247
4.54113,-0.0756554584975508
4.541735,-0.0762853907094881
4.54234,-0.0746395775739369
4.542945,-0.0711618234014021
4.54355,-0.0673395862120667
4.544155,-0.0641954936799393
4.54476,-0.0619175300288204
4.545365,-0.0601960207150593
4.54597,-0.058215839613616
4.546575,-0.0546532179635299
4.54718,-0.0487084879610126
4.547785,-0.0415707881472788
4.54839,-0.0361472016443349
4.548995,-0.0344414130877557
4.5496,-0.0354040263093143
4.550205,-0.0361091195896718
4.55081,-0.0347738320041888
4.551415,-0.0319006676919581
4.55202,-0.0288142746801701
4.552625,-0.0260381179287916
4.55323,-0.0233119545973552
4.553835,-0.0205127771856567
4.55444,-0.0178520930125604
4.555045,-0.0152312987164919
4.55565,-0.0120418371553907
4.556255,-0.00797397235147766
4.55686,-0.00374138330547361
4.557465,-0.000504015278985454
4.55807,0.0014053262757006
4.558675,0.00274464776540003
4.55928,0.00440986228333843
4.559885,0.00669186294561354
4.56049,0.00946429048510717
4.561095,0.0125869195165178
4.5617,0.0158491222532102
4.562305,0.018823108212616
4.56291,0.0212334353110326
4.563515,0.0234732510151599
4.56412,0.0263720011379521
4.564725,0.0302111297876732
4.56533,0.0341065344607304
4.565935,0.0367356621199696
4.56654,0.0377821125953996
4.567145,0.0382989610889319
4.56775,0.0395000349976082
4.568355,0.0415774845911293
4.56896,0.0438760492862658
4.569565,0.0458685039007891
4.57017,0.047656406596495
4.570775,0.0496025046905003
4.57138,0.0517482043917787
4.571985,0.0537855039956412
4.57259,0.0555562065279858
4.573195,0.0573133275880842
4.5738,0.059300949591533
4.574405,0.061263840853937
4.57501,0.0626861756290742
4.575615,0.0634677876494641
4.57622,0.0641063292161136
4.576825,0.065192077305269
4.57743,0.0668739509710955
4.578035,0.0688408162275927
4.57864,0.0706902722982911
4.579245,0.0722246643700815
4.57985,0.0734968502871325
4.580455,0.0747395609929613
4.58106,0.0762254716356254
4.581665,0.0780182258292534
4.58227,0.0797864036697276
4.582875,0.0809944624179094
4.58348,0.0814390381573407
4.584085,0.0815448598062857
4.58469,0.0819705906699805
4.585295,0.0829674666740905
4.5859,0.0842677803571572
4.586505,0.0855050343604038
4.58711,0.0865341990474329
4.587715,0.0873785600754309
4.58832,0.0881013708685642
4.588925,0.08884212454758
4.58953,0.0898277358428621
4.590135,0.0911173326759305
4.59074,0.0923121701167768
4.591345,0.0927322161138672
4.59195,0.0920640973517763
4.592555,0.0908066357067479
4.59316,0.0899672690761762
4.593765,0.0902843939247202
4.59437,0.0916956155575002
4.594975,0.0934292407014983
4.59558,0.0945781112450972
4.596185,0.0947581198801159
4.59679,0.0944173872917941
4.597395,0.0945228798677142
4.598,0.0957221002368872
4.598605,0.0976133711069812
4.59921,0.0989664829954517
4.599815,0.0988862391233256
4.60042,0.0976865451370229
4.601025,0.0964401990624023
4.60163,0.0958134537931727
4.602235,0.0956738440836457
4.60284,0.0957517099230016
4.603445,0.0960973156010685
4.60405,0.0966415539321696
4.604655,0.0968598302956375
4.60526,0.0964030139365063
4.605865,0.0958120379070115
4.60647,0.0960372428625341
4.607075,0.0971821716672838
4.60768,0.098143455443863
4.608285,0.0977147048233808
4.60889,0.0958305611948639
4.609495,0.0935641224012217
4.6101,0.0920840329328559
4.610705,0.0917814090887722
4.61131,0.0922239475965383
4.611915,0.0926531347019
4.61252,0.0925545779324747
4.613125,0.0919926394717925
4.61373,0.0914739552236504
4.614335,0.0914597975941593
4.61494,0.0919788114860444
4.615545,0.0926144053696443
4.61615,0.0928118535713386
4.616755,0.0922002633102822
4.61736,0.0906658313458274
4.617965,0.0883659622541669
4.61857,0.0858670646774051
4.619175,0.0840144843299108
4.61978,0.0833062057525607
4.620385,0.0833832311043287
4.62099,0.0833135313956072
4.621595,0.0824545349659454
4.6222,0.0810156939814753
4.622805,0.0797592404163584
4.62341,0.0791914241765136
4.624015,0.0791175427208245
4.62462,0.0789244080233902
4.625225,0.0780616833728588
4.62583,0.076219005236118
4.626435,0.0734104709551655
4.62704,0.0701737451718253
4.627645,0.0674892944288667
4.62825,0.0661275277579354
4.628855,0.0659526146266863
4.62946,0.0660076482804122
4.630065,0.0653968354000757
4.63067,0.0640644297910094
4.631275,0.0627242392265764
4.63188,0.0620969159650049
4.632485,0.0622060121080912
4.63309,0.0623443204940232
4.633695,0.0616821366147226
4.6343,0.0599462124969386
4.634905,0.0576158302644802
4.63551,0.0555124806545172
4.636115,0.054124981969127
4.63672,0.0532646690784635
4.637325,0.0523964165141265
4.63793,0.0512566310691396
4.638535,0.0500202311024864
4.63914,0.0489329175176463
4.639745,0.0480157307580292
4.64035,0.0471732702862779
4.640955,0.0464004242101017
4.64156,0.0457013724011666
4.642165,0.044824157346581
4.64277,0.0433005133646558
4.643375,0.0409029359818949
4.64398,0.0379764516207172
4.644585,0.0352079826456013
4.64519,0.0330766919498627
4.645795,0.0315610106078922
4.6464,0.03034301767346
4.647005,0.0291766268713545
4.64761,0.0279841020816694
4.648215,0.0267061514487637
4.64882,0.0252557358088554
4.649425,0.0236773954864921
4.65003,0.0221961153621389
4.650635,0.0209416191898238
4.65124,0.0196660391728288
4.651845,0.0178964411264243
4.65245,0.0154292868523991
4.653055,0.0125694649722217
4.65366,0.0097909869576083
4.654265,0.00730873496722068
4.65487,0.00511323928389913
4.655475,0.00319788134701437
4.65608,0.00151336268780307
4.656685,-0.000189286516151198
4.65729,-0.00222884272747283
4.657895,-0.00452150634022532
4.6585,-0.00638018933295571
4.659105,-0.00751202782139241
4.65971,-0.00919496109395015
4.660315,-0.0127831891608988
4.66092,-0.016894035622399
4.661525,-0.0188607409239372
4.66213,-0.0191929933721445
4.662735,-0.0210634939905632
4.66334,-0.0251734123359252
4.663945,-0.028678322626741
4.66455,-0.0296967560486668
4.665155,-0.0300926946161114
4.66576,-0.0324543737662366
4.666365,-0.0359283492528833
4.66697,-0.0375859994305452
4.667575,-0.0375617393507837
4.66818,-0.0391842093439188
4.668785,-0.043161899630598
4.66939,-0.0459338503342917
4.669995,-0.0457300324904165
4.6706,-0.0460676580644965
4.671205,-0.0504886707169529
4.67181,-0.0570325624028805
4.672415,-0.0608453435631911
4.67302,-0.0604884281335019
4.673625,-0.0591178424051832
4.67423,-0.0600602670823311
4.674835,-0.063398266315405
4.67544,-0.0671200915996114
4.676045,-0.0698204861264128
4.67665,-0.0714146249311287
4.677255,-0.0724055844995535
4.67786,-0.0735047828923341
4.678465,-0.0753422134184155
4.67907,-0.0778650518554829
4.679675,-0.080486537020106
4.68028,-0.082891575135328
4.680885,-0.0850332936430302
4.68149,-0.0866718945816558
4.682095,-0.0877702958859721
4.6827,-0.0890161329648842
4.683305,-0.0910825650748235
4.68391,-0.0934198368916463
4.684515,-0.0945536406134638
4.68512,-0.093864263150185
4.685725,-0.0926560119359915
4.68633,-0.093225179674066
4.686935,-0.096789588877199
4.68754,-0.102172841017097
4.688145,-0.106789995946605
4.68875,-0.109113194292974
4.689355,-0.109776851250566
4.68996,-0.11039584134474
4.690565,-0.112006249500712
4.69117,-0.114581965378996
4.691775,-0.117367339803205
4.69238,-0.119496682616997
4.692985,-0.120522661252916
4.69359,-0.120443994666333
4.694195,-0.119609366344895
4.6948,-0.119104460401651
4.695405,-0.120612339701877
4.69601,-0.124754118859164
4.696615,-0.129776569537104
4.69722,-0.132904644329908
4.697825,-0.133174482008783
4.69843,-0.132370691320881
4.699035,-0.132962378692368
4.69964,-0.135633952793853
4.700245,-0.139052858815389
4.70085,-0.141183575421348
4.701455,-0.140407355128742
4.70206,-0.136602004495215
4.702665,-0.13213030605927
4.70327,-0.130778501782174
4.703875,-0.134332547947625
4.70448,-0.140531299980475
4.705085,-0.145445104700394
4.70569,-0.147481616623017
4.706295,-0.148006866242568
4.7069,-0.148564370437286
4.707505,-0.1490582885828
4.70811,-0.148970164652358
4.708715,-0.148993317790166
4.70932,-0.150169556315232
4.709925,-0.151697744969296
4.71053,-0.151064284879968
4.711135,-0.147194350022024
4.71174,-0.142662226994049
4.712345,-0.141445764385925
4.71295,-0.144576473774452
4.713555,-0.149169682063086
4.71416,-0.151773672160505
4.714765,-0.15155589227839
4.71537,-0.150045025135067
4.715975,-0.148834343445009
4.71658,-0.148307078795058
4.717185,-0.148182178046873
4.71779,-0.148086057743685
4.718395,-0.147041838550672
4.719,-0.143468116638064
4.719605,-0.13704160668274
4.72021,-0.130403455638261
4.720815,-0.127617815486565
4.72142,-0.130151918154959
4.722025,-0.135117872357707
4.72263,-0.138209028341485
4.723235,-0.137729693757691
4.72384,-0.135175473057666
4.724445,-0.13270872406588
4.72505,-0.131122494959519
4.725655,-0.130095812172699
4.72626,-0.129218750289045
4.726865,-0.127951185173685
4.72747,-0.125257461515959
4.728075,-0.120541838617017
4.72868,-0.115070424929918
4.729285,-0.111428926163685
4.72989,-0.110966099906331
4.730495,-0.112417097291123
4.7311,-0.113508482333105
4.731705,-0.113146525274566
4.73231,-0.111578135567513
4.732915,-0.109283492575751
4.73352,-0.106583364843312
4.734125,-0.104098167645543
4.73473,-0.10255678789513
4.735335,-0.101487074583448
4.73594,-0.0987399438934921
4.736545,-0.0925208607952655
4.73715,-0.0841781494761371
4.737755,-0.0779961130640608
4.73836,-0.077174967662083
4.738965,-0.0803719086854011
4.73957,-0.0831902520571301
4.740175,-0.082702608450883
4.74078,-0.0795507703486501
4.741385,-0.0760183207999325
4.74199,-0.0733015464305749
4.742595,-0.0710767469099264
4.7432,-0.0688464136351853
4.743805,-0.0665467532980647
4.74441,-0.0637960052235825
4.745015,-0.059631905767874
4.74562,-0.0538449413777328
4.746225,-0.0481680919294455
4.74683,-0.0450246817954902
4.747435,-0.0448773425651368
4.74804,-0.04563837016667
4.748645,-0.0449033828233265
4.74925,-0.0420977608502311
4.749855,-0.0382961352407367
4.75046,-0.0346518256359006
4.751065,-0.0315318149626497
4.75167,-0.0288145971659359
4.752275,-0.0262024036472836
4.75288,-0.0230080896895634
4.753485,-0.0183054545116802
4.75409,-0.0120562901524369
4.754695,-0.00597536657973049
4.7553,-0.00237459051242597
4.755905,-0.0017834348703405
4.75651,-0.00234531971794939
4.757115,-0.00182024151150129
4.75772,0.000440779778444225
4.758325,0.00365103051792463
4.75893,0.00693095732644978
4.759535,0.0099664401195636
4.76014,0.0126796975948354
4.760745,0.0149457318758607
4.76135,0.0169332483279211
4.761955,0.0193613680902459
4.76256,0.0228458861087267
4.763165,0.0269190449822361
4.76377,0.0301956110618787
4.764375,0.031840034945145
4.76498,0.0325635450760336
4.765585,0.0338340512663028
4.76619,0.036326568124662
4.766795,0.0394509728026052
4.7674,0.0422073769048022
4.768005,0.0441471097586565
4.76861,0.0455183901958953
4.769215,0.0468351451640833
4.76982,0.0485440613028494
4.770425,0.0509413454070399
4.77103,0.0540298589427899
4.771635,0.057273646044796
4.77224,0.0597308453388256
4.772845,0.0608306213799605
4.77345,0.0610347303191916
4.774055,0.0614239140881847
4.77466,0.0626307203509079
4.775265,0.0644129072496177
4.77587,0.0661649633465287
4.776475,0.0675379895754222
4.77708,0.0685472460900925
4.777685,0.0693522846165923
4.77829,0.0701683269214424
4.778895,0.0713151454127492
4.7795,0.0730224959922938
4.780105,0.0750164240242351
4.78071,0.0765166276976348
4.781315,0.0769600809896323
4.78192,0.0767155165725876
4.782525,0.0768178484950337
4.78313,0.0779425808069262
4.783735,0.0798161356256059
4.78434,0.0816450874038514
4.784945,0.0829433485675898
4.78555,0.0838634255888589
4.786155,0.0848640785438965
4.78676,0.0862425744485607
4.787365,0.087969446744959
4.78797,0.0897816126134064
4.788575,0.0913191412482643
4.78918,0.0922475471685662
4.789785,0.0924537557466165
4.79039,0.0922409733656954
4.790995,0.0921896789328766
4.7916,0.0926705872751992
4.792205,0.0935618644833873
4.79281,0.0944929297798827
4.793415,0.0952235186738319
4.79402,0.0957136970050049
4.794625,0.0959946833861713
4.79523,0.0961728203384345
4.795835,0.0965423987902375
4.79644,0.0974598395340477
4.797045,0.0988509509215212
4.79765,0.0998599503605117
4.798255,0.0993911115661741
4.79886,0.0973325415942381
4.799465,0.0950380075454305
4.80007,0.0942152495146528
4.800675,0.0953169954260484
4.80128,0.0971989991145009
4.801885,0.0983409119289032
4.80249,0.0982159694114374
4.803095,0.0974544559150605
4.8037,0.0970129883441118
4.804305,0.0974486050615869
4.80491,0.0986952611233577
4.805515,0.1000504638234
4.80612,0.100442239548465
4.806725,0.0992492716462891
4.80733,0.0970805716973346
4.807935,0.0954028550954652
4.80854,0.095118460164698
4.809145,0.09566112533876
4.80975,0.0957276082773838
4.810355,0.0948702294554626
4.81096,0.0940205824293159
4.811565,0.0941733302605827
4.81217,0.094950015854914
4.812775,0.0950815172303455
4.81338,0.0941326093055226
4.813985,0.0930215937227207
4.81459,0.0925971254500899
4.815195,0.0922448281925254
4.8158,0.0905861265761685
4.816405,0.0874678590708998
4.81701,0.0844756174575879
4.817615,0.0831973076002731
4.81822,0.0835478202866244
4.818825,0.0841655805920957
4.81943,0.0840134644984626
4.820035,0.0831145439975752
4.82064,0.0820447825461628
4.821245,0.081329930593558
4.82185,0.0812675070724584
4.822455,0.0817706401653129
4.82306,0.0821908061440773
4.823665,0.0816295297212284
4.82427,0.079752568610751
4.824875,0.0771925793614257
4.82548,0.0749360643721167
4.826085,0.0734672441666721
4.82669,0.0726734696035077
4.827295,0.0723019802518519
4.8279,0.0721186479308132
4.828505,0.0716668954056089
4.82911,0.0703964860998851
4.829715,0.0684225299431272
4.83032,0.0668234285849113
4.830925,0.0665544682486396
4.83153,0.0670385074088369
4.832135,0.0664381411042085
4.83274,0.0636787609623546
4.833345,0.0597839807743336
4.83395,0.0567546448607921
4.834555,0.0554521827917868
4.83516,0.0550860461206719
4.835765,0.0545404512728121
4.83637,0.0535602223931458
4.836975,0.0525119394025803
4.83758,0.0515406356160874
4.838185,0.0504586296643884
4.83879,0.0492899072430285
4.839395,0.0484078597658862
4.84,0.0479420528926675
4.840605,0.0473213107427231
4.84121,0.0457486388122277
4.841815,0.0431061304627287
4.84242,0.0401182356003344
4.843025,0.0375976043531121
4.84363,0.035769995881326
4.844235,0.0343859835070769
4.84484,0.0331967741804255
4.845445,0.0320714492200388
4.84605,0.0308155386202024
4.846655,0.029238911600704
4.84726,0.0274755994073328
4.847865,0.0259711944346082
4.84847,0.0249258659196341
4.849075,0.0238388082173029
4.84968,0.0218739570781805
4.850285,0.0187605851069083
4.85089,0.0151746983839954
4.851495,0.0121371162163613
4.8521,0.0101236301460996
4.852705,0.00881252477946736
4.85331,0.00755874283238234
4.853915,0.00595576408594021
4.85452,0.00399849307546584
4.855125,0.00192578643070432
4.85573,3.80609483593952e-05
4.856335,-0.00142158252221564
4.85694,-0.00242584311418704
4.857545,-0.00332747208008406
4.85815,-0.00474886619184881
4.858755,-0.00708230389482286
4.85936,-0.0100625922658067
4.859965,-0.0129997243806356
4.86057,-0.015452388910419
4.861175,-0.0175031391094226
4.86178,-0.0194145619058588
4.862385,-0.0212822711281491
4.86299,-0.0231066781350429
4.863595,-0.0250245653625061
4.8642,-0.0272510733092432
4.864805,-0.0297215937785015
4.86541,-0.0319657011882846
4.866015,-0.0335874209042153
4.86662,-0.0348633102186098
4.867225,-0.0365998547298128
4.86783,-0.0392780972501649
4.868435,-0.042535927235646
4.86904,-0.0455934200954048
4.869645,-0.0479704957320331
4.87025,-0.0497183275642113
4.870855,-0.0512085075990434
4.87146,-0.0528505648883207
4.872065,-0.0548897031132779
4.87267,-0.057265835077778
4.873275,-0.0595502354734289
4.87388,-0.0611431200027384
4.874485,-0.0618165917350961
4.87509,-0.0621790804981443
4.875695,-0.063378061397272
4.8763,-0.0660600938299788
4.876905,-0.0697149453868299
4.87751,-0.0732556668374001
4.878115,-0.076047494998467
4.87872,-0.0781641245521791
4.879325,-0.079947284663672
4.87993,-0.0816850023665214
4.880535,-0.0836420321792193
4.88114,-0.0860151235218962
4.881745,-0.08858818001317
4.88235,-0.090627565370011
4.882955,-0.0915415742505226
4.88356,-0.0917327371419555
4.884165,-0.0924947898528478
4.88477,-0.0948053113231343
4.885375,-0.0983491479509556
4.88598,-0.101947834687557
4.886585,-0.104728696267413
4.88719,-0.106613850734513
4.887795,-0.107960611679059
4.8884,-0.109162574413487
4.889005,-0.110623309324777
4.88961,-0.112707244516751
4.890215,-0.115205697402311
4.89082,-0.11690450215308
4.891425,-0.116425625512232
4.89203,-0.114017029320233
4.892635,-0.112094563437105
4.89324,-0.113265896737644
4.893845,-0.117820234655782
4.89445,-0.123615394346955
4.895055,-0.12818102267777
4.89566,-0.130468425357463
4.896265,-0.131040011691669
4.89687,-0.131331723016364
4.897475,-0.132642806131551
4.89808,-0.135177430552309
4.898685,-0.137703751194589
4.89929,-0.138429623413531
4.899895,-0.136713749125478
4.9005,-0.134030169622417
4.901105,-0.132972384651783
4.90171,-0.134998842399419
4.902315,-0.13912977626113
4.90292,-0.143070774520843
4.903525,-0.145482141687218
4.90413,-0.146685111588008
4.904735,-0.147382603696693
4.90534,-0.147694844080151
4.905945,-0.147766863983445
4.90655,-0.148364674672129
4.907155,-0.149926664831138
4.90776,-0.151194920732033
4.908365,-0.149753916728852
4.90897,-0.14478497489234
4.909575,-0.139110981788599
4.91018,-0.13730600239823
4.910785,-0.1411787815727
4.91139,-0.147873936261199
4.911995,-0.152845987395346
4.9126,-0.153996367621174
4.913205,-0.152620810029095
4.91381,-0.151153036441587
4.914415,-0.150777913481277
4.91502,-0.151142445654568
4.915625,-0.151495011395477
4.91623,-0.15116907096475
4.916835,-0.149186728711074
4.91744,-0.144801492339274
4.918045,-0.139164412428559
4.91865,-0.135420759328007
4.919255,-0.135901135554133
4.91986,-0.139496202450137
4.920465,-0.142705578288269
4.92107,-0.143022276380711
4.921675,-0.140664116877523
4.92228,-0.137531662890478
4.922885,-0.135306149337402
4.92349,-0.134423470783734
4.924095,-0.134207983372147
4.9247,-0.133385927361908
4.925305,-0.130442147604996
4.92591,-0.124513929662425
4.926515,-0.116952409145608
4.92712,-0.111396264398455
4.927725,-0.110841510268401
4.92833,-0.114485155216255
4.928935,-0.118425561999167
4.92954,-0.119471883787447
4.930145,-0.117494796831096
4.93075,-0.114386971176236
4.931355,-0.111818750668011
4.93196,-0.110221604868394
4.932565,-0.109160196072661
4.93317,-0.107803692564035
4.933775,-0.105026654192819
4.93438,-0.100031397063387
4.934985,-0.0936035480808015
4.93559,-0.0883019323279103
4.936195,-0.0864232336628098
4.9368,-0.0875987162246427
4.937405,-0.0891061172440284
4.93801,-0.0886694424384843
4.938615,-0.0862497595092045
4.93922,-0.0831322523434459
4.939825,-0.080215650516944
4.94043,-0.0776362273023355
4.941035,-0.0754235418504907
4.94164,-0.0735342851408137
4.942245,-0.0710867953453202
4.94285,-0.0665314844756102
4.943455,-0.0595084265437792
4.94406,-0.0523034134669441
4.944665,-0.0483489770190533
4.94527,-0.0487777453637049
4.945875,-0.0511763864176661
4.94648,-0.0521300667336955
4.947085,-0.0503007848626025
4.94769,-0.0467847980195806
4.948295,-0.0432649425968809
4.9489,-0.0404577186014414
4.949505,-0.0381452592643767
4.95011,-0.0359083194930215
4.950715,-0.0332875852073557
4.95132,-0.0296188614909346
4.951925,-0.0245227808706314
4.95253,-0.0188268763905332
4.953135,-0.0144099680226693
4.95374,-0.0124632928398817
4.954345,-0.0121430681145275
4.95495,-0.0114572501730881
4.955555,-0.00922615575586203
4.95616,-0.00579704131611411
4.956765,-0.00216441948150729
4.95737,0.00106350659368433
4.957975,0.00380955819949355
4.95858,0.00621627785363556
4.959185,0.00867031977825753
4.95979,0.011927644505793
4.960395,0.0165860342752043
4.961,0.0220826441570981
4.961605,0.0265995500359744
4.96221,0.0286462980600063
4.962815,0.0286876134369252
4.96342,0.0286771213788549
4.964025,0.030090453681099
4.96463,0.0328379413888633
4.965235,0.0359099192410788
4.96584,0.0385501924160524
4.966445,0.0406784775534042
4.96705,0.0425658561475969
4.967655,0.0444945566139885
4.96826,0.0466806600750631
4.968865,0.0492146013956451
4.96947,0.0518951594344933
4.970075,0.0542127485775313
4.97068,0.0557543253520739
4.971285,0.056679614589431
4.97189,0.0575888741667215
4.972495,0.0588923404555869
4.9731,0.0604918377518346
4.973705,0.06208773827949
4.97431,0.0636094759280213
4.974915,0.0652256079590769
4.97552,0.0670216157848691
4.976125,0.0688506517818625
4.97673,0.0705428566762632
4.977335,0.0721421996635714
4.97794,0.0737953457814282
4.978545,0.075389742646569
4.97915,0.076512004003468
4.979755,0.0769541271724628
4.98036,0.0771091572016136
4.980965,0.0776351175664753
4.98157,0.0787897475373276
4.982175,0.0802494155764502
4.98278,0.0815340012566845
4.983385,0.0824839861571444
4.98399,0.0833266483340522
4.984595,0.0843724433984144
4.9852,0.0857029985842089
4.985805,0.0871319092982152
4.98641,0.0883789414844156
4.987015,0.0892159734276291
4.98762,0.0895548159339744
4.988225,0.0895663001806858
4.98883,0.0896586963509105
4.989435,0.0901665699879952
4.99004,0.0910591598639246
4.990645,0.0920221396889694
4.99125,0.092792205859106
4.991855,0.0933766861489355
4.99246,0.0939893722777176
4.993065,0.0948313278770237
4.99367,0.0959308982828817
4.994275,0.0971311884652635
4.99488,0.0981934820035075
4.995485,0.098905848419822
4.99609,0.0991199469912627
4.996695,0.0988439515113657
4.9973,0.0983897546193766
4.997905,0.0982053075741263
4.99851,0.0984236357872871
4.999115,0.0987935990891802
4.99972,0.099117617622054
5.000325,0.0994785828841871
5.00093,0.099935423266718
5.001535,0.100263329174997
5.00214,0.100242747989029
5.002745,0.100101250382755
5.00335,0.100322906908699
5.003955,0.10086907493426
5.00456,0.100872519888542
5.005165,0.0995095277172221
5.00577,0.0971710436908283
5.006375,0.0953588623847417
5.00698,0.0952276131420167
5.007585,0.0964408004938348
5.00819,0.097558269685603
5.008795,0.0974334121101152
5.0094,0.0962555207980362
5.010005,0.0952707950263103
5.01061,0.0954467109711827
5.011215,0.0965162557030338
5.01182,0.0973775872150504
5.012425,0.0971852058450606
5.01303,0.0959179954775231
5.013635,0.0941105751845727
5.01424,0.0923098857577062
5.014845,0.0908238050871464
5.01545,0.0897666889680359
5.016055,0.0891119877510147
5.01666,0.088684600467328
5.017265,0.0882160295160835
5.01787,0.0875057796963679
5.018475,0.0865650316203055
5.01908,0.0855966522125106
5.019685,0.0848555858353425
5.02029,0.0844489285934747
5.020895,0.0840679224433384
5.0215,0.0829681620899674
5.022105,0.0805697562635974
5.02271,0.0772516910226499
5.023315,0.0743171616131589
5.02392,0.0728571449459166
5.024525,0.0727171538522366
5.02513,0.0728425473003732
5.025735,0.0724594767012789
5.02634,0.0715907157320476
5.026945,0.0706340952986215
5.02755,0.0698423400270218
5.028155,0.0692371799087581
5.02876,0.0688189225566428
5.029365,0.0686071934579388
5.02997,0.0683132046718169
5.030575,0.067235133788274
5.03118,0.0650047047705818
5.031785,0.0623767058077355
5.03239,0.0606129161397501
5.032995,0.0600165414378477
5.0336,0.0597105179702036
5.034205,0.0588818535097215
5.03481,0.0576119342501712
5.035415,0.0563917424892253
5.03602,0.0553617910859871
5.036625,0.0543391515946503
5.03723,0.0533100221909132
5.037835,0.0524498374511999
5.03844,0.0516183961873313
5.039045,0.0501927215660243
5.03965,0.0477078905510396
5.040255,0.0445820395111927
5.04086,0.0418435899679877
5.041465,0.0400767048881677
5.04207,0.0389660342929731
5.042675,0.0379121000038912
5.04328,0.0367092979660922
5.043885,0.0354805435309253
5.04449,0.0342694778620195
5.045095,0.0330185756838246
5.0457,0.0318429864080467
5.046305,0.0309585839954067
5.04691,0.030207981373092
5.047515,0.0288971298367348
5.04812,0.0264225410867959
5.048725,0.0230682004480187
5.04933,0.0198621687511687
5.049935,0.0175645659715055
5.05054,0.0160647743933517
5.051145,0.014760623291136
5.05175,0.0131987201777622
5.052355,0.011275584128226
5.05296,0.0090925534216889
5.053565,0.00686232946527744
5.05417,0.00488640169388666
5.054775,0.00334176795571497
5.05538,0.00196985181384219
5.055985,0.000122355831826486
5.05659,-0.00266449989158382
5.057195,-0.00608340414811282
5.0578,-0.0092370047760061
5.058405,-0.0115141596864202
5.05901,-0.013094564968453
5.059615,-0.014534824145383
5.06022,-0.0161493336724415
5.060825,-0.0179437449676199
5.06143,-0.0198944676961689
5.062035,-0.0219925737322517
5.06264,-0.0240544303141067
5.063245,-0.0257535761686359
5.06385,-0.0269901922307669
5.064455,-0.0281855992878822
5.06506,-0.030028362394968
5.065665,-0.0327693611949908
5.06627,-0.0358880735379637
5.066875,-0.0386384208332075
5.06748,-0.0407822460271903
5.068085,-0.0426202069339546
5.06869,-0.0444965877163224
5.069295,-0.0465273956359508
5.0699,-0.0487356557943957
5.070505,-0.0511433841979274
5.07111,-0.053582650147396
5.071715,-0.0556144367125866
5.07232,-0.0569164727778286
5.072925,-0.057802898686445
5.07353,-0.0591601188344668
5.074135,-0.0616484938362346
5.07474,-0.0650127780768149
5.075345,-0.0683562963671979
5.07595,-0.0710038023483608
5.076555,-0.0729217148271767
5.07716,-0.0744623432083433
5.077765,-0.0760049645414676
5.07837,-0.0778561312521531
5.078975,-0.0801759085623207
5.07958,-0.0826758281969509
5.080185,-0.0844814443905709
5.08079,-0.0847931052440108
5.081395,-0.0840122540123482
5.082,-0.0839067955705211
5.082605,-0.0860802978212705
5.08321,-0.0902713874673812
5.083815,-0.0946507920137954
5.08442,-0.097758386298436
5.085025,-0.0996469946255711
5.08563,-0.101209900388041
5.086235,-0.103008424357177
5.08684,-0.105009362804001
5.087445,-0.107089419894061
5.08805,-0.109223106538789
5.088655,-0.111069825828586
5.08926,-0.111925918533862
5.089865,-0.111612478078983
5.09047,-0.111249882547485
5.091075,-0.112525362950983
5.09168,-0.115979798337939
5.092285,-0.12045931322148
5.09289,-0.124360860609082
5.093495,-0.126885029238655
5.0941,-0.128084627966083
5.094705,-0.128493230660918
5.09531,-0.129053578178847
5.095915,-0.130769917416561
5.09652,-0.133616681892904
5.097125,-0.135818764169054
5.09773,-0.135097149046091
5.098335,-0.131284019112665
5.09894,-0.127400688383757
5.099545,-0.127327730226746
5.10015,-0.132052836580909
5.100755,-0.138680562760775
5.10136,-0.143398346290933
5.101965,-0.144846790133639
5.10257,-0.144453611415568
5.103175,-0.144349812464964
5.10378,-0.145520807078377
5.104385,-0.147576190473833
5.10499,-0.149524640169392
5.105595,-0.150344176731759
5.1062,-0.149240497468817
5.106805,-0.146232964371777
5.10741,-0.142805071674655
5.108015,-0.141383809323157
5.10862,-0.143345743042849
5.109225,-0.147524888195359
5.10983,-0.151244771001745
5.110435,-0.152741549872205
5.11104,-0.152250824293357
5.111645,-0.151147467813409
5.11225,-0.150594315801494
5.112855,-0.150932073990709
5.11346,-0.151729051648097
5.114065,-0.151818284951444
5.11467,-0.14958076247938
5.115275,-0.144307342195168
5.11588,-0.137862727505943
5.116485,-0.134167176880298
5.11709,-0.135743242883398
5.117695,-0.140861628206758
5.1183,-0.145186597271432
5.118905,-0.146118355889773
5.11951,-0.144558150928158
5.120115,-0.142762731504674
5.12072,-0.141725852715618
5.121325,-0.140973032134861
5.12193,-0.139971695590484
5.122535,-0.138661211496566
5.12314,-0.136641366865812
5.123745,-0.132950617514642
5.12435,-0.127519966702312
5.124955,-0.122444980416699
5.12556,-0.120515471520531
5.126165,-0.12211933231923
5.12677,-0.124662121590189
5.127375,-0.125361150544335
5.12798,-0.123652755690305
5.128585,-0.120738820785894
5.12919,-0.117845296131328
5.129795,-0.115509671556967
5.1304,-0.113936193312386
5.131005,-0.112936958426031
5.13161,-0.111241354695412
5.132215,-0.106864177603816
5.13282,-0.0993459333413825
5.133425,-0.0915271936066923
5.13403,-0.0877322545962518
5.134635,-0.0894849572933556
5.13524,-0.0938205804529557
5.135845,-0.0963077589582628
5.13645,-0.095066012066587
5.137055,-0.0915418101803809
5.13766,-0.0881334626710132
5.138265,-0.0858968051587063
5.13887,-0.0844321970515326
5.139475,-0.0829322560065913
5.14008,-0.0806096017632005
5.140685,-0.0766277110828747
5.14129,-0.0707220176708062
5.141895,-0.0642586660288518
5.1425,-0.0598046573325253
5.143105,-0.0587585063610855
5.14371,-0.0597739287849278
5.144315,-0.060133793305492
5.14492,-0.0583133498982627
5.145525,-0.0547923422425987
5.14613,-0.0508626899825143
5.146735,-0.0473664625257506
5.14734,-0.044555819244633
5.147945,-0.0423555030067685
5.14855,-0.0400943691215521
5.149155,-0.0363468342489484
5.14976,-0.030100691117029
5.150365,-0.0225340559474898
5.15097,-0.0168188612588071
5.151575,-0.0152243299322116
5.15218,-0.0166960959789708
5.152785,-0.017985564655671
5.15339,-0.016851221725643
5.153995,-0.0135411647047605
5.1546,-0.00957072481909464
5.155205,-0.00601236339737327
5.15581,-0.00312600743824612
5.156415,-0.000847418552892891
5.15702,0.00112140998039555
5.157625,0.0036007728718673
5.15823,0.00755939668518452
5.158835,0.0129093356498875
5.15944,0.0179459806977366
5.160045,0.0207147547784698
5.16065,0.0210750121387459
5.161255,0.0208783818251228
5.16186,0.0220043404290056
5.162465,0.0247108862190131
5.16307,0.0279696897972379
5.163675,0.0308575504722619
5.16428,0.0332558021839163
5.164885,0.0354478465524652
5.16549,0.0376252944221576
5.166095,0.0400336512626447
5.1667,0.0431517135935826
5.167305,0.047152298390493
5.16791,0.0512281285017613
5.168515,0.0540001611771085
5.16912,0.0548686596927742
5.169725,0.0546603896518213
5.17033,0.0547577916166193
5.170935,0.0558909619826322
5.17154,0.0578750648477337
5.172145,0.0601194930701935
5.17275,0.0621004196517568
5.173355,0.0635191848220164
5.17396,0.0644087195746878
5.174565,0.065249066250773
5.17517,0.066712460718574
5.175775,0.0690057447221087
5.17638,0.0714824380061593
5.176985,0.0730895951459668
5.17759,0.0733390069093492
5.178195,0.072809002739248
5.1788,0.072612406898016
5.179405,0.0734331727838305
5.18001,0.0750924019539772
5.180615,0.0769034314181776
5.18122,0.0783533502043046
5.181825,0.0794507832802527
5.18243,0.0805192478375325
5.183035,0.0818275338861471
5.18364,0.0834525260487583
5.184245,0.08532974732648
5.18485,0.0872288397071344
5.185455,0.0886861697059858
5.18606,0.0892779217117094
5.186665,0.0891324095917136
5.18727,0.0889386290333336
5.187875,0.0893229428074097
5.18848,0.0903535519947458
5.189085,0.0916312161417657
5.18969,0.0927180238539479
5.190295,0.0934874247251314
5.1909,0.0941779392495985
5.191505,0.0951672348401502
5.19211,0.096563011785392
5.192715,0.0978876775075108
5.19332,0.0983763536160024
5.193925,0.0978316008241374
5.19453,0.0969828476562856
5.195135,0.0967111457278623
5.19574,0.0971091677823275
5.196345,0.0976319791142748
5.19695,0.0979762479898151
5.197555,0.0983710274263554
5.19816,0.0990329474518136
5.198765,0.0997258202162894
5.19937,0.100067216053123
5.199975,0.100163810150655
5.20058,0.100632227851813
5.201185,0.1017588392867
5.20179,0.102837119024973
5.202395,0.102751600739715
5.203,0.101277343348075
5.203605,0.0994838386090217
5.20421,0.0986732111532069
5.204815,0.0991005560997467
5.20542,0.0998690866584318
5.206025,0.0998966910871002
5.20663,0.0989462325818486
5.207235,0.0979211817480119
5.20784,0.0979904012471704
5.208445,0.0991399329915085
5.20905,0.100004725384497
5.209655,0.0995562046815371
5.21026,0.0983419257309872
5.210865,0.0974129634514089
5.21147,0.0966658017016764
5.212075,0.0951390996911476
5.21268,0.0926336344350581
5.213285,0.0902310441351176
5.21389,0.0891368105708849
5.214495,0.0893854939474082
5.2151,0.089895022567879
5.215705,0.0897445084994947
5.21631,0.0890623926808119
5.216915,0.0884497664302457
5.21752,0.0879914786909157
5.218125,0.08737982359032
5.21873,0.0866734727108469
5.219335,0.0861776431388794
5.21994,0.0856372013170471
5.220545,0.0842818408311312
5.22115,0.0818500747880879
5.221755,0.0790840680739841
5.22236,0.0770320808548064
5.222965,0.0761502971787648
5.22357,0.0760923900658058
5.224175,0.076015448265539
5.22478,0.0751487950761016
5.225385,0.0735258644670694
5.22599,0.0721018577490723
5.226595,0.071709890397157
5.2272,0.0719805952521756
5.227805,0.0716460619286268
5.22841,0.0698541650875509
5.229015,0.0669592329878771
5.22962,0.0640707701449928
5.230225,0.0620511435260708
5.23083,0.0609873937983106
5.231435,0.0604120348243646
5.23204,0.0598939079842068
5.232645,0.0594069798789808
5.23325,0.0590447295985508
5.233855,0.0585266138068297
5.23446,0.0574644080323383
5.235065,0.0561530344802115
5.23567,0.0554657168976417
5.236275,0.0556019788444215
5.23688,0.0553944140216959
5.237485,0.0534496255969532
5.23809,0.0498968544595881
5.238695,0.0464647897089857
5.2393,0.0446793195168655
5.239905,0.044370679593308
5.24051,0.0441123452821659
5.241115,0.0427927622390172
5.24172,0.0405528183688252
5.242325,0.0383735663863362
5.24293,0.0369853604575099
5.243535,0.0362748301894229
5.24414,0.0356284807494874
5.244745,0.0345044440789327
5.24535,0.0325674416830369
5.245955,0.0297111655407547
5.24656,0.026312895975629
5.247165,0.0232035327757725
5.24777,0.0210201915447078
5.248375,0.0196474394511339
5.24898,0.0184387812432086
5.249585,0.0168951844260709
5.25019,0.015027021517096
5.250795,0.0131418955512243
5.2514,0.0114615759090469
5.252005,0.0100006460889469
5.25261,0.0086696851596605
5.253215,0.00734457028020391
5.25382,0.0058286403898337
5.254425,0.00386066522399245
5.25503,0.00132678363704115
5.255635,-0.00151237349159138
5.25624,-0.00416080344089672
5.256845,-0.00629824797958884
5.25745,-0.00798633871525103
5.258055,-0.00952286436955944
5.25866,-0.0111859779966646
5.259265,-0.0131038795227766
5.25987,-0.0152643508740279
5.260475,-0.017508914798746
5.26108,-0.0195288892364081
5.261685,-0.0210994570592877
5.26229,-0.0224633840139029
5.262895,-0.0243092575449842
5.2635,-0.0271108002874176
5.264105,-0.0305168147347678
5.26471,-0.0336169654763205
5.265315,-0.0358097870359076
5.26592,-0.0372429634601513
5.266525,-0.0384725134961185
5.26713,-0.0399449644734612
5.267735,-0.0418419658948369
5.26834,-0.0441288737426693
5.268945,-0.0464830267820606
5.26955,-0.0483079201938554
5.270155,-0.049201806753403
5.27076,-0.0495687036436318
5.271365,-0.050526677169321
5.27197,-0.0528860968693967
5.272575,-0.056271810984069
5.27318,-0.0595770841910163
5.273785,-0.0622027936959089
5.27439,-0.0644494595129022
5.274995,-0.0667748484234305
5.2756,-0.0691614442180695
5.276205,-0.0713637044071632
5.27681,-0.0734510195113258
5.277415,-0.0757269980022524
5.27802,-0.0780835274916428
5.278625,-0.0798223840211881
5.27923,-0.0804916474520928
5.279835,-0.0807899330845667
5.28044,-0.0821620103833869
5.281045,-0.0853070320839428
5.28165,-0.0894168616580543
5.282255,-0.0930400704586152
5.28286,-0.0953784212351199
5.283465,-0.0966722878117362
5.28407,-0.0977292375413597
5.284675,-0.09932627603835
5.28528,-0.101814969285854
5.285885,-0.104792331858011
5.28649,-0.106989092731636
5.287095,-0.107038403362977
5.2877,-0.105033180021873
5.288305,-0.10320747747233
5.28891,-0.104288025010904
5.289515,-0.108816293841909
5.29012,-0.114599154877459
5.290725,-0.119036017266698
5.29133,-0.121382573994813
5.291935,-0.122556621642996
5.29254,-0.123596887622202
5.293145,-0.12497937563828
5.29375,-0.126994460592224
5.294355,-0.129763138320118
5.29496,-0.132443754409742
5.295565,-0.133204148856318
5.29617,-0.131093876486912
5.296775,-0.127946272374378
5.29738,-0.127330800453892
5.297985,-0.130977984835192
5.29859,-0.136888961373888
5.299195,-0.141568052198863
5.2998,-0.143459582271967
5.300405,-0.143616969154128
5.30101,-0.143772637523559
5.301615,-0.144696874841423
5.30222,-0.14624949150902
5.302825,-0.148035123583058
5.30343,-0.149337773811289
5.304035,-0.148867307491567
5.30464,-0.145702181769474
5.305245,-0.141011519215614
5.30585,-0.138138292603876
5.306455,-0.139839476995246
5.30706,-0.14537163279596
5.307665,-0.15113026406804
5.30827,-0.154133912994024
5.308875,-0.154201175273303
5.30948,-0.153087688975825
5.310085,-0.152486854471012
5.31069,-0.152968915280287
5.311295,-0.154092604605732
5.3119,-0.154835558775309
5.312505,-0.153962937842878
5.31311,-0.15073826932109
5.313715,-0.145926897490033
5.31432,-0.1419190181709
5.314925,-0.141042386656968
5.31553,-0.143386789662953
5.316135,-0.146742386483525
5.31674,-0.148765470158871
5.317345,-0.148674932358137
5.31795,-0.147001299441332
5.318555,-0.144635323153353
5.31916,-0.142510941142165
5.319765,-0.141470650993629
5.32037,-0.141389396580429
5.320975,-0.140379597520218
5.32158,-0.136012977158156
5.322185,-0.128311143957071
5.32279,-0.121061980768223
5.323395,-0.118800932168961
5.324,-0.122130215552501
5.324605,-0.127076514871297
5.32521,-0.129376509907155
5.325815,-0.128246213251399
5.32642,-0.125657442538923
5.327025,-0.123356814461259
5.32763,-0.121619388830862
5.328235,-0.120176712314422
5.32884,-0.118938837243216
5.329445,-0.11736777029762
5.33005,-0.114070702989771
5.330655,-0.108205678850496
5.33126,-0.101394928727733
5.331865,-0.0971142138617396
5.33247,-0.0973249861996677
5.333075,-0.100272847295063
5.33368,-0.102310502646869
5.334285,-0.101385292615224
5.33489,-0.0982160378241589
5.335495,-0.0946867963695601
5.3361,-0.0919656125776846
5.336705,-0.0901467161949903
5.33731,-0.0887786663565478
5.337915,-0.0869157084557854
5.33852,-0.0830417718774535
5.339125,-0.0762279239795451
5.33973,-0.0679670414445403
5.340335,-0.0619682934659746
5.34094,-0.0609308577829811
5.341545,-0.0636722404900322
5.34215,-0.0663287731445237
5.342755,-0.0661686412006039
5.34336,-0.0634403761171634
5.343965,-0.0599077301457541
5.34457,-0.0567588875400539
5.345175,-0.0541873942687423
5.34578,-0.052055888513151
5.346385,-0.0500251961409836
5.34699,-0.0471801997325876
5.347595,-0.0425001949823593
5.3482,-0.0363004519800094
5.348805,-0.03074629158983
5.34941,-0.0280503170131029
5.350015,-0.0281169650753104
5.35062,-0.0286515027628784
5.351225,-0.0275907147217195
5.35183,-0.0247901337196573
5.352435,-0.0213739294121735
5.35304,-0.0181749169395654
5.353645,-0.0152221496203983
5.35425,-0.0123555613529115
5.354855,-0.00955826965631277
5.35546,-0.00648033383364378
5.356065,-0.00230696759541828
5.35667,0.00322385773024645
5.357275,0.00883886467397545
5.35788,0.0125511574941102
5.358485,0.013751830239644
5.35909,0.013894693596056
5.359695,0.0148528110139895
5.3603,0.0171868961478134
5.360905,0.0202348471545685
5.36151,0.0232625187601117
5.362115,0.0260419199788532
5.36272,0.0285695279576922
5.363325,0.030830583090478
5.36393,0.0330538199141959
5.364535,0.0358002027300299
5.36514,0.0393637886984199
5.365745,0.0431343113025238
5.36635,0.0459717286169407
5.366955,0.0474210299531962
5.36756,0.048250562283927
5.368165,0.0495615944650049
5.36877,0.0516687730942329
5.369375,0.0540744364042916
5.36998,0.0562500933863122
5.370585,0.0581256722537582
5.37119,0.0598877073017564
5.371795,0.0616263032160925
5.3724,0.0633608059037298
5.373005,0.0652456753210002
5.37361,0.0674813232041261
5.374215,0.0699412894521011
5.37482,0.0720524096971621
5.375425,0.0732821124744669
5.37603,0.0737244721216913
5.376635,0.0739939212404604
5.37724,0.0745829187177777
5.377845,0.0755306518723187
5.37845,0.07665522785267
5.379055,0.0778519167959985
5.37966,0.0790913244741817
5.380265,0.0803096113908331
5.38087,0.081483655658182
5.381475,0.0827490012659716
5.38208,0.0842248489978535
5.382685,0.0856625512270028
5.38329,0.0864892470904127
5.383895,0.0864436567991945
5.3845,0.0860509451989408
5.385105,0.0861391093372316
5.38571,0.0869201546538522
5.386315,0.0878835459981396
5.38692,0.0885915625222981
5.387525,0.0892057972159756
5.38813,0.0900930478021902
5.388735,0.0912316568720993
5.38934,0.0923182867747012
5.389945,0.0933214809643005
5.39055,0.0945281326105546
5.391155,0.0959141860744385
5.39176,0.0968162868288668
5.392365,0.0966507733026726
5.39297,0.0958471616760389
5.393575,0.0955216125641228
5.39418,0.0961359077529485
5.394785,0.0970280391000314
5.39539,0.0974570040874201
5.395995,0.0975713600592354
5.3966,0.0980113878263851
5.397205,0.0989330108358814
5.39781,0.0998317500891212
5.398415,0.100240960008527
5.39902,0.100338081132738
5.399625,0.100705647297314
5.40023,0.101437944749581
5.400835,0.101711048149284
5.40144,0.100642413036773
5.402045,0.0985591329345709
5.40265,0.0969635420426819
5.403255,0.0970200691260451
5.40386,0.0983100886180098
5.404465,0.0993651563173817
5.40507,0.0993389031028382
5.405675,0.0987876516513263
5.40628,0.0987143295228428
5.406885,0.099257139170201
5.40749,0.0997230694794413
5.408095,0.099663905549817
5.4087,0.0992828985690689
5.409305,0.0987727442515857
5.40991,0.0979148301950684
5.410515,0.0965781902694089
5.41112,0.0951766540940153
5.411725,0.0942958826296781
5.41233,0.0940423529638745
5.412935,0.0940263824081388
5.41354,0.093809561365711
5.414145,0.0931128178140597
5.41475,0.0919346338037882
5.415355,0.0908274689155081
5.41596,0.0905704411417583
5.416565,0.0910024955405169
5.41717,0.0906407190746044
5.417775,0.0882429452426725
5.41838,0.0844849137428458
5.418985,0.0813094246325189
5.41959,0.0797991407678773
5.420195,0.0793571932631422
5.4208,0.0788274197775376
5.421405,0.077802374556042
5.42201,0.0766792718939115
5.422615,0.0758110841725854
5.42322,0.0750420105760274
5.423825,0.0741000722800334
5.42443,0.0731502181153768
5.425035,0.0726869444540889
5.42564,0.0727104574806821
5.426245,0.0722599494378365
5.42685,0.070347307540189
5.427455,0.067347623608039
5.42806,0.064862398617374
5.428665,0.0640334015566127
5.42927,0.0643722264386596
5.429875,0.0644111910566629
5.43048,0.0632587232174111
5.431085,0.0613824666542772
5.43169,0.0599689958427033
5.432295,0.059604258206653
5.4329,0.0597360897642997
5.433505,0.0594668588053053
5.43411,0.0584717620652238
5.434715,0.0569106396085867
5.43532,0.0548738543440035
5.435925,0.0523713019010408
5.43653,0.0497567460175263
5.437135,0.0477155941846138
5.43774,0.046654354757613
5.438345,0.0463278701786273
5.43895,0.0461160812859249
5.439555,0.0454497406436326
5.44016,0.0440762900311901
5.440765,0.0422632805763164
5.44137,0.0407431549695158
5.441975,0.0401026822117626
5.44258,0.0400332547506096
5.443185,0.0394212763775527
5.44379,0.0374496025983114
5.444395,0.0345047545595078
5.445,0.0317742422384
5.445605,0.029994990923141
5.44621,0.0288199146184325
5.446815,0.0274261624157242
5.44742,0.0254726415640702
5.448025,0.0233128908086766
5.44863,0.0214187807078189
5.449235,0.0198208453633227
5.44984,0.0182485459742436
5.450445,0.0166533900929495
5.45105,0.0152058627647478
5.451655,0.0137490910873488
5.45226,0.0116692825466409
5.452865,0.00857723480550786
5.45347,0.00494638819959691
5.454075,0.00176744283405952
5.45468,-0.000418994671944292
5.455285,-0.00193722553904236
5.45589,-0.00348246023994076
5.456495,-0.00541804968651609
5.4571,-0.00758592782368479
5.457705,-0.00966826850393239
5.45831,-0.0115352807397788
5.458915,-0.0132007442634087
5.45952,-0.0146803388814792
5.460125,-0.0161001281094124
5.46073,-0.017825460899543
5.461335,-0.0201876099376886
5.46194,-0.0230397764129567
5.462545,-0.0258650007028636
5.46315,-0.0283724748766071
5.463755,-0.0307010498566524
5.46436,-0.0330223460468153
5.464965,-0.03524278447936
5.46557,-0.0372160622341357
5.466175,-0.039077521729729
5.46678,-0.0411308093884577
5.467385,-0.0433798549293933
5.46799,-0.0453910295022733
5.468595,-0.0468064809708207
5.4692,-0.0479704754038798
5.469805,-0.0497887021421007
5.47041,-0.0527491470616252
5.471015,-0.0562713742476558
5.47162,-0.0592759043002914
5.472225,-0.0612618955859973
5.47283,-0.0626563182404139
5.473435,-0.0642240060370205
5.47404,-0.0663298427121187
5.474645,-0.0687959263157109
5.47525,-0.0712292318979743
5.475855,-0.0732308252283383
5.47646,-0.0744345782735629
5.477065,-0.0747918933057466
5.47767,-0.0749948437575506
5.478275,-0.0762193069309423
5.47888,-0.079015318289572
5.479485,-0.0826459787513657
5.48009,-0.0858669306168963
5.480695,-0.0881586512796214
5.4813,-0.0899512437698837
5.481905,-0.0918734271663131
5.48251,-0.0940805716599535
5.483115,-0.0963110382974595
5.48372,-0.0983383744651064
5.484325,-0.100094049529735
5.48493,-0.101396631314383
5.485535,-0.101961274066246
5.48614,-0.101991817495228
5.486745,-0.102539839364377
5.48735,-0.104750760908335
5.487955,-0.108686200807828
5.48856,-0.113191054623387
5.489165,-0.116863220110236
5.48977,-0.118989896400258
5.490375,-0.119833193641965
5.49098,-0.120397441995754
5.491585,-0.121863128913259
5.49219,-0.124702185002123
5.492795,-0.127822280004753
5.4934,-0.128869895100741
5.494005,-0.126365650832005
5.49461,-0.121979718768532
5.495215,-0.119896488552966
5.49582,-0.122966516618261
5.496425,-0.129761730500388
5.49703,-0.136164393557906
5.497635,-0.139444060758567
5.49824,-0.140088049418706
5.498845,-0.140222768269924
5.49945,-0.141256111010429
5.500055,-0.143128559224593
5.50066,-0.145072433352002
5.501265,-0.1463360856649
5.50187,-0.146262226809343
5.502475,-0.144476046355453
5.50308,-0.141604095573339
5.503685,-0.139611713147514
5.50429,-0.140573513510927
5.504895,-0.144631516836118
5.5055,-0.149634946905124
5.506105,-0.153073054270831
5.50671,-0.154015053648439
5.507315,-0.153267636812281
5.50792,-0.152261024440185
5.508525,-0.152022957713909
5.50913,-0.152802607117967
5.509735,-0.153916618699729
5.51034,-0.153711129298722
5.510945,-0.150458707462858
5.51155,-0.144312871214478
5.512155,-0.138380778434134
5.51276,-0.136709174959532
5.513365,-0.14044345527572
5.51397,-0.146557140360497
5.514575,-0.15083011328091
5.51518,-0.15151475331362
5.515785,-0.149847143795774
5.51639,-0.14780821679877
5.516995,-0.146330322633093
5.5176,-0.145506664363665
5.518205,-0.145204182930678
5.51881,-0.144642387511794
5.519415,-0.142198147504998
5.52002,-0.136953729260414
5.520625,-0.130619388873286
5.52123,-0.126814135228081
5.521835,-0.12758289871551
5.52244,-0.131163653426589
5.523045,-0.133879108978476
5.52365,-0.133728850285395
5.524255,-0.131481713490321
5.52486,-0.12882683927311
5.525465,-0.126656245046985
5.52607,-0.125221011233908
5.526675,-0.124569533827311
5.52728,-0.123864008069234
5.527885,-0.121039047811337
5.52849,-0.114610635781921
5.529095,-0.106257692633906
5.5297,-0.100492499460073
5.530305,-0.100574032189613
5.53091,-0.105063322782861
5.531515,-0.109260654193701
5.53212,-0.109737192455933
5.532725,-0.106793918136233
5.53333,-0.102963927199018
5.533935,-0.100214347925938
5.53454,-0.0987911590151608
5.535145,-0.097841822518726
5.53575,-0.0962626160326742
5.536355,-0.0930283808352484
5.53696,-0.0876603225189545
5.537565,-0.081147206561157
5.53817,-0.07595948588535
5.538775,-0.0741224540278797
5.53938,-0.0751482572480558
5.539985,-0.076454666545179
5.54059,-0.0758519144923808
5.541195,-0.0731614676743203
5.5418,-0.0695341364231044
5.542405,-0.0659944938422644
5.54301,-0.0630000145494713
5.543615,-0.0607097614080347
5.54422,-0.058758751250852
5.544825,-0.055780673371584
5.54543,-0.0501575633475132
5.546035,-0.0420901832337163
5.54664,-0.0345337241895969
5.547245,-0.0309455905769582
5.54785,-0.031805615391563
5.548455,-0.0341038365293234
5.54906,-0.0344774849844197
5.549665,-0.0321081306384813
5.55027,-0.0284133277388986
5.550875,-0.0249090822362557
5.55148,-0.0220374175564302
5.552085,-0.0195745540555743
5.55269,-0.0172562625491741
5.553295,-0.014664949595328
5.5539,-0.0110599185373659
5.554505,-0.00608668669715839
5.55511,-0.000711875762849496
5.555715,0.00319950893898255
5.55632,0.00470792112384552
5.556925,0.00490027199293798
5.55753,0.00576617338242345
5.558135,0.00824802047776603
5.55874,0.0117422117884213
5.559345,0.0151898066666195
5.55995,0.0181355577342582
5.560555,0.0207154638780553
5.56116,0.0231380815421314
5.561765,0.025642006510535
5.56237,0.0287543766840629
5.562975,0.032959513235979
5.56358,0.0378338694477553
5.564185,0.0418940422866874
5.56479,0.0438661397976234
5.565395,0.0440711811348134
5.566,0.0441219103370747
5.566605,0.045322561222374
5.56721,0.0477001095529787
5.567815,0.0504242963909492
5.56842,0.0527572190027167
5.569025,0.0545072087616685
5.56963,0.0558461306819508
5.570235,0.0570629024358241
5.57084,0.0585262569510526
5.571445,0.06053939662775
5.57205,0.0629676316167354
5.572655,0.0651329278897241
5.57326,0.0664076493856843
5.573865,0.0669527344411629
5.57447,0.0675763446977967
5.575075,0.0688407262138272
5.57568,0.0705887374044581
5.576285,0.0723451197065158
5.57689,0.073882614295208
5.577495,0.0752601942490085
5.5781,0.0765149983495958
5.578705,0.0776173279667133
5.57931,0.0787446603307541
5.579915,0.0803220785730701
5.58052,0.0825328023524181
5.581125,0.0848137841531576
5.58173,0.0861855435803081
5.582335,0.0863228269727485
5.58294,0.086037891893193
5.583545,0.0864095011531031
5.58415,0.087629582039827
5.584755,0.0889967911987364
5.58536,0.0898979395188453
5.585965,0.0904333168163605
5.58657,0.0910533237180995
5.587175,0.0919456939149702
5.58778,0.0929936631885343
5.588385,0.0940904113270446
5.58899,0.0951608425110163
5.589595,0.0959080530883324
5.5902,0.0958914686233902
5.590805,0.0950774381181693
5.59141,0.0941528904864661
5.592015,0.0940348680365817
5.59262,0.0950077621331653
5.593225,0.0964352121258575
5.59383,0.0974409291899054
5.594435,0.0978307864238295
5.59504,0.0981246328616709
5.595645,0.098750853059712
5.59625,0.099612418106601
5.596855,0.100422579959549
5.59746,0.100989161178208
5.598065,0.101139241599081
5.59867,0.100797344797228
5.599275,0.100178751025921
5.59988,0.0995704835658753
5.600485,0.0989490896930832
5.60109,0.09818221259116
5.601695,0.0975876997721216
5.6023,0.0977749477140091
5.602905,0.098695968438462
5.60351,0.0993221395452697
5.604115,0.0987875135714715
5.60472,0.0976847069759648
5.605325,0.0975581902068411
5.60593,0.098817706176817
5.606535,0.0997387571714591
5.60714,0.0983396971553227
5.607745,0.0950547658755655
5.60835,0.0924807861111339
5.608955,0.0922653194141223
5.60956,0.093331039585334
5.610165,0.0936501557177846
5.61077,0.0927736116490028
5.611375,0.0918661553530309
5.61198,0.0918706399396734
5.612585,0.0924752557588013
5.61319,0.0927966894386501
5.613795,0.092493395779208
5.6144,0.0920170570795617
5.615005,0.0919220305154711
5.61561,0.0919886726745444
5.616215,0.0912285839953413
5.61682,0.0890883331648764
5.617425,0.0864057653178783
5.61803,0.0846210092034506
5.618635,0.0841948640579459
5.61924,0.0843130337176393
5.619845,0.0839853502074958
5.62045,0.0829560685181147
5.621055,0.0816310597634002
5.62166,0.0805410035785623
5.622265,0.0799168932362103
5.62287,0.0795138861751967
5.623475,0.0787748989022418
5.62408,0.0773175900201031
5.624685,0.0752520115403893
5.62529,0.0728982797496104
5.625895,0.0704080478702386
5.6265,0.067985628527328
5.627105,0.0662090304911648
5.62771,0.0655950165531608
5.628315,0.0658814555731963
5.62892,0.066092639105087
5.629525,0.0654017048865897
5.63013,0.0639115341389752
5.630735,0.0625634056033352
5.63134,0.0621075680759155
5.631945,0.0621440271358244
5.63255,0.0614648418860929
5.633155,0.0594419726372886
5.63376,0.0567650190406472
5.634365,0.0545954569563162
5.63497,0.0532713026202673
5.635575,0.0522226519280634
5.63618,0.0509737420901866
5.636785,0.0496663123461701
5.63739,0.0485653384671492
5.637995,0.0475665193947065
5.6386,0.0463845218939156
5.639205,0.0449796036873552
5.63981,0.0436373323475995
5.640415,0.0425997148507111
5.64102,0.0416225716828781
5.641625,0.0400545952415952
5.64223,0.0375166617795467
5.642835,0.0344125611123314
5.64344,0.0316161760459016
5.644045,0.0297278571536914
5.64465,0.0287194913523147
5.645255,0.0281181191646461
5.64586,0.0273366037868569
5.646465,0.0259471408513267
5.64707,0.0239301432847773
5.647675,0.0217762493614636
5.64828,0.0201803686375518
5.648885,0.0194292600328913
5.64949,0.0190407940624481
5.650095,0.0180437296808445
5.6507,0.015737793309531
5.651305,0.0123541028178262
5.65191,0.00894738172508306
5.652515,0.0064910434746623
5.65312,0.00505352188805284
5.653725,0.00386563422438523
5.65433,0.00213923730355234
5.654935,-0.000213228302038923
5.65554,-0.00264641046585492
5.656145,-0.00463140302542345
5.65675,-0.00609874035594665
5.657355,-0.00734508053566164
5.65796,-0.00875161931971999
5.658565,-0.0106367608010455
5.65917,-0.0131543652500545
5.659775,-0.0161331708771076
5.66038,-0.0190978884862559
5.660985,-0.0216205391873195
5.66159,-0.0236567563321456
5.662195,-0.0254999970858554
5.6628,-0.0274443262752513
5.663405,-0.0295440052981189
5.66401,-0.0317016338167241
5.664615,-0.0338539198479288
5.66522,-0.0359263524869725
5.665825,-0.0377249709290289
5.66643,-0.0391321023883144
5.667035,-0.0404285864906568
5.66764,-0.0421834212927425
5.668245,-0.0447125161814275
5.66885,-0.0477926606254421
5.669455,-0.0509170952867032
5.67006,-0.0536474247574373
5.670665,-0.0558064093531124
5.67127,-0.0575872333234728
5.671875,-0.0594411822347554
5.67248,-0.0617094033745515
5.673085,-0.0643490361381447
5.67369,-0.0669606482196618
5.674295,-0.069004419302179
5.6749,-0.0701497804451993
5.675505,-0.0707451051359219
5.67611,-0.0719231762487633
5.676715,-0.0746763908347576
5.67732,-0.0785947071546147
5.677925,-0.0821124091881809
5.67853,-0.0842729906695159
5.679135,-0.0856544484112677
5.67974,-0.0873257094150578
5.680345,-0.0895090228804864
5.68095,-0.0916758853414073
5.681555,-0.0935311810795969
5.68216,-0.0952289239036313
5.682765,-0.0966203503336191
5.68337,-0.0970407644038116
5.683975,-0.0964053659075422
5.68458,-0.0961339541203242
5.685185,-0.0980885321672111
5.68579,-0.102436470731661
5.686395,-0.107298466296384
5.687,-0.110696382148295
5.687605,-0.112287164904875
5.68821,-0.113189819898582
5.688815,-0.114644032489981
5.68942,-0.11699017402484
5.690025,-0.119701617012875
5.69063,-0.121954146439897
5.691235,-0.122943308419291
5.69184,-0.122199605694899
5.692445,-0.120349277987204
5.69305,-0.11939854512128
5.693655,-0.121275951996845
5.69426,-0.125756701415405
5.694865,-0.13057625142297
5.69547,-0.133759305064277
5.696075,-0.135114999460386
5.69668,-0.135629532194112
5.697285,-0.136342890117469
5.69789,-0.13788681947956
5.698495,-0.140350602022153
5.6991,-0.142937480870963
5.699705,-0.143872910103911
5.70031,-0.141657462470282
5.700915,-0.137151388078248
5.70152,-0.133872428371045
5.702125,-0.135114751939088
5.70273,-0.140600596596649
5.703335,-0.146820536494361
5.70394,-0.15072474716992
5.704545,-0.152049521073773
5.70515,-0.15216461038271
5.705755,-0.152110121933296
5.70636,-0.152214334213363
5.706965,-0.152685846910917
5.70757,-0.153636123513504
5.708175,-0.154380129634908
5.70878,-0.153413757764493
5.709385,-0.149896890381014
5.70999,-0.14522264734146
5.710595,-0.142449952563842
5.7112,-0.143603469581011
5.711805,-0.147709196646673
5.71241,-0.151798173743422
5.713015,-0.153515357418618
5.71362,-0.152593797600387
5.714225,-0.15035887307955
5.71483,-0.148320955262015
5.715435,-0.147269078607435
5.71604,-0.147154142251152
5.716645,-0.146960825544969
5.71725,-0.144757014933999
5.717855,-0.139170132560276
5.71846,-0.131638371877179
5.719065,-0.12634713389177
5.71967,-0.126591212460864
5.720275,-0.131289724410011
5.72088,-0.136051549883716
5.721485,-0.137486493559853
5.72209,-0.135702347573511
5.722695,-0.13295340739465
5.7233,-0.130884808946333
5.723905,-0.12954182544093
5.72451,-0.128425907563145
5.725115,-0.127205749910016
5.72572,-0.125090806675381
5.726325,-0.120850356622382
5.72693,-0.114569076331067
5.727535,-0.108792029860678
5.72814,-0.106634555516517
5.728745,-0.108593388884401
5.72935,-0.112027238079343
5.729955,-0.11379230002544
5.73056,-0.112697572371506
5.731165,-0.109578028669787
5.73177,-0.105977501871929
5.732375,-0.103205342909931
5.73298,-0.101905401168482
5.733585,-0.101397244530035
5.73419,-0.0994817990071038
5.734795,-0.094095108564224
5.7354,-0.0859044607993588
5.736005,-0.0787497917748529
5.73661,-0.0764192163066578
5.737215,-0.0788062338210925
5.73782,-0.0821067810972301
5.738425,-0.0828110166235638
5.73903,-0.0805460716639183
5.739635,-0.0771321014817877
5.74024,-0.0740759955502666
5.740845,-0.071568115171422
5.74145,-0.0692977677378441
5.742055,-0.0671460169310583
5.74266,-0.0647049719257777
5.743265,-0.060909345411228
5.74387,-0.0551340872028601
5.744475,-0.0486812394933448
5.74508,-0.0442132288765122
5.745685,-0.0431105554049153
5.74629,-0.0439638469939848
5.746895,-0.0441315874134439
5.7475,-0.0422530638953729
5.748105,-0.0388837903076842
5.74871,-0.0352322969777412
5.749315,-0.0319737408385644
5.74992,-0.0292397870748252
5.750525,-0.0269579734412846
5.75113,-0.0246076881640623
5.751735,-0.0210088088994157
5.75234,-0.0152574340478717
5.752945,-0.00827895588181659
5.75355,-0.00277476572846624
5.754155,-0.000770804601715905
5.75476,-0.00146483171003001
5.755365,-0.00210873353940093
5.75597,-0.0007094100163739
5.756575,0.00261116678763183
5.75718,0.00650474761741356
5.757785,0.00991399489329765
5.75839,0.0126358086379634
5.758995,0.0149703567873137
5.7596,0.0173748228609362
5.760205,0.0203936418381843
5.76081,0.024377947997834
5.761415,0.0289332611784351
5.76202,0.0329173062239922
5.762625,0.0354351451459454
5.76323,0.0367679198209652
5.763835,0.0379740343123515
5.76444,0.0397149994672938
5.765045,0.0418634826591391
5.76565,0.0441146171275091
5.766255,0.0464509559715161
5.76686,0.0488865847882016
5.767465,0.0511666705119079
5.76807,0.0530638017066074
5.768675,0.0548636023901645
5.76928,0.0572122088265983
5.769885,0.060292912121884
5.77049,0.0633195164399725
5.771095,0.0651909328708357
5.7717,0.0656895919736576
5.772305,0.0657246551833742
5.77291,0.0663370070702958
5.773515,0.0677681958981193
5.77412,0.0695439723142769
5.774725,0.0711531799037823
5.77533,0.0724845653743966
5.775935,0.0737166588689146
5.77654,0.0749724302811154
5.777145,0.076210328568326
5.77775,0.0773881084827772
5.778355,0.0785333764836832
5.77896,0.0795974280658973
5.779565,0.0804086383136585
5.78017,0.0808990568201303
5.780775,0.081271483829997
5.78138,0.0818272921517591
5.781985,0.0827010736803101
5.78259,0.0838022547715038
5.783195,0.0849320579905067
5.7838,0.0859519462907175
5.784405,0.086888432762715
5.78501,0.0878813361846715
5.785615,0.0890579081612511
5.78622,0.0904583496443703
5.786825,0.0919835722134448
5.78743,0.0933440015757343
5.788035,0.094159886009127
5.78864,0.0942791048266465
5.789245,0.0939815142687826
5.78985,0.0937445640777122
5.790455,0.093872051724027
5.79106,0.0944432073713434
5.791665,0.0954081720442728
5.79227,0.0965180293652314
5.792875,0.0973628524427111
5.79348,0.0977720228023667
5.794085,0.0980844118576885
5.79469,0.0987756091170918
5.795295,0.0998392400269472
5.7959,0.100651316348198
5.796505,0.100462904687596
5.79711,0.099162463902437
5.797715,0.0976236774248483
5.79832,0.0970101519536254
5.798925,0.0975724948867701
5.79953,0.0984152717536973
5.800135,0.0986208632809679
5.80074,0.098333230360991
5.801345,0.0984285392060562
5.80195,0.0992384183029797
5.802555,0.10008695988783
5.80316,0.100306066273131
5.803765,0.100256964868867
5.80437,0.10076421770817
5.804975,0.101601152565429
5.80558,0.10126836590159
5.806185,0.0988584896049622
5.80679,0.0957499927759965
5.807395,0.0944803095259738
5.808,0.0957900007452996
5.808605,0.0976675542178706
5.80921,0.0977121969739523
5.809815,0.095735346853072
5.81042,0.0935808924788854
5.811025,0.0929246906245747
5.81163,0.0937456779169286
5.812235,0.0946494253314788
5.81284,0.0942283929057224
5.813445,0.0922042708503161
5.81405,0.0895473325790199
5.814655,0.087439998796725
5.81526,0.0861051837010967
5.815865,0.0849389817788965
5.81647,0.0836585239010531
5.817075,0.0826628282637636
5.81768,0.0822084360557468
5.818285,0.0818882223047082
5.81889,0.0811693828745144
5.819495,0.0801052058174785
5.8201,0.0793139254852347
5.820705,0.0792743737700589
5.82131,0.0796154531882471
5.821915,0.0792061844146259
5.82252,0.0772665852709983
5.823125,0.0744402721460834
5.82373,0.0723187169588003
5.824335,0.0716531307559922
5.82494,0.0715265393480497
5.825545,0.0706916679188178
5.82615,0.0691906832252259
5.826755,0.0680641457225425
5.82736,0.0678462180088773
5.827965,0.0679752560366302
5.82857,0.0676054672425659
5.829175,0.0665811948583287
5.82978,0.0654173063589547
5.830385,0.0643778304279688
5.83099,0.06293176564756
5.831595,0.0605027432649376
5.8322,0.0575425043333904
5.832805,0.0552812598891152
5.83341,0.0543468791750631
5.834015,0.0540771049151296
5.83462,0.0533905710332678
5.835225,0.0520169926127477
5.83583,0.0505721802891686
5.836435,0.0496566247428825
5.83704,0.049278441345296
5.837645,0.0490438010698358
5.83825,0.0485152932568622
5.838855,0.0473722739842368
5.83946,0.0455300039418497
5.840065,0.0432621354981029
5.84067,0.0410868287863832
5.841275,0.0393512873308412
5.84188,0.037934081840447
5.842485,0.0364771741962652
5.84309,0.0348679049231899
5.843695,0.0333219301582273
5.8443,0.0319909654389816
5.844905,0.0306895301324415
5.84551,0.0291408805891479
5.846115,0.0273939866853224
5.84672,0.0257732740369939
5.847325,0.0243286665038983
5.84793,0.0225602144434008
5.848535,0.0199563558664329
5.84914,0.0166955924644128
5.849745,0.0135376767701723
5.85035,0.0110673482534448
5.850955,0.00925371106731598
5.85156,0.00769408797929319
5.852165,0.00606191744935264
5.85277,0.00426664757866473
5.853375,0.00234822169550321
5.85398,0.000390867805870183
5.854585,-0.00145190840479816
5.85519,-0.00299582531204741
5.855795,-0.00425234728540925
5.8564,-0.00561128154848322
5.857005,-0.0075873922564417
5.85761,-0.0102479262991881
5.858215,-0.0130566468159533
5.85882,-0.015461385360306
5.859425,-0.0174831761563263
5.86003,-0.019535524039963
5.860635,-0.0218055923890286
5.86124,-0.024045761105255
5.861845,-0.0259673414499491
5.86245,-0.0276633347517846
5.863055,-0.0295091510614634
5.86366,-0.0316885414472005
5.864265,-0.0339508230502757
5.86487,-0.0358829707963584
5.865475,-0.0374391434274302
5.86608,-0.039188453021789
5.866685,-0.0418291767262762
5.86729,-0.0452886970454334
5.867895,-0.0485314873618276
5.8685,-0.0505696485362746
5.869105,-0.0515549000493131
5.86971,-0.0525917195002557
5.870315,-0.0545823179213455
5.87092,-0.0574988471558883
5.871525,-0.0605549006724362
5.87213,-0.0627053556296874
5.872735,-0.06325186614512
5.87334,-0.0627091205947298
5.873945,-0.0630602077554207
5.87455,-0.0660530978727904
5.875155,-0.0708844445302394
5.87576,-0.0747939136177545
5.876365,-0.0764393744956166
5.87697,-0.0774381068200443
5.877575,-0.0799726650933063
5.87818,-0.0839161107924036
5.878785,-0.0872271314081233
5.87939,-0.0887467785435058
5.879995,-0.0895016485944497
5.8806,-0.0909498232270767
5.881205,-0.0928870946040788
5.88181,-0.0940449633352317
5.882415,-0.0944485839316941
5.88302,-0.0958794714018635
5.883625,-0.0994965017455342
5.88423,-0.104056544734049
5.884835,-0.107300189023626
5.88544,-0.108533161232512
5.886045,-0.109148451227518
5.88665,-0.110714766615843
5.887255,-0.113235725150859
5.88786,-0.115696374287737
5.888465,-0.117556968221499
5.88907,-0.118705862154621
5.889675,-0.118492661118787
5.89028,-0.116377993179546
5.890885,-0.113794278000049
5.89149,-0.113786201425222
5.892095,-0.117843441896343
5.8927,-0.124055894778109
5.893305,-0.129102419609221
5.89391,-0.131377133356957
5.894515,-0.13182072682835
5.89512,-0.132269578467806
5.895725,-0.133626783628544
5.89633,-0.13574714966734
5.896935,-0.138239402706756
5.89754,-0.140354602061896
5.898145,-0.140582836518585
5.89875,-0.137992983406014
5.899355,-0.134387812151949
5.89996,-0.13354887102263
5.900565,-0.137228804443401
5.90117,-0.142989123966631
5.901775,-0.146999270678277
5.90238,-0.148015901485047
5.902985,-0.147692913802628
5.90359,-0.147798560055836
5.904195,-0.148498759922289
5.9048,-0.149364053357478
5.905405,-0.1504874084538
5.90601,-0.15157136097468
5.906615,-0.150888758973665
5.90722,-0.146831550243932
5.907825,-0.140837245356803
5.90843,-0.13734197505149
5.909035,-0.139465294721132
5.90964,-0.145453858933461
5.910245,-0.150700862198329
5.91085,-0.152613390232964
5.911455,-0.152159432117197
5.91206,-0.151287199741434
5.912665,-0.150665500105747
5.91327,-0.150189168415431
5.913875,-0.150002240355179
5.91448,-0.149923179768014
5.915085,-0.148698775276031
5.91569,-0.145068220703328
5.916295,-0.139738543233109
5.9169,-0.135557349331679
5.917505,-0.134982979999096
5.91811,-0.137549642481405
5.918715,-0.14048223727054
5.91932,-0.141589767995309
5.919925,-0.140771253522681
5.92053,-0.13894268779562
5.921135,-0.136757203407326
5.92174,-0.134783203515599
5.922345,-0.133724474479235
5.92295,-0.133367562519929
5.923555,-0.131793618382754
5.92416,-0.126821023560959
5.924765,-0.118812806427636
5.92537,-0.111580008250415
5.925975,-0.10935700506342
5.92658,-0.112551622217198
5.927185,-0.11735924196631
5.92779,-0.119750870089842
5.928395,-0.11886108866362
5.929,-0.116365455189439
5.929605,-0.113874460275585
5.93021,-0.111808361922686
5.930815,-0.110101868230924
5.93142,-0.108704424278084
5.932025,-0.106973794337879
5.93263,-0.103429527431179
5.933235,-0.0973063557671783
5.93384,-0.0904213471885667
5.934445,-0.0862544417899807
5.93505,-0.0864460815909005
5.935655,-0.0889416997866843
5.93626,-0.0901951187015625
5.936865,-0.0885762145474376
5.93747,-0.0850733426589114
5.938075,-0.0813685939748906
5.93868,-0.0782632136702088
5.939285,-0.0758237305123751
5.93989,-0.0738666113838689
5.940495,-0.0716221473578114
5.9411,-0.0675711146406859
5.941705,-0.0607898121490511
5.94231,-0.052787893583979
5.942915,-0.0470672113904515
5.94352,-0.0459121869208625
5.944125,-0.0479583784415987
5.94473,-0.0496379936528356
5.945335,-0.0486399469223373
5.94594,-0.0453300512923034
5.946545,-0.0413562046447974
5.94715,-0.0378878929281559
5.947755,-0.0352241478827895
5.94836,-0.0332060694430724
5.948965,-0.0312960536557607
5.94957,-0.0284708089110178
5.950175,-0.0238707336714064
5.95078,-0.017994785020088
5.951385,-0.012843496549179
5.95199,-0.0102405388070521
5.952595,-0.00997396307209145
5.9532,-0.0100186621042086
5.953805,-0.00857628735762505
5.95441,-0.0054659948813055
5.955015,-0.00163756858190103
5.95562,0.00200277333444458
5.956225,0.00503926895464618
5.95683,0.007366070123342
5.957435,0.00926494957139055
5.95804,0.0117127194757085
5.958645,0.0159035835386109
5.95925,0.0218383701932138
5.959855,0.0276120942066011
5.96046,0.0308849365099369
5.961065,0.0313001647113665
5.96167,0.0308628008047239
5.962275,0.0317249808724582
5.96288,0.0341960385962956
5.963485,0.037100593902115
5.96409,0.0394519966524358
5.964695,0.041310223235621
5.9653,0.0432208620135643
5.965905,0.0453959851328378
5.96651,0.0477221012737588
5.967115,0.0502106050008613
5.96772,0.0529680319071281
5.968325,0.0557271150349437
5.96893,0.0578190741992915
5.969535,0.058900712427453
5.97014,0.0594869575025304
5.970745,0.0604570940096967
5.97135,0.0621664209621752
5.971955,0.0642460846352766
5.97256,0.0661619565127215
5.973165,0.0677580589273865
5.97377,0.0692238616132245
5.974375,0.0707426705115024
5.97498,0.0723599171764423
5.975585,0.0741022498327011
5.97619,0.0760016697059078
5.976795,0.0778854140346657
5.9774,0.079299146958494
5.978005,0.0799439758234993
5.97861,0.0801369876379237
5.979215,0.0805064233084099
5.97982,0.0812486101382007
5.980425,0.0820020261790433
5.98103,0.082521517032744
5.981635,0.0831586715909756
5.98224,0.084380876590179
5.982845,0.0860045128420793
5.98345,0.0873327186393906
5.984055,0.0880581797468975
5.98466,0.0886306133549549
5.985265,0.0895339829290474
5.98587,0.0905017916638951
5.986475,0.0908486787540373
5.98708,0.0904835928694702
5.987685,0.0901521607576082
5.98829,0.0905665038255173
5.988895,0.0916103127101516
5.9895,0.0926284109034284
5.990105,0.0933295677252295
5.99071,0.0940732009437396
5.991315,0.0952270765772425
5.99192,0.0965700034448034
5.992525,0.0975990127158526
5.99313,0.0982426671627196
5.993735,0.0988490718508329
5.99434,0.0994929822181638
5.994945,0.0997866569739098
5.99555,0.0994661004654476
5.996155,0.0987379272292024
5.99676,0.0980274516923893
5.997365,0.0977614547887283
5.99797,0.0982478034393991
5.998575,0.0992905959887785
5.99918,0.100049064025444
5.999785,0.0998093075178897
6.00039,0.0989649162689595
6.000995,0.098757166824479
6.0016,0.0997365436960212
6.002205,0.100835994466777
6.00281,0.100510674391023
6.003415,0.0986938185778107
6.00402,0.0969591524958186
6.004625,0.0964864170000458
6.00523,0.0965549780652275
6.005835,0.0958112712640883
6.00644,0.094512048571662
6.007045,0.0942674899385659
6.00765,0.0955760808510001
6.008255,0.0968975273147369
6.00886,0.0966563346691836
6.009465,0.0952720428318931
6.01007,0.0945035945665479
6.010675,0.0951915644623056
6.01128,0.096276791398526
6.011885,0.096002675648485
6.01249,0.0937664533768943
6.013095,0.0907783488326517
6.0137,0.088942353290799
6.014305,0.08897110208295
6.01491,0.0896984143005248
6.015515,0.0894828617879164
6.01612,0.0880228458271412
6.016725,0.0863247153261268
6.01733,0.0852367421463828
6.017935,0.0847454679356115
6.01854,0.0844883359359991
6.019145,0.0841482774503661
6.01975,0.0832829933513614
6.020355,0.0813801200962199
6.02096,0.0784129789148575
6.021565,0.0751441644040165
6.02217,0.0726440728696507
6.022775,0.0715187505394361
6.02338,0.071522492629546
6.023985,0.0716983532699953
6.02459,0.071060865287471
6.025195,0.0695109837441309
6.0258,0.0680042864361947
6.026405,0.0675825379978272
6.02701,0.0683070387361486
6.027615,0.0691667708965873
6.02822,0.0688862802622925
6.028825,0.066952630830996
6.02943,0.0641136879685197
6.030035,0.061736841363425
6.03064,0.0604759224735632
6.031245,0.0597971105759206
6.03185,0.0589363333350701
6.032455,0.0578784860156684
6.03306,0.0570738316432865
6.033665,0.0565500416026696
6.03427,0.0558170016300358
6.034875,0.0546101140846534
6.03548,0.0532779368384225
6.036085,0.0522705056737892
6.03669,0.0514822811982204
6.037295,0.0502636184512773
6.0379,0.0480848806800091
6.038505,0.0451751329372283
6.03911,0.0423994572928845
6.039715,0.0404480447295444
6.04032,0.0392635400206416
6.040925,0.0382876187145871
6.04153,0.0371082318636312
6.042135,0.0357675137144742
6.04274,0.0345094371865543
6.043345,0.0333964162294792
6.04395,0.0322809734582745
6.044555,0.0310493921870208
6.04516,0.029692588526272
6.045765,0.0281276421808103
6.04637,0.0261485461778427
6.046975,0.0236636597868471
6.04758,0.0208845338277937
6.048185,0.0181980090919866
6.04879,0.0158927889183105
6.049395,0.0140173652577732
6.05,0.0124081364360803
6.050605,0.0107790424671845
6.05121,0.00884898211430695
6.051815,0.00655021025223014
6.05242,0.00417757047157834
6.053025,0.00220391493104512
6.05363,0.0008079955787543
6.054235,-0.000410061057689432
6.05484,-0.0021453024933111
6.055445,-0.00474759612976587
6.05605,-0.00788880262333724
6.056655,-0.0108932639846509
6.05726,-0.013304279465111
6.057865,-0.0151044962787085
6.05847,-0.0165904498323947
6.059075,-0.0181760729182401
6.05968,-0.0201841101478035
6.060285,-0.0226299980781232
6.06089,-0.02513833144804
6.061495,-0.0271331618705391
6.0621,-0.0282912096624067
6.062705,-0.0289894332140202
6.06331,-0.0302298252911102
6.063915,-0.0327960458468498
6.06452,-0.0363873431649013
6.065125,-0.0398599678073616
6.06573,-0.0423877032264259
6.066335,-0.0441239535614299
6.06694,-0.045738422840627
6.067545,-0.0476237637212905
6.06815,-0.0496965962896672
6.068755,-0.0518193058001607
6.06936,-0.0540776720767922
6.069965,-0.0564341713341674
6.07057,-0.0584176890061241
6.071175,-0.059645778048314
6.07178,-0.0605794567752982
6.072385,-0.0622376322879064
6.07299,-0.0650315260212483
6.073595,-0.0683020906079486
6.0742,-0.0711624740573249
6.074805,-0.0733687351638397
6.07541,-0.0751670688941897
6.076015,-0.0767657304805214
6.07662,-0.0783864226277254
6.077225,-0.080480512346586
6.07783,-0.0831931302118631
6.078435,-0.0856726197028515
6.07904,-0.0866785739418726
6.079645,-0.0861480236120824
6.08025,-0.0856829600441556
6.080855,-0.0870733315944974
6.08146,-0.0904759791272614
6.082065,-0.0944909668007722
6.08267,-0.0979242285963031
6.083275,-0.10074055346936
6.08388,-0.103234076443846
6.084485,-0.105190359847313
6.08509,-0.106406324847312
6.085695,-0.107538992374523
6.0863,-0.109611177309482
6.086905,-0.112490920533563
6.08751,-0.114515092981725
6.088115,-0.114273484679009
6.08872,-0.112677276633136
6.089325,-0.112539754568003
6.08993,-0.11561681511004
6.090535,-0.120601700767034
6.09114,-0.124721118805012
6.091745,-0.126757092964748
6.09235,-0.127679153589351
6.092955,-0.128785485735663
6.09356,-0.130324281695114
6.094165,-0.132055276607936
6.09477,-0.134060763963887
6.095375,-0.136078645646093
6.09598,-0.136626942724393
6.096585,-0.134268972462072
6.09719,-0.130191499246464
6.097795,-0.128227549897999
6.0984,-0.13105475112764
6.099005,-0.13710652259989
6.09961,-0.142509505700652
6.100215,-0.145288356781086
6.10082,-0.146332721696974
6.101425,-0.147062269725991
6.10203,-0.147840930586954
6.102635,-0.148660553563809
6.10324,-0.14986867732931
6.103845,-0.151303223327285
6.10445,-0.151506876959037
6.105055,-0.14907853570414
6.10566,-0.144852927538092
6.106265,-0.141856845044107
6.10687,-0.1425832723203
6.107475,-0.146584984073834
6.10808,-0.151142318198554
6.108685,-0.153884095544539
6.10929,-0.154214623863923
6.109895,-0.15284297145075
6.1105,-0.151005710842737
6.111105,-0.150046097341746
6.11171,-0.150678026397539
6.112315,-0.151969396145257
6.11292,-0.15145244151399
6.113525,-0.147154976924879
6.11413,-0.139964624942629
6.114735,-0.133727444210332
6.11534,-0.132336730658716
6.115945,-0.136248438921202
6.11655,-0.14206261528127
6.117155,-0.145670745268714
6.11776,-0.14548534624047
6.118365,-0.14281730979011
6.11897,-0.139995778430688
6.119575,-0.138513835473023
6.12018,-0.138441442661866
6.120785,-0.138693956869355
6.12139,-0.137580244268031
6.121995,-0.133805965599923
6.1226,-0.127710099365099
6.123205,-0.121631182146089
6.12381,-0.118538741684124
6.124415,-0.119529705840762
6.12502,-0.122617811797865
6.125625,-0.124554654586203
6.12623,-0.123742637696335
6.126835,-0.120978476725246
6.12744,-0.117880917278894
6.128045,-0.115435415276253
6.12865,-0.113920573063425
6.129255,-0.113111860029389
6.12986,-0.111830251975933
6.130465,-0.108064070383339
6.13107,-0.100903015412386
6.131675,-0.0925999636270144
6.13228,-0.0875295275824758
6.132885,-0.0880649819268566
6.13349,-0.0920445247979385
6.134095,-0.0951168476167048
6.1347,-0.0949113260451887
6.135305,-0.0922380852396682
6.13591,-0.0890574721166435
6.136515,-0.0863835252497486
6.13712,-0.0841492105676837
6.137725,-0.0820799027054871
6.13833,-0.0797904974857921
6.138935,-0.0763768019083793
6.13954,-0.0710069351536093
6.140145,-0.0643786312694561
6.14075,-0.0589727866753615
6.141355,-0.056935046059982
6.14196,-0.0577431482925001
6.142565,-0.0587176821713447
6.14317,-0.0577377300566655
6.143775,-0.0547944109322734
6.14438,-0.0511209162186965
6.144985,-0.0476841619633284
6.14559,-0.0447780202177378
6.146195,-0.0423831324297149
6.1468,-0.0401261621350693
6.147405,-0.0369490687241883
6.14801,-0.0316491613974259
6.148615,-0.0244676046199649
6.14922,-0.0178817666791129
6.149825,-0.0147509707401937
6.15043,-0.0153402957232549
6.151035,-0.0169569436875287
6.15164,-0.0167499823475699
6.152245,-0.0141640714368607
6.15285,-0.0105294888560925
6.153455,-0.00710662091772111
6.15406,-0.00414767319224685
6.154665,-0.00143315151858395
6.15527,0.00117325009822114
6.155875,0.00393464752973924
6.15648,0.00741728495836936
6.157085,0.0118730117002645
6.15769,0.0165034233577365
6.158295,0.0199095190520556
6.1589,0.0215546851020133
6.159505,0.0223909630652332
6.16011,0.0237630838642139
6.160715,0.0260641091495147
6.16132,0.0287551110680359
6.161925,0.0313441873767129
6.16253,0.0338640378279243
6.163135,0.0364428208939819
6.16374,0.0389157654593272
6.164345,0.0411939411919816
6.16495,0.0437498474854202
6.165555,0.047183248311023
6.16616,0.0511843650746103
6.166765,0.0544370102826982
6.16737,0.0559559250633426
6.167975,0.0562068904195822
6.16858,0.0565022662248781
6.169185,0.0575846692547934
6.16979,0.0592253446421393
6.170395,0.0609546493337612
6.171,0.0626701597353747
6.171605,0.0644892336044478
6.17221,0.0663712962998432
6.172815,0.0681518209331372
6.17342,0.0698510120589826
6.174025,0.0716758983759855
6.17463,0.0736224091352344
6.175235,0.075255362402435
6.17584,0.0761134296188712
6.176445,0.0763021126489642
6.17705,0.076453910386358
6.177655,0.0770908488738537
6.17826,0.0782286944242415
6.178865,0.079596519429365
6.17947,0.0810011206386307
6.180075,0.0823502647393539
6.18068,0.0835052842746801
6.181285,0.0844279451281932
6.18189,0.0854554520524375
6.182495,0.0870366766884353
6.1831,0.0890133462404365
6.183705,0.090480731471055
6.18431,0.0907255152515811
6.184915,0.0901679356729433
6.18552,0.089953179326463
6.186125,0.0906479128390468
6.18673,0.0917724800370033
6.187335,0.0926269552380656
6.18794,0.0931422559892254
6.188545,0.0937178819774359
6.18915,0.094484471337013
6.189755,0.0951464089726981
6.19036,0.0956121215000029
6.190965,0.0962997687276051
6.19157,0.0974245251093941
6.192175,0.0982952139983723
6.19278,0.0979533505300075
6.193385,0.0965320567667552
6.19399,0.0953470138839898
6.194595,0.0954323016846977
6.1952,0.0964923986795588
6.195805,0.0974634103491515
6.19641,0.0976932571936849
6.197015,0.0974557576092125
6.19762,0.0975606568203054
6.198225,0.098514115772397
6.19883,0.0999738999708967
6.199435,0.101077287378313
6.20004,0.101332178606757
6.200645,0.10102327500783
6.20125,0.100649558023529
6.201855,0.100211818902822
6.20246,0.0993710345910733
6.203065,0.098246771830281
6.20367,0.0976420250148028
6.204275,0.0981178640341994
6.20488,0.0989879709450124
6.205485,0.098862829526271
6.20609,0.0974652413943228
6.206695,0.0962708542316972
6.2073,0.0967711033406964
6.207905,0.0985280323359331
6.20851,0.0995615301300929
6.209115,0.0984522470895637
6.20972,0.0956122945906623
6.210325,0.0926581765217027
6.21093,0.0909370581313172
6.211535,0.0905586425996742
6.21214,0.0905260476955715
6.212745,0.0898439050218594
6.21335,0.0886142090612695
6.213955,0.0877949268872144
6.21456,0.0877854929194793
6.215165,0.08781519885413
6.21577,0.087130931901564
6.216375,0.0861622203078057
6.21698,0.0857877029021321
6.217585,0.0858649544576858
6.21819,0.0852807656671073
6.218795,0.0833836141077703
6.2194,0.0808189317132727
6.220005,0.0788044955894904
6.22061,0.0778442895538611
6.221215,0.0773746935717604
6.22182,0.0765856558955237
6.222425,0.0753666941096619
6.22303,0.0743313204038871
6.223635,0.0739270470606669
6.22424,0.0737839925210153
6.224845,0.0732333602562909
6.22545,0.072197883775443
6.226055,0.0710796956190415
6.22666,0.0699424501382436
6.227265,0.0683288471557492
6.22787,0.0659035673161304
6.228475,0.0629906019412317
6.22908,0.0604664267256681
6.229685,0.0591331697569304
6.23029,0.058966481182152
6.230895,0.058996314178337
6.2315,0.0582378042438101
6.232105,0.0567280509803308
6.23271,0.0553878745136346
6.233315,0.0549001439109371
6.23392,0.0549770833829815
6.234525,0.05474591293386
6.23513,0.0535854461650369
6.235735,0.0515351534455691
6.23634,0.0491975501539926
6.236945,0.047281244093189
6.23755,0.0459639786722255
6.238155,0.0447610361877153
6.23876,0.043209218464859
6.239365,0.0414796706763793
6.23997,0.0400743522988377
6.240575,0.0390767255403955
6.24118,0.0380468842494825
6.241785,0.0366921051427037
6.24239,0.0352732914721849
6.242995,0.0341117401205652
6.2436,0.0329295440624521
6.244205,0.031015689303003
6.24481,0.0280703670009773
6.245415,0.0246593084796184
6.24602,0.0217147796723898
6.246625,0.0197061484288388
6.24723,0.0183693305306548
6.247835,0.0171227021859013
6.24844,0.0156065879504445
6.249045,0.0138152693181466
6.24965,0.0118887697005987
6.250255,0.00997912403791907
6.25086,0.00827251363474118
6.251465,0.00690899860499811
6.25207,0.00572430010244708
6.252675,0.00417044426630118
6.25328,0.00177424359341685
6.253885,-0.0012769908090158
6.25449,-0.00425298321843052
6.255095,-0.0066242955486137
6.2557,-0.00849442915786556
6.256305,-0.010294168928472
6.25691,-0.0122520523760113
6.257515,-0.0142872327321903
6.25812,-0.0163222148320758
6.258725,-0.01844927600521
6.25933,-0.0206869061594841
6.259935,-0.0227844686294073
6.26054,-0.0245166011035386
6.261145,-0.0261219867026228
6.26175,-0.0281806208551676
6.262355,-0.0309653603569481
6.26296,-0.0341035723278975
6.263565,-0.0369328437016996
6.26417,-0.0390153534047448
6.264775,-0.0403848314069567
6.26538,-0.0415826148957627
6.265985,-0.0433443419501037
6.26659,-0.0458951107086918
6.267195,-0.0485947252751184
6.2678,-0.0505103084867812
6.268405,-0.0512750410963926
6.26901,-0.0513714388202834
6.269615,-0.0518515839887074
6.27022,-0.0537337714969785
6.270825,-0.0571911774308451
6.27143,-0.061186182587514
6.272035,-0.0642565328289918
6.27264,-0.0659606600176758
6.273245,-0.0673935284730821
6.27385,-0.0698076750628434
6.274455,-0.0728670701664186
6.27506,-0.0751506794578964
6.275665,-0.0763381845258517
6.27627,-0.0776693610793204
6.276875,-0.0799560426929903
6.27748,-0.0822837541624881
6.278085,-0.0834077563560639
6.27869,-0.0837797230324522
6.279295,-0.0852061660811329
6.2799,-0.0885754065833966
6.280505,-0.0927419990534207
6.28111,-0.0958795810910879
6.281715,-0.0974535045368476
6.28232,-0.0985045987897193
6.282925,-0.100199112238768
6.28353,-0.102606657341611
6.284135,-0.104942324483297
6.28474,-0.106481667277859
6.285345,-0.10693783813881
6.28595,-0.106320090400884
6.286555,-0.105154817143884
6.28716,-0.104902183889215
6.287765,-0.107157751844368
6.28837,-0.111894030007532
6.288975,-0.11714679216876
6.28958,-0.120857701553446
6.290185,-0.122605207852915
6.29079,-0.123387057541546
6.291395,-0.124338632346482
6.292,-0.126066776634482
6.292605,-0.128577472952104
6.29321,-0.131108263358597
6.293815,-0.132366407692533
6.29442,-0.131606181336345
6.295025,-0.12962384548365
6.29563,-0.128563947694854
6.296235,-0.130342873854432
6.29684,-0.134825476169397
6.297445,-0.1397338799709
6.29805,-0.142694345194366
6.298655,-0.143265654757888
6.29926,-0.142904533482568
6.299865,-0.14328692551928
6.30047,-0.14495259038643
6.301075,-0.14731501512184
6.30168,-0.14925769615312
6.302285,-0.149464588625073
6.30289,-0.146957328395864
6.303495,-0.142310639975919
6.3041,-0.138332003893506
6.304705,-0.138382484821633
6.30531,-0.143139550683267
6.305915,-0.149544216932603
6.30652,-0.153650261488096
6.307125,-0.154183341846649
6.30773,-0.152976707671911
6.308335,-0.152399730678153
6.30894,-0.153026351719691
6.309545,-0.153927747012995
6.31015,-0.154333380933929
6.310755,-0.153897823671939
6.31136,-0.151810642476833
6.311965,-0.147395632552936
6.31257,-0.142133631811749
6.313175,-0.139484058141378
6.31378,-0.141348738526594
6.314385,-0.145661916940382
6.31499,-0.148648223335838
6.315595,-0.148641122651548
6.3162,-0.146760869532197
6.316805,-0.144667348593921
6.31741,-0.142912535186354
6.318015,-0.141494873522627
6.31862,-0.140638443124324
6.319225,-0.139876237304499
6.31983,-0.137166123736762
6.320435,-0.130763482568602
6.32104,-0.122409961790647
6.321645,-0.117047092002414
6.32225,-0.117976888757729
6.322855,-0.123216550776706
6.32346,-0.127826720551183
6.324065,-0.128848798178399
6.32467,-0.126918820226851
6.325275,-0.124130838305234
6.32588,-0.121783591864069
6.326485,-0.120152592246695
6.32709,-0.119186546479927
6.327695,-0.118365227882491
6.3283,-0.116217459220104
6.328905,-0.111283247662157
6.32951,-0.104253828972368
6.330115,-0.0984404484825402
6.33072,-0.0969570767559781
6.331325,-0.0994571381156642
6.33193,-0.102434162005396
6.332535,-0.102673751051908
6.33314,-0.0998279700199916
6.333745,-0.095777655600865
6.33435,-0.0923622111864617
6.334955,-0.0902035300648675
6.33556,-0.0889656123427555
6.336165,-0.0876109846211092
6.33677,-0.0844538865290518
6.337375,-0.0781584357560973
6.33798,-0.0696332473647251
6.338585,-0.0624618409940954
6.33919,-0.0600727779125415
6.339795,-0.0622107049998523
6.3404,-0.0651457578512753
6.341005,-0.0654714665719539
6.34161,-0.0628843196137137
6.342215,-0.0592657251958231
6.34282,-0.0561080196110683
6.343425,-0.0535131640781939
6.34403,-0.0511084555868843
6.344635,-0.0487715072429254
6.34524,-0.0461208972485949
6.345845,-0.0421631359276096
6.34645,-0.036426312829824
6.347055,-0.0303051064729251
6.34766,-0.0262749009955592
6.348265,-0.0253598142178935
6.34887,-0.0259501564895843
6.349475,-0.0254901496726322
6.35008,-0.0229098707031
6.350685,-0.019068877139907
6.35129,-0.0152857924880706
6.351895,-0.0120857385844253
6.3525,-0.00929434114710495
6.353105,-0.00662665804413937
6.35371,-0.00368192655515269
6.354315,0.000302910910838571
6.35492,0.00582081340582829
6.355525,0.0119142869514644
6.35613,0.0163854113337048
6.356735,0.0179012225131993
6.35734,0.0175211098835416
6.357945,0.0175450379335536
6.35855,0.0192131758330697
6.359155,0.0220590710229346
6.35976,0.0250792170231351
6.360365,0.0278275306067393
6.36097,0.0303783884030628
6.361575,0.0327693225214902
6.36218,0.0349457876229501
6.362785,0.0371618653634262
6.36339,0.0399166183726003
6.363995,0.0432656199649948
6.3646,0.0464689417913735
6.365205,0.048623328040467
6.36581,0.0496085648410646
6.366415,0.0501933738341259
6.36702,0.0512525842750224
6.367625,0.0530916133171677
6.36823,0.0554352733462704
6.368835,0.0577936623987045
6.36944,0.0597855482427049
6.370045,0.0613011021153486
6.37065,0.0625962358601402
6.371255,0.0642375988954841
6.37186,0.0666857350187123
6.372465,0.0697235837752316
6.37307,0.0723759161175186
6.373675,0.0736813867254152
6.37428,0.073661397490168
6.374885,0.0732977099910372
6.37549,0.0735049178436101
6.376095,0.0744023787023913
6.3767,0.0755729458012955
6.377305,0.0766818896215529
6.37791,0.077699780241765
6.378515,0.0787005196262653
6.37912,0.0796933362162484
6.379725,0.0806978292958663
6.38033,0.0818212767725428
6.380935,0.083133398310655
6.38154,0.0844357997886501
6.382145,0.0852687606318808
6.38275,0.0853501266744403
6.383355,0.084985655128489
6.38396,0.084887410920844
6.384565,0.0856072542866662
6.38517,0.0871648626993633
6.385775,0.0890974282145353
6.38638,0.090798779643681
6.386985,0.0918958487352169
6.38759,0.0924738703853787
6.388195,0.0930376039403771
6.3888,0.0941316979288864
6.389405,0.0957878989881177
6.39001,0.0973278981857544
6.390615,0.0979428034036204
6.39122,0.0975783050143582
6.391825,0.0969988082638621
6.39243,0.0968842271998528
6.393035,0.0972205695762319
6.39364,0.0976840574490031
6.394245,0.0981844725894348
6.39485,0.098797964258272
6.395455,0.0994279228070063
6.39606,0.0997782504386132
6.396665,0.0997210947227072
6.39727,0.09965049546828
6.397875,0.100169938233557
6.39848,0.101147840021078
6.399085,0.101436199638957
6.39969,0.10010832012283
6.400295,0.0978245350487604
6.4009,0.0963383381161541
6.401505,0.0965690642477116
6.40211,0.0976926321397481
6.402715,0.0983723109527379
6.40332,0.098381752798813
6.403925,0.0984504078302135
6.40453,0.0988054218590538
6.405135,0.098773281888536
6.40574,0.0980423537221661
6.406345,0.0974456481783975
6.40695,0.0978360056964264
6.407555,0.0987021499982504
6.40816,0.0986317942870964
6.408765,0.0969888614816851
6.40937,0.094582267094219
6.409975,0.0927208098062517
6.41058,0.0920843527707806
6.411185,0.0924770356253787
6.41179,0.0931082947961573
6.412395,0.093060899035854
6.413,0.0920251447120405
6.413605,0.0906733206562883
6.41421,0.0899329297407135
6.414815,0.0898814254913325
6.41542,0.0896689626681722
6.416025,0.0884704770666152
6.41663,0.0862160141229772
6.417235,0.0834970135394463
6.41784,0.0810592222990426
6.418445,0.0793382752430064
6.41905,0.0783235084801072
6.419655,0.0777888858301196
6.42026,0.0774922472533043
6.420865,0.0771310395687772
6.42147,0.0763784222368914
6.422075,0.0752157125253461
6.42268,0.0741534754933889
6.423285,0.0737333056478103
6.42389,0.0736834346686365
6.424495,0.0730071126792638
6.4251,0.0711382199741354
6.425705,0.0686639934307727
6.42631,0.0666898354842855
6.426915,0.0656741684689432
6.42752,0.0650663828940411
6.428125,0.0640694994321081
6.42873,0.0625963979242926
6.429335,0.0612774063092508
6.42994,0.0605271845324601
6.430545,0.0599733343105915
6.43115,0.0590933901587066
6.431755,0.058044146328749
6.43236,0.0573212409822702
6.432965,0.0567452504603187
6.43357,0.0553967529175765
6.434175,0.0527773073723611
6.43478,0.0496036695276
6.435385,0.0470944287182155
6.43599,0.0457726072287592
6.436595,0.0452358162725543
6.4372,0.0447593182795677
6.437805,0.043858177087103
6.43841,0.0424821314279183
6.439015,0.040932661641811
6.43962,0.0396186338096224
6.440225,0.0387344064109936
6.44083,0.0380552579065442
6.441435,0.0370827419283266
6.44204,0.0354336856276126
6.442645,0.0331217259729242
6.44325,0.0305260988160475
6.443855,0.0280846495868995
6.44446,0.0259829254224608
6.445065,0.0241272245220003
6.44567,0.022367120123985
6.446275,0.0206715156770782
6.44688,0.0190648038674173
6.447485,0.0174956418725393
6.44809,0.0159108197066097
6.448695,0.0143933132880425
6.4493,0.0130397956176214
6.449905,0.0116688524097704
6.45051,0.00980401538398304
6.451115,0.00713840823507954
6.45172,0.00399415496074187
6.452325,0.00109528701571471
6.45293,-0.00113259557737757
6.453535,-0.00286224201246003
6.45414,-0.00450979700103381
6.454745,-0.00627326170331776
6.45535,-0.00807856108935736
6.455955,-0.00986296952120871
6.45656,-0.0117068986176156
6.457165,-0.0136249361537441
6.45777,-0.01543010953489
6.458375,-0.0169967635280782
6.45898,-0.0185739071719567
6.459585,-0.020604526495412
6.46019,-0.023178834322594
6.460795,-0.025865414473096
6.4614,-0.028202977471312
6.462005,-0.0301988651340755
6.46261,-0.0321943822927813
6.463215,-0.0343620382520144
6.46382,-0.0365462212460552
6.464425,-0.0385707002501035
6.46503,-0.0404553040907645
6.465635,-0.0422720857967002
6.46624,-0.0440347038440567
6.466845,-0.0458177040381951
6.46745,-0.0477704945257321
6.468055,-0.0499432629808909
6.46866,-0.0522548508971034
6.469265,-0.0546485110843133
6.46987,-0.0571504625104868
6.470475,-0.0597564194680208
6.47108,-0.0623371168180387
6.471685,-0.0646946798104202
6.47229,-0.0667082777491408
6.472895,-0.0684583322103683
6.4735,-0.0702832413093649
6.474105,-0.0725372011062079
6.47471,-0.0748956638062997
6.475315,-0.0761812820863568
6.47592,-0.0758062081318108
6.476525,-0.0752882404216287
6.47713,-0.0770989856492746
6.477735,-0.081743454076353
6.47834,-0.0870034065225233
6.478945,-0.0904145121810014
6.47955,-0.0917211684850578
6.480155,-0.0925367265724982
6.48076,-0.0942260885153256
6.481365,-0.0967458849895406
6.48197,-0.0993554182270093
6.482575,-0.101663277233997
6.48318,-0.103506382350486
6.483785,-0.104385143703803
6.48439,-0.1040052466235
6.484995,-0.103373239400574
6.4856,-0.104447009177245
6.486205,-0.108228033653339
6.48681,-0.113511585689257
6.487415,-0.117859927939429
6.48802,-0.119795131874569
6.488625,-0.119955507084254
6.48923,-0.120202982556915
6.489835,-0.121825006773836
6.49044,-0.124654344184679
6.491045,-0.12748548585978
6.49165,-0.1288400164549
6.492255,-0.127754814456567
6.49286,-0.124815774859549
6.493465,-0.122448709488097
6.49407,-0.123264580063464
6.494675,-0.127696341926603
6.49528,-0.133602564551591
6.495885,-0.138289441428445
6.49649,-0.140658394904513
6.497095,-0.141470275485129
6.4977,-0.141986111320805
6.498305,-0.142753947549641
6.49891,-0.143771251720123
6.499515,-0.145144611845588
6.50012,-0.146637799433121
6.500725,-0.14691595121395
6.50133,-0.144735698827605
6.501935,-0.141270027486773
6.50254,-0.139915514773852
6.503145,-0.142817295406308
6.50375,-0.148290375148326
6.504355,-0.15262051067593
6.50496,-0.153905600462141
6.505565,-0.153193934992871
6.50617,-0.152379946958228
6.506775,-0.15229374975424
6.50738,-0.152921976705523
6.507985,-0.154139590273588
6.50859,-0.155127942076711
6.509195,-0.153758556237415
6.5098,-0.148410504426962
6.510405,-0.141005951842829
6.51101,-0.13665416711367
6.511615,-0.138760122392012
6.51222,-0.145176908060522
6.512825,-0.150517869349283
6.51343,-0.151646165737566
6.514035,-0.14965198238775
6.51464,-0.147252086173577
6.515245,-0.145968384153307
6.51585,-0.145829353338668
6.516455,-0.146255548995923
6.51706,-0.14615794820987
6.517665,-0.14381772070171
6.51827,-0.138232290585957
6.518875,-0.131077419087684
6.51948,-0.126236583679567
6.520085,-0.126272504657984
6.52069,-0.129694947466039
6.521295,-0.132634433425935
6.5219,-0.13278642522936
6.522505,-0.130719043519072
6.52311,-0.128040212036688
6.523715,-0.12574435199541
6.52432,-0.124182383551654
6.524925,-0.123378655757189
6.52553,-0.122635405275503
6.526135,-0.120144141630624
6.52674,-0.114180406222945
6.527345,-0.10559496679658
6.52795,-0.0984725523953405
6.528555,-0.0968208957547463
6.52916,-0.10037319693255
6.529765,-0.104792329207458
6.53037,-0.106178402700933
6.530975,-0.104293566709279
6.53158,-0.101353403898239
6.532185,-0.0989847174355637
6.53279,-0.0971384302412744
6.533395,-0.0953233794414856
6.534,-0.0934994714633877
6.534605,-0.0912806524144718
6.53521,-0.0874243082444528
6.535815,-0.0812969050768727
6.53642,-0.074593774509867
6.537025,-0.0704411455267216
6.53763,-0.0702429739321072
6.538235,-0.0721272178206896
6.53884,-0.0730048262832591
6.539445,-0.0714457357921706
6.54005,-0.0681637135179036
6.540655,-0.0645188405102385
6.54126,-0.0613084284020903
6.541865,-0.0587699209770896
6.54247,-0.056787832935124
6.543075,-0.0545059266154639
6.54368,-0.0503685725466654
6.544285,-0.0436345895805946
6.54489,-0.0360098419873487
6.545495,-0.0308226845843848
6.5461,-0.0298493161459749
6.546705,-0.0314628736647041
6.54731,-0.032446126823876
6.547915,-0.03105825485362
6.54852,-0.0279170328175455
6.549125,-0.0245243415525392
6.54973,-0.0216496044085728
6.550335,-0.0191304315977557
6.55094,-0.0166067131941176
6.551545,-0.0138661242829185
6.55215,-0.010578213915576
6.552755,-0.00631155640390754
6.55336,-0.00127141337763908
6.553965,0.00325456993860527
6.55457,0.00590025924032017
6.555175,0.00673132057196515
6.55578,0.00721990879559044
6.556385,0.00872044564005913
6.55699,0.0114018428432231
6.557595,0.0146167760041386
6.5582,0.0178029342068227
6.558805,0.020774039786632
6.55941,0.0234858908737172
6.560015,0.0260544294782718
6.56062,0.0290353953406761
6.561225,0.0331426182737153
6.56183,0.0382133789852695
6.562435,0.042707900808424
6.56304,0.0449577277572911
6.563645,0.0450340428697072
6.56425,0.0447969899454181
6.564855,0.0459310681448157
6.56546,0.0484228631195132
6.566065,0.0511126247671274
6.56667,0.0532025144861216
6.567275,0.0548253658013075
6.56788,0.0564279581998984
6.568485,0.0581510045376372
6.56909,0.0599345667220237
6.569695,0.0618500891796822
6.5703,0.0639756528113878
6.570905,0.0660294991032121
6.57151,0.0674923868798392
6.572115,0.0682345812802029
6.57272,0.0687619721783358
6.573325,0.069657082801774
6.57393,0.0709913603790046
6.574535,0.0724447976276371
6.57514,0.0737801272410328
6.575745,0.0749948068959953
6.57635,0.0761198723043392
6.576955,0.0771243491209035
6.57756,0.0781391862590494
6.578165,0.0795851147983383
6.57877,0.0817283517591753
6.579375,0.0840551963247469
6.57998,0.0854825470225304
6.580585,0.0855264393352807
6.58119,0.0850137412479025
6.581795,0.0852088680507377
6.5824,0.0863975649392054
6.583005,0.087771650249058
6.58361,0.0885989030750723
6.584215,0.0890191931180725
6.58482,0.0896040352610856
6.585425,0.0905740672119796
6.58603,0.0917654228418787
6.586635,0.0930769183821182
6.58724,0.0944788532468879
6.587845,0.0955916665122551
6.58845,0.0957244966754519
6.589055,0.0947048250618749
6.58966,0.0934892312049258
6.590265,0.0934283904411373
6.59087,0.0948001893855592
6.591475,0.0964667853486165
6.59208,0.097203260742175
6.592685,0.0970448406880931
6.59329,0.0970084715311254
6.593895,0.0977839631026635
6.5945,0.0991433870807796
6.595105,0.100413107892231
6.59571,0.101077808936086
6.596315,0.101057946985827
6.59692,0.10070751239491
6.597525,0.100465909289495
6.59813,0.100392092994404
6.598735,0.10017740075336
6.59934,0.0997092329712257
6.599945,0.0993832009323638
6.60055,0.0995750457895983
6.601155,0.0999865329113087
6.60176,0.0999709560327582
6.602365,0.0995174788392851
6.60297,0.0994093776365295
6.603575,0.100103099805928
6.60418,0.100827290084817
6.604785,0.100354886746839
6.60539,0.0985426537395176
6.605995,0.0965085829518979
6.6066,0.0952517056371204
6.607205,0.0946321385890625
6.60781,0.0938877910696882
6.608415,0.0927423501217942
6.60902,0.0916657204106411
6.609625,0.0912266760680855
6.61023,0.0914744801772641
6.610835,0.091872068206816
6.61144,0.0917703517227336
6.612045,0.0911420610714053
6.61265,0.0907165696006733
6.613255,0.0909633418093594
6.61386,0.0911103984223585
6.614465,0.0898661853726669
6.61507,0.0871599550905812
6.615675,0.0844281231261779
6.61628,0.0829900114222845
6.616885,0.0827685053967181
6.61749,0.0827607473650708
6.618095,0.082220975379611
6.6187,0.0811493834289797
6.619305,0.079924213670205
6.61991,0.0788163859903871
6.620515,0.0779393235707924
6.62112,0.0774037622611667
6.621725,0.0772138406872262
6.62233,0.0769196771976178
6.622935,0.0756032307686434
6.62354,0.0727116891152806
6.624145,0.0690293658011999
6.62475,0.0663055677759271
6.625355,0.0656191298550552
6.62596,0.0663482173069092
6.626565,0.0668425605887205
6.62717,0.0659363418072128
6.627775,0.0638735806989103
6.62838,0.0619909572740118
6.628985,0.061444772945233
6.62959,0.0620803436926054
6.630195,0.0626051735308589
6.6308,0.0618699951112015
6.631405,0.0598295894489719
6.63201,0.0573346448038941
6.632615,0.0552404135579058
6.63322,0.0537968014938682
6.633825,0.0527313669030887
6.63443,0.0516625486599897
6.635035,0.0504136308882048
6.63564,0.049094141857804
6.636245,0.0478719261420072
6.63685,0.0466796053253327
6.637455,0.0453393828387082
6.63806,0.0439351381760828
6.638665,0.0427404618710616
6.63927,0.041672672731553
6.639875,0.0401147934552842
6.64048,0.0375957338196468
6.641085,0.0345235448143476
6.64169,0.0318796347059505
6.642295,0.0301756434113906
6.6429,0.0290021143294166
6.643505,0.0276443971455853
6.64411,0.0258646976508789
6.644715,0.0239541160922936
6.64532,0.0222494557570932
6.645925,0.0208361295900056
6.64653,0.0196656557529986
6.647135,0.01871314127933
6.64774,0.0178336150424866
6.648345,0.0165744657207451
6.64895,0.0144528268426108
6.649555,0.0115196239454694
6.65016,0.00844679244676278
6.650765,0.00592989855050948
6.65137,0.00407329384551536
6.651975,0.00240261721583555
6.65258,0.000403849129703137
6.653185,-0.00199797672406886
6.65379,-0.00442004494188852
6.654395,-0.0064029995221925
6.655,-0.00783542800598138
6.655605,-0.00905677142418171
6.65621,-0.0105744559426611
6.656815,-0.0127013141401117
6.65742,-0.0154127485430195
6.658025,-0.0184068974503324
6.65863,-0.0212654549222794
6.659235,-0.0237011021245164
6.65984,-0.0257268371458935
6.660445,-0.0275495395322991
6.66105,-0.0293463430143973
6.661655,-0.0311969300297251
6.66226,-0.0331445289279232
6.662865,-0.0352001019229106
6.66347,-0.0372329365736958
6.664075,-0.0389025704523955
6.66468,-0.03988961783012
6.665285,-0.0404261119479408
6.66589,-0.0415240111019346
6.666495,-0.0441829772349401
6.6671,-0.0481255717733962
6.667705,-0.051806425913841
6.66831,-0.0540393863303562
6.668915,-0.0552026122418792
6.66952,-0.0565447983259575
6.670125,-0.0587466408600504
6.67073,-0.0615428516342364
6.671335,-0.0644027516507256
6.67194,-0.0669662554116268
6.672545,-0.0688555862991013
6.67315,-0.0698396720184768
6.673755,-0.0705203635389439
6.67436,-0.0721177224260486
6.674965,-0.0750600593600555
6.67557,-0.0784293594246614
6.676175,-0.0812790445139658
6.67678,-0.0837980763148721
6.677385,-0.0865889749068662
6.67799,-0.0894153728350513
6.678595,-0.0914680172149896
6.6792,-0.0926921951346485
6.679805,-0.0940948533101385
6.68041,-0.0964074572506129
6.681015,-0.0988257049518852
6.68162,-0.0996955439633468
6.682225,-0.0986366029409897
6.68283,-0.0975003054574756
6.683435,-0.098669218223873
6.68404,-0.102540705864435
6.684645,-0.107257746795602
6.68525,-0.11090962064513
6.685855,-0.11326892417774
6.68646,-0.115142056330716
6.687065,-0.116903495608095
6.68767,-0.118428809196822
6.688275,-0.119949398151645
6.68888,-0.121901273798585
6.689485,-0.12381268512352
6.69009,-0.1243362587845
6.690695,-0.123022317080751
6.6913,-0.121496359769828
6.691905,-0.122126009814761
6.69251,-0.12557533499434
6.693115,-0.130171955484041
6.69372,-0.133770426323893
6.694325,-0.135724326775199
6.69493,-0.136790388867296
6.695535,-0.137773721744847
6.69614,-0.138938452046616
6.696745,-0.140358010856961
6.69735,-0.141927488971807
6.697955,-0.142859713501964
6.69856,-0.141918117132681
6.699165,-0.138803954446748
6.69977,-0.135244815511522
6.700375,-0.134158272320918
6.70098,-0.137208275282539
6.701585,-0.143161170362762
6.70219,-0.14889314525118
6.702795,-0.151962507203659
6.7034,-0.152233372547884
6.704005,-0.151392734111984
6.70461,-0.151177878469862
6.705215,-0.152134027547741
6.70582,-0.153747231889037
6.706425,-0.154973685020775
6.70703,-0.154448978969449
6.707635,-0.151172198743579
6.70824,-0.145961722222761
6.708845,-0.14188205788886
6.70945,-0.141946749224169
6.710055,-0.145997847996965
6.71066,-0.150674396631166
6.711265,-0.15273632535081
6.71187,-0.151770534835592
6.712475,-0.149564694982008
6.71308,-0.147787322241397
6.713685,-0.1469945077728
6.71429,-0.147142641439532
6.714895,-0.147565631668899
6.7155,-0.146326972374188
6.716105,-0.141241856020547
6.71671,-0.132873782279401
6.717315,-0.125728338915536
6.71792,-0.124592065633485
6.718525,-0.129461251391714
6.71913,-0.135455141613614
6.719735,-0.137899535717645
6.72034,-0.136305193188703
6.720945,-0.133250145860413
6.72155,-0.130866186255441
6.722155,-0.129494444600089
6.72276,-0.128775749083271
6.723365,-0.12824699597297
6.72397,-0.126774702722793
6.724575,-0.122854379208916
6.72518,-0.116415226348062
6.725785,-0.109972498837104
6.72639,-0.106951048031781
6.726995,-0.108361256060672
6.7276,-0.111652937162453
6.728205,-0.113244581015665
6.72881,-0.111737740629735
6.729415,-0.108400101603667
6.73002,-0.105183517087532
6.730625,-0.102997465089523
6.73123,-0.101625926943725
6.731835,-0.1003310373772
6.73244,-0.0980009505614853
6.733045,-0.0933237937688454
6.73365,-0.0860532400699959
6.734255,-0.0783790550065067
6.73486,-0.0738515775259878
6.735465,-0.0740532724546024
6.73607,-0.0768855772025616
6.736675,-0.0787400818325589
6.73728,-0.0778532925463962
6.737885,-0.0750488698657065
6.73849,-0.0718952334702015
6.739095,-0.0691309602323623
6.7397,-0.066775481214255
6.740305,-0.0647525246236893
6.74091,-0.0627066672838867
6.741515,-0.0595725404639521
6.74212,-0.0543376053292002
6.742725,-0.0476863530742371
6.74333,-0.0422098081681643
6.743935,-0.0401165601997091
6.74454,-0.0408568856733664
6.745145,-0.0416834890065882
6.74575,-0.0404457243711028
6.746355,-0.0372023811920675
6.74696,-0.0333252411011306
6.747565,-0.0298914867681495
6.74817,-0.0271488336229061
6.748775,-0.0248869146339113
6.74938,-0.0225969082155176
6.749985,-0.0192832876019074
6.75059,-0.0139732195102258
6.751195,-0.00708634390666192
6.7518,-0.000921790230599584
6.752405,0.00212224468571545
6.75301,0.00200862709640119
6.753615,0.00112602181410961
6.75422,0.00177967498276925
6.754825,0.00425641166433842
6.75543,0.00741217165328524
6.756035,0.0103612672069036
6.75664,0.0131114474684046
6.757245,0.0159092134271692
6.75785,0.0186801405786862
6.758455,0.0213567180366049
6.75906,0.0242768591732353
6.759665,0.0277814441887178
6.76027,0.0315123025799232
6.760875,0.0345302427296969
6.76148,0.0362980119436161
6.762085,0.0372535494084819
6.76269,0.0382832600408264
6.763295,0.03996994483283
6.7639,0.0424115861179578
6.764505,0.0453476882499348
6.76511,0.0482487879064126
6.765715,0.0505282747449042
6.76632,0.0520383567472502
6.766925,0.0534262222686278
6.76753,0.0556967067467243
6.768135,0.0591717560671868
6.76874,0.0629229646655465
6.769345,0.0654667243940265
6.76995,0.0662029506473197
6.770555,0.0660104757909122
6.77116,0.0662523456039328
6.771765,0.0674538831364979
6.77237,0.0691502928384332
6.772975,0.070722336076076
6.77358,0.0720374403571498
6.774185,0.073316216463619
6.77479,0.0746822777583209
6.775395,0.0760439023415535
6.776,0.0773012888628698
6.776605,0.078467906534693
6.77721,0.0795481514947984
6.777815,0.0804107204901408
6.77842,0.080922029097483
6.779025,0.081180726269321
6.77963,0.0815157355528036
6.780235,0.0822771638532459
6.78084,0.08361718738355
6.781445,0.0853382521191437
6.78205,0.0869446785483286
6.782655,0.0879838484712899
6.78326,0.0884458447803228
6.783865,0.0888443425923789
6.78447,0.089827405629773
6.785075,0.0915888571828169
6.78568,0.0935960189075018
6.786285,0.0949488385057116
6.78689,0.0951524394862141
6.787495,0.0945888636438498
6.7881,0.0941240886337913
6.788705,0.0942515373626629
6.78931,0.094797555117221
6.789915,0.095447277963876
6.79052,0.0962026210762271
6.791125,0.0971119251963858
6.79173,0.0978831098715559
6.792335,0.0982090724754453
6.79294,0.0983475456252689
6.793545,0.0989076817871146
6.79415,0.0999859989547223
6.794755,0.100806010561335
6.79536,0.100406629719469
6.795965,0.0987444148738569
6.79657,0.0970342042561207
6.797175,0.0967052485967907
6.79778,0.0978999218942635
6.798385,0.0993062465750278
6.79899,0.0996689826519385
6.799595,0.0991597123791953
6.8002,0.0989327645416088
6.800805,0.0995882942287588
6.80141,0.100622889793956
6.802015,0.101367916730796
6.80262,0.101767738581101
6.803225,0.101871457988155
6.80383,0.101193261337283
6.804435,0.0993588174135062
6.80504,0.0971301261182023
6.805645,0.0959330355137561
6.80625,0.0962696618058387
6.806855,0.0971711350354928
6.80746,0.0973411362121368
6.808065,0.096441499079541
6.80867,0.0951134855846824
6.809275,0.0941279000404969
6.80988,0.0938577438782748
6.810485,0.0942180535149438
6.81109,0.0945697988392763
6.811695,0.0939370487872315
6.8123,0.0919022158381033
6.812905,0.0891737088393669
6.81351,0.0868593428163974
6.814115,0.085352294370262
6.81472,0.0843064919615801
6.815325,0.0834158150185817
6.81593,0.0826858744535917
6.816535,0.0820990580556303
6.81714,0.0814751661710488
6.817745,0.0807098138371311
6.81835,0.0799805792394661
6.818955,0.0795601405324379
6.81956,0.0793377161900543
6.820165,0.0786765159685242
6.82077,0.0769824692771506
6.821375,0.0744696194775131
6.82198,0.0721442375356869
6.822585,0.0707663199749367
6.82319,0.0700314534898289
6.823795,0.0691405395466701
6.8244,0.0678952181126541
6.825005,0.0667825290225114
6.82561,0.0661698296287773
6.826215,0.0658232846159952
6.82682,0.065256090118047
6.827425,0.0643526415227128
6.82803,0.0634678911317387
6.828635,0.0628142326647918
6.82924,0.0619009686541505
6.829845,0.0599915252905625
6.83045,0.0572006460241473
6.831055,0.0546534468541998
6.83166,0.0532960889881641
6.832265,0.0528852914468698
6.83287,0.0524241225678376
6.833475,0.0513702259574667
6.83408,0.0500562755573276
6.834685,0.0490279688957496
6.83529,0.0484222518201575
6.835895,0.0480146529306865
6.8365,0.0474814748690295
6.837105,0.0465233307260511
6.83771,0.044970188481267
6.838315,0.042925162674482
6.83892,0.0407363645778945
6.839525,0.0386769532715774
6.84013,0.0367266906453844
6.840735,0.0348171282330348
6.84134,0.0331106245991466
6.841945,0.0317941354246715
6.84255,0.0307054475580977
6.843155,0.029390865414949
6.84376,0.027563940571368
6.844365,0.0254268408062235
6.84497,0.0234960804869418
6.845575,0.022060622406333
6.84618,0.0207772890388284
6.846785,0.0189238714473222
6.84739,0.0161682457484803
6.847995,0.0129802206954509
6.8486,0.0101811213696983
6.849205,0.00818072525994593
6.84981,0.00673668508202651
6.850415,0.00534684250340892
6.85102,0.00369577755704973
6.851625,0.00174419218776324
6.85223,-0.000376886822299729
6.852835,-0.00242142401382027
6.85344,-0.00409048332917895
6.854045,-0.00525565693758103
6.85465,-0.00625093650149753
6.855255,-0.0078031288031743
6.85586,-0.0103847465540174
6.856465,-0.0136389344525348
6.85707,-0.0167006088143998
6.857675,-0.0190693580491001
6.85828,-0.0209319106059447
6.858885,-0.0227130271702023
6.85949,-0.0246169306584889
6.860095,-0.0266262552331451
6.8607,-0.0287055885320726
6.861305,-0.0308358439708915
6.86191,-0.0328868627653889
6.862515,-0.0346581413290407
6.86312,-0.0361734020824624
6.863725,-0.0378027928367011
6.86433,-0.0399464036982678
6.864935,-0.0426856754070284
6.86554,-0.0457885393778401
6.866145,-0.0488313816114014
6.86675,-0.051286259928385
6.867355,-0.0528654410600283
6.86796,-0.0539181990200368
6.868565,-0.0552284723139399
6.86917,-0.0573419315586296
6.869775,-0.0601212343903589
6.87038,-0.0627864872493703
6.870985,-0.0643767411472109
6.87159,-0.0645567003912282
6.872195,-0.064330807103888
6.8728,-0.065644334912059
6.873405,-0.0694560574901
6.87401,-0.0742648018705891
6.874615,-0.077563631586519
6.87522,-0.078789399775437
6.875825,-0.0797856827474952
6.87643,-0.0822436003636302
6.877035,-0.0857046884454883
6.87764,-0.0885459390834084
6.878245,-0.0901695435371074
6.87885,-0.0913461912943206
6.879455,-0.0926765603407512
6.88006,-0.0937708122538358
6.880665,-0.0943659395849833
6.88127,-0.0954779479419351
6.881875,-0.098431260305737
6.88248,-0.102914059006519
6.883085,-0.106986240157163
6.88369,-0.109144244797713
6.884295,-0.109804518594634
6.8849,-0.110658507097008
6.885505,-0.112830132361176
6.88611,-0.115889319688591
6.886715,-0.118616871679118
6.88732,-0.120160728399714
6.887925,-0.120176867976891
6.88853,-0.118655451473179
6.889135,-0.116527296566332
6.88974,-0.115984343351951
6.890345,-0.118838144914815
6.89095,-0.124375082948343
6.891555,-0.12982317245881
6.89216,-0.133010403459339
6.892765,-0.13397540271923
6.89337,-0.134284139443738
6.893975,-0.135351344104832
6.89458,-0.137421696053833
6.895185,-0.139862996194156
6.89579,-0.141845889786368
6.896395,-0.142399337205526
6.897,-0.140650327077875
6.897605,-0.137214813672478
6.89821,-0.134977323647018
6.898815,-0.136812253208849
6.89942,-0.142216909645999
6.900025,-0.147584585719496
6.90063,-0.150082309245696
6.901235,-0.150083908999969
6.90184,-0.149630348385956
6.902445,-0.149770107722243
6.90305,-0.15025739928131
6.903655,-0.150975453178463
6.90426,-0.151967936110505
6.904865,-0.152029301977168
6.90547,-0.149103131085485
6.906075,-0.143216572387225
6.90668,-0.138040347548708
6.907285,-0.137848336465177
6.90789,-0.142832927735613
6.908495,-0.148836445441062
6.9091,-0.151935396022333
6.909705,-0.151892940104396
6.91031,-0.150822896752954
6.910915,-0.150069205486721
6.91152,-0.149521159750675
6.912125,-0.149011952575031
6.91273,-0.148683215659052
6.913335,-0.147904839194528
6.91394,-0.145243840027167
6.914545,-0.14032152647683
6.91515,-0.13517792819841
6.915755,-0.132799770846755
6.91636,-0.134080195308533
6.916965,-0.136960342817717
6.91757,-0.138759872256971
6.918175,-0.13855424888618
6.91878,-0.137042845893974
6.919385,-0.135057729223316
6.91999,-0.133048964622774
6.920595,-0.131503023781207
6.9212,-0.130601111836147
6.921805,-0.129265727840481
6.92241,-0.125524263608055
6.923015,-0.118635939721184
6.92362,-0.110906527730729
6.924225,-0.106539499152537
6.92483,-0.107737086894531
6.925435,-0.11232961155054
6.92604,-0.116045556603895
6.926645,-0.116555632646625
6.92725,-0.114578020749226
6.927855,-0.111852835145166
6.92846,-0.109344304969492
6.929065,-0.107356002017934
6.92967,-0.106078284284275
6.930275,-0.105103943093021
6.93088,-0.102885730711813
6.931485,-0.0979123718059488
6.93209,-0.0909657343068659
6.932695,-0.0853575937080828
6.9333,-0.0839126734126933
6.933905,-0.0859833936246897
6.93451,-0.0881708551209046
6.935115,-0.0877510557429732
6.93572,-0.0847362360346953
6.936325,-0.0808429688737765
6.93693,-0.0774825420721507
6.937535,-0.0750924327437713
6.93814,-0.0734903575875693
6.938745,-0.0718952364593809
6.93935,-0.0687710436538696
6.939955,-0.0627732567902998
6.94056,-0.0546669787436667
6.941165,-0.0477402262578022
6.94177,-0.0451034362084818
6.942375,-0.0464979522366143
6.94298,-0.0486012020535806
6.943585,-0.0484393156667374
6.94419,-0.0457200165308027
6.944795,-0.0419842930702783
6.9454,-0.0385469372867266
6.946005,-0.0356912003096796
6.94661,-0.0332109843943615
6.947215,-0.0308641904122297
6.94782,-0.0281104279252304
6.948425,-0.0241048571456022
6.94903,-0.018703095247316
6.949635,-0.0133058756702388
6.95024,-0.00991673341296761
6.950845,-0.00907610940845138
6.95145,-0.00921321429059307
6.952055,-0.00831002596623929
6.95266,-0.00575858961751383
6.953265,-0.00235682666818135
6.95387,0.000958543054703889
6.954475,0.00386700521619614
6.95508,0.00642738125359449
6.955685,0.0087793078281544
6.95629,0.0113928760403559
6.956895,0.0151499506064124
6.9575,0.0204657792462273
6.958105,0.0262440938036684
6.95871,0.0303641597742698
6.959315,0.0317367846192786
6.95992,0.0315350428468859
6.960525,0.0319230743967563
6.96113,0.0339180628041552
6.961735,0.0368669774864288
6.96234,0.0396176557581839
6.962945,0.04174626732154
6.96355,0.0436659802981103
6.964155,0.045855272814778
6.96476,0.0483341504715812
6.965365,0.0508899470052755
6.96597,0.0534281338332924
6.966575,0.0558640821485246
6.96718,0.0578845455791779
6.967785,0.0591948068479882
6.96839,0.0599909430838817
6.968995,0.0608561933714409
6.9696,0.0621756808010148
6.970205,0.0638738936623728
6.97081,0.0656862134921545
6.971415,0.0674905638051631
6.97202,0.0692898033070535
6.972625,0.0709975084243495
6.97323,0.0724970898636147
6.973835,0.0739333295258983
6.97444,0.0756783270688532
6.975045,0.0778253379618717
6.97565,0.0798353007398482
6.976255,0.0809791583202817
6.97686,0.0811935812338177
6.977465,0.0812358728901468
6.97807,0.0818793301568179
6.978675,0.0831291672793727
6.97928,0.0843599614330095
6.979885,0.0851650314556266
6.98049,0.0858461540809825
6.981095,0.0869195724906317
6.9817,0.0883667676863116
6.982305,0.0896795699812282
6.98291,0.0905553057638909
6.983515,0.091214098811697
6.98412,0.0919463762812177
6.984725,0.0926371111449008
6.98533,0.0929793711743126
6.985935,0.0930040374988385
6.98654,0.093128863269243
6.987145,0.0936990756742777
6.98775,0.0946594701097298
6.988355,0.0956842792601181
6.98896,0.0964948897233965
6.989565,0.0970713381087762
6.99017,0.0976693504150868
6.990775,0.0985678713136764
6.99138,0.0997010005794977
6.991985,0.100620677938138
6.99259,0.100896414498272
6.993195,0.100524802597445
6.9938,0.0999597888842022
6.994405,0.0997041905203014
6.99501,0.0997802628563911
6.995615,0.099761330826215
6.99622,0.0995023068083529
6.996825,0.0994841589354734
6.99743,0.100038790095085
6.998035,0.100611432216738
6.99864,0.100408425665415
6.999245,0.0996197462921177
6.99985,0.0993084329734529
7.000455,0.0999070486054528
7.00106,0.100429371327177
7.001665,0.0996521161330987
7.00227,0.0976772124119375
7.002875,0.0957239092323558
7.00348,0.0946347677385606
7.004085,0.0942626534181034
7.00469,0.094185050743925
7.005295,0.0942791254162564
7.0059,0.0945044520172058
7.006505,0.0946552436696944
7.00711,0.0945541895797099
7.007715,0.0943168418939664
7.00832,0.0942401881441392
7.008925,0.0943981963058528
7.00953,0.0944629873640004
7.010135,0.0939598336312904
7.01074,0.092660902414361
7.011345,0.0908655216179267
7.01195,0.0893358081233428
7.012555,0.088680693059858
7.01316,0.0886801550877256
7.013765,0.0884786434825477
7.01437,0.0875729326473667
7.014975,0.0863061772355406
7.01558,0.0852663768753569
7.016185,0.0846244781774612
7.01679,0.0842316029040745
7.017395,0.0838909211561581
7.018,0.0832653163126447
7.018605,0.0818404110250534
7.01921,0.0793478715482978
7.019815,0.076230858785585
7.02042,0.0734583029590406
7.021025,0.0717996756549475
7.02163,0.0713007280108498
7.022235,0.0713057946559691
7.02284,0.0709710872341869
7.023445,0.0699801750622275
7.02405,0.0687788162286199
7.024655,0.0680557789784258
7.02526,0.0680763558815359
7.025865,0.068416888112512
7.02647,0.0681760452116714
7.027075,0.0666441735771559
7.02768,0.0640550141105818
7.028285,0.0615229190618898
7.02889,0.0599436805475717
7.029495,0.0591376140221693
7.0301,0.0583459220592502
7.030705,0.0572776952521037
7.03131,0.056264594303621
7.031915,0.0555306452074274
7.03252,0.0547704257599662
7.033125,0.0536224935826884
7.03373,0.0522623493917102
7.034335,0.0512057113198797
7.03494,0.0505681923998789
7.035545,0.0497105073534749
7.03615,0.0477755552671811
7.036755,0.0446703304796119
7.03736,0.0413699435204519
7.037965,0.039053173931701
7.03857,0.0379895956134553
7.039175,0.037394573856505
7.03978,0.0363469483391614
7.040385,0.0347043835705797
7.04099,0.033031636586769
7.041595,0.0318160641047171
7.0422,0.0310148464148359
7.042805,0.0302753866526973
7.04341,0.0292712029127185
7.044015,0.0277804560293734
7.04462,0.0257215202869292
7.045225,0.0232541027086053
7.04583,0.0207133650890793
7.046435,0.018372025819805
7.04704,0.0163055083052925
7.047645,0.0144443163916332
7.04825,0.0126687618038531
7.048855,0.0108442978465971
7.04946,0.00885729586844093
7.050065,0.00671858275839072
7.05067,0.00461728663295194
7.051275,0.00278190551542091
7.05188,0.00121155648986727
7.052485,-0.000469525593789793
7.05309,-0.00276221548071374
7.053695,-0.00576288716753572
7.0543,-0.00896695947407616
7.054905,-0.0117320875846319
7.05551,-0.0138647438292233
7.056115,-0.0156579947826347
7.05672,-0.017481592788496
7.057325,-0.0194809088666737
7.05793,-0.0215900117806107
7.058535,-0.0236797803269425
7.05914,-0.0256337764745139
7.059745,-0.0272982035933034
7.06035,-0.0285280503127487
7.060955,-0.029500583333217
7.06156,-0.0308554893128912
7.062165,-0.0331362838575803
7.06277,-0.0360966266645812
7.063375,-0.0389752782740211
7.06398,-0.0414258151597041
7.064585,-0.0436765740181334
7.06519,-0.0458833033892639
7.065795,-0.0479427983096811
7.0664,-0.0498996334312417
7.067005,-0.0520100022592577
7.06761,-0.0543631410347237
7.068215,-0.0567240169233306
7.06882,-0.0587698947403628
7.069425,-0.0603355165524075
7.07003,-0.0615301146010093
7.070635,-0.0629185767514972
7.07124,-0.0654070379572763
7.071845,-0.0692576478457329
7.07245,-0.0732380169012079
7.073055,-0.0756648598598058
7.07366,-0.076494526365323
7.074265,-0.0775219352970591
7.07487,-0.080194426179078
7.075475,-0.0839090038091182
7.07608,-0.0868352469751886
7.076685,-0.0879081615259814
7.07729,-0.0875797393106829
7.077895,-0.0870024860205988
7.0785,-0.087109201089596
7.079105,-0.0884403615397048
7.07971,-0.091186099198928
7.080315,-0.0949813377807588
7.08092,-0.0989346463000885
7.081525,-0.102152036942462
7.08213,-0.104213488942444
7.082735,-0.10536268531199
7.08334,-0.106455082440386
7.083945,-0.10835531713021
7.08455,-0.111089863955819
7.085155,-0.113745397638837
7.08576,-0.115191896179228
7.086365,-0.1148832408777
7.08697,-0.113426712832675
7.087575,-0.112679804219122
7.08818,-0.114588542973913
7.088785,-0.119160925828545
7.08939,-0.124111854807798
7.089995,-0.127202602983137
7.0906,-0.128335892868595
7.091205,-0.128908666633956
7.09181,-0.129993164474681
7.092415,-0.131766827170685
7.09302,-0.134002623762725
7.093625,-0.13615578669252
7.09423,-0.137000378245478
7.094835,-0.135221962815628
7.09544,-0.131282304679988
7.096045,-0.128267196075465
7.09665,-0.129487187749419
7.097255,-0.13488378663681
7.09786,-0.140998405367066
7.098465,-0.144791932706618
7.09907,-0.146210716915868
7.099675,-0.146835116975329
7.10028,-0.147567750160816
7.100885,-0.148418330576723
7.10149,-0.14953152322026
7.102095,-0.151066783959262
7.1027,-0.152109856686558
7.103305,-0.150999644409785
7.10391,-0.147388357667189
7.104515,-0.143414190363351
7.10512,-0.142163215761609
7.105725,-0.144838899456381
7.10633,-0.14969743430808
7.106935,-0.153736789713297
7.10754,-0.155036513905757
7.108145,-0.153708319328838
7.10875,-0.151389113728567
7.109355,-0.149993903740772
7.10996,-0.150415865707958
7.110565,-0.151796056834141
7.11117,-0.151835352053416
7.111775,-0.148329824780791
7.11238,-0.141277040590327
7.112985,-0.133837977951338
7.11359,-0.130463309644584
7.114195,-0.133014776480154
7.1148,-0.13885323581753
7.115405,-0.143332142188643
7.11601,-0.143888272010857
7.116615,-0.141463213744099
7.11722,-0.138595882994025
7.117825,-0.136883234721707
7.11843,-0.136300379256091
7.119035,-0.136059960679808
7.11964,-0.135193708157646
7.120245,-0.13255881302313
7.12085,-0.127450020898869
7.121455,-0.121014028795809
7.12206,-0.116438283439669
7.122665,-0.116287385987611
7.12327,-0.11958205201597
7.123875,-0.122656095495083
7.12448,-0.122837678849506
7.125085,-0.120394924401322
7.12569,-0.117210538947924
7.126295,-0.114723775471641
7.1269,-0.113371116108809
7.127505,-0.112912750273512
7.12811,-0.112285810970532
7.128715,-0.109538125835062
7.12932,-0.103239089417676
7.129925,-0.0946786351437397
7.13053,-0.0879103049960016
7.131135,-0.0863618197832436
7.13174,-0.0894077344687126
7.132345,-0.093079289673065
7.13295,-0.0939836713756941
7.133555,-0.091835236288932
7.13416,-0.0884354686810605
7.134765,-0.0852920952416666
7.13537,-0.0827636839108086
7.135975,-0.0807247597999431
7.13658,-0.0789078325622878
7.137185,-0.0764786429114974
7.13779,-0.072191439860263
7.138395,-0.0658502227808742
7.139,-0.0594609446493512
7.139605,-0.0558800108228
7.14021,-0.0558936665301158
7.140815,-0.0573054890166927
7.14142,-0.0572117243167308
7.142025,-0.0546258189068339
7.14263,-0.0506941964277386
7.143235,-0.0469912252797052
7.14384,-0.0441598904825961
7.144445,-0.0419660036243599
7.14505,-0.0398658718882059
7.145655,-0.0370256534487623
7.14626,-0.0323373646195108
7.146865,-0.0255199506102548
7.14747,-0.0183697005394113
7.148075,-0.0138472747134129
7.14868,-0.013220023772328
7.149285,-0.0146639256154695
7.14989,-0.015178355058395
7.150495,-0.013342245703671
7.1511,-0.00984108441812757
7.151705,-0.00603085556751908
7.15231,-0.00270397382401015
7.152915,1.80490820574671e-05
7.15352,0.00233039575920719
7.154125,0.00465458616785491
7.15473,0.00764287712675357
7.155335,0.0117372000702424
7.15594,0.0164813423808574
7.156545,0.0205586120746351
7.15715,0.0229353872847355
7.157755,0.0239389067584445
7.15836,0.0249070128747437
7.158965,0.0268747767126558
7.15957,0.0298612512129526
7.160175,0.033223865461297
7.16078,0.0363176580631636
7.161385,0.0388068592704384
7.16199,0.0407037611166979
7.162595,0.0424578829749132
7.1632,0.0449009797912975
7.163805,0.0486082943108074
7.16441,0.053050675265583
7.165015,0.0566614009711442
7.16562,0.0581977966978396
7.166225,0.0580403717773519
7.16683,0.0577798235711006
7.167435,0.0585762864929533
7.16804,0.0603059872652952
7.168645,0.062179591908671
7.16925,0.0637147009989947
7.169855,0.0650076346586897
7.17046,0.0663454151360421
7.171065,0.067842183051285
7.17167,0.0694638328052338
7.172275,0.0711758883134921
7.17288,0.0729060217522045
7.173485,0.0744026344215084
7.17409,0.0753272957333299
7.174695,0.075640156851314
7.1753,0.0757628962845955
7.175905,0.0762146325594547
7.17651,0.0771986542908986
7.177115,0.0785778947472519
7.17772,0.0800759770167709
7.178325,0.0814429818995627
7.17893,0.0825684042388968
7.179535,0.0835656090365468
7.18014,0.084714343080733
7.180745,0.0861996502197126
7.18135,0.0878507096217469
7.181955,0.0891721539008006
7.18256,0.0897717426813508
7.183165,0.0898383352593172
7.18377,0.090008734162184
7.184375,0.0906510790420169
7.18498,0.0915208255853593
7.185585,0.0922281273176985
7.18619,0.0927877820638303
7.186795,0.0935263768199002
7.1874,0.0945431144793336
7.188005,0.0954927072878309
7.18861,0.0960514895914875
7.189215,0.0964411792642746
7.18982,0.0971508372804172
7.190425,0.0981107667645159
7.19103,0.0985661249299669
7.191635,0.0980304854375947
7.19224,0.0970033983735454
7.192845,0.0964158958743739
7.19345,0.0966552452773947
7.194055,0.0973767579758422
7.19466,0.0980261151607669
7.195265,0.0983942635175591
7.19587,0.0987611046092697
7.196475,0.0994809342677275
7.19708,0.100443215999692
7.197685,0.101147299779863
7.19829,0.101334940321657
7.198895,0.10125414360609
7.1995,0.101142149357493
7.200105,0.100748069269522
7.20071,0.099729939951783
7.201315,0.0984191650469947
7.20192,0.0977309424659429
7.202525,0.0980702554533425
7.20313,0.0986445646430192
7.203735,0.0983620446424172
7.20434,0.0972858906151424
7.204945,0.0965868142796282
7.20555,0.0970275038098005
7.206155,0.0980612594606693
7.20676,0.0985324477301621
7.207365,0.0977949151170894
7.20797,0.0959875754419905
7.208575,0.0936857130700618
7.20918,0.0916115624446193
7.209785,0.0902845567320215
7.21039,0.0895709828111673
7.210995,0.088893140460856
7.2116,0.0880823019483951
7.212205,0.0875590217983081
7.21281,0.0874715918502166
7.213415,0.0872475305516675
7.21402,0.0864086232333579
7.214625,0.0853402461277826
7.21523,0.0847345850086984
7.215835,0.0845688794053535
7.21644,0.0840715214621521
7.217045,0.0826176797570135
7.21765,0.0804262876944846
7.218255,0.0782881441526268
7.21886,0.0767100007729042
7.219465,0.075556592309023
7.22007,0.07452798691777
7.220675,0.073702222641562
7.22128,0.0733733930663002
7.221885,0.0733907564260376
7.22249,0.0730525458437567
7.223095,0.0719406979176432
7.2237,0.0705150454314052
7.224305,0.0694925216675351
7.22491,0.0688535842017421
7.225515,0.0678110499906779
7.22612,0.0657289131986556
7.226725,0.0628809398887795
7.22733,0.0602770978628556
7.227935,0.0587843200816478
7.22854,0.0583723359850658
7.229145,0.0582333373233205
7.22975,0.0576597702462739
7.230355,0.0566565647594951
7.23096,0.0556647366435195
7.231565,0.0549430057078607
7.23217,0.0543837689761128
7.232775,0.0537498916928674
7.23338,0.0528176394889632
7.233985,0.0513870391001013
7.23459,0.0494840699882814
7.235195,0.0474691555757556
7.2358,0.0456532166958016
7.236405,0.0439625019839193
7.23701,0.0422385746819361
7.237615,0.0406717399457501
7.23822,0.0396041103968835
7.238825,0.0389242864540907
7.23943,0.037992829169823
7.240035,0.0363671531137776
7.24064,0.0343954425381749
7.241245,0.0328083842657845
7.24185,0.0317555368752421
7.242455,0.0305067922893926
7.24306,0.0282495380908929
7.243665,0.025049302350029
7.24427,0.0218371699464683
7.244875,0.0194895181105129
7.24548,0.0180813468206404
7.246085,0.0170185618809235
7.24669,0.0156903765650955
7.247295,0.0139022414616914
7.2479,0.0118332789661106
7.248505,0.00977410197217595
7.24911,0.00795523931049236
7.249715,0.00650091544859739
7.25032,0.0053228170052316
7.250925,0.00399283946000004
7.25153,0.00196298206412782
7.252135,-0.000874081502324219
7.25274,-0.00396951865787996
7.253345,-0.00663748623083843
7.25395,-0.00869792659879523
7.254555,-0.0104950270650115
7.25516,-0.0124026377333586
7.255765,-0.0144813682635649
7.25637,-0.0166142667911488
7.256975,-0.0187754798242084
7.25758,-0.0209719210743071
7.258185,-0.0230234895064623
7.25879,-0.0246928395068442
7.259395,-0.026118610940997
7.26,-0.0279293483148035
7.260605,-0.0307016583878951
7.26121,-0.0342434956256286
7.261815,-0.0375644097025241
7.26242,-0.0397884108510353
7.263025,-0.0411138346512386
7.26363,-0.042566172383115
7.264235,-0.0447180782111772
7.26484,-0.0471300418233852
7.265445,-0.0492024584799998
7.26605,-0.0509051607177438
7.266655,-0.0523719981081293
7.26726,-0.0534773650952978
7.267865,-0.0543237830091567
7.26847,-0.0556492017394699
7.269075,-0.0580427828963534
7.26968,-0.0610209303904494
7.270285,-0.0637178936193464
7.27089,-0.0661852738702279
7.271495,-0.0689023789007642
7.2721,-0.071403933340472
7.272705,-0.0728306363077246
7.27331,-0.0736920664057721
7.273915,-0.0756649176912807
7.27452,-0.0792789567703334
7.275125,-0.082746069148186
7.27573,-0.083839316499109
7.276335,-0.0827099666007317
7.27694,-0.0821336483687622
7.277545,-0.0846166796978469
7.27815,-0.0896557773137782
7.278755,-0.09448569493533
7.27936,-0.0972797360899675
7.279965,-0.0986847803778487
7.28057,-0.100215783516069
7.281175,-0.102208769875725
7.28178,-0.103976011384757
7.282385,-0.105423635641086
7.28299,-0.107320647377994
7.283595,-0.10957833326862
7.2842,-0.110510003174771
7.284805,-0.109040513649802
7.28541,-0.107002946604718
7.286015,-0.107706343612852
7.28662,-0.112165914059946
7.287225,-0.118028356515844
7.28783,-0.122346354878978
7.288435,-0.124259678977889
7.28904,-0.124931542925792
7.289645,-0.125886456321161
7.29025,-0.127702350098391
7.290855,-0.129990839495474
7.29146,-0.132145915742453
7.292065,-0.133567412004753
7.29267,-0.133520080651111
7.293275,-0.131885378188
7.29388,-0.130189376572274
7.294485,-0.130773916289096
7.29509,-0.134363171637412
7.295695,-0.139145048745341
7.2963,-0.142690351793751
7.296905,-0.144198040028954
7.29751,-0.144593623445559
7.298115,-0.145051634669646
7.29872,-0.14600367984644
7.299325,-0.147410231986276
7.29993,-0.149121893148226
7.300535,-0.150332439424044
7.30114,-0.149311247912189
7.301745,-0.145100851586658
7.30235,-0.139823990951366
7.302955,-0.137808440384871
7.30356,-0.141210139937097
7.304165,-0.147471278457066
7.30477,-0.152233683375
7.305375,-0.153815859849039
7.30598,-0.153670421948452
7.306585,-0.153399690843764
7.30719,-0.153105609406173
7.307795,-0.15265362457057
7.3084,-0.152680110485447
7.309005,-0.153201275423991
7.30961,-0.152360511459005
7.310215,-0.148297997646697
7.31082,-0.142244019247897
7.311425,-0.138227334100054
7.31203,-0.138993007663347
7.312635,-0.143117251558776
7.31324,-0.146815308291264
7.313845,-0.147752350317597
7.31445,-0.146277600403395
7.315055,-0.143765137236486
7.31566,-0.141202271460077
7.316265,-0.139389380011471
7.31687,-0.138994527832342
7.317475,-0.139338746223347
7.31808,-0.137799960688851
7.318685,-0.132011202332414
7.31929,-0.123237505629763
7.319895,-0.116410989309969
7.3205,-0.115632173143502
7.321105,-0.120068101644186
7.32171,-0.12507291705705
7.322315,-0.126824397942669
7.32292,-0.125093815466963
7.323525,-0.122027775816734
7.32413,-0.119470472785892
7.324735,-0.11787951429458
7.32534,-0.116990413509991
7.325945,-0.116306776219051
7.32655,-0.114707118828928
7.327155,-0.110714484471342
7.32776,-0.104296268191864
7.328365,-0.0980692468809176
7.32897,-0.0954501141916558
7.329575,-0.0971604522060155
7.33018,-0.100323381406703
7.330785,-0.101431866611506
7.33139,-0.099496748610513
7.331995,-0.0959642009287586
7.3326,-0.0925557430929337
7.333205,-0.0899919999611208
7.33381,-0.0882335893039236
7.334415,-0.0868112762516132
7.33502,-0.084523571290564
7.335625,-0.0796924878506704
7.33623,-0.0719759156450887
7.336835,-0.0639259880002231
7.33744,-0.059459410161337
7.338045,-0.0600466262554481
7.33865,-0.0630888710465508
7.339255,-0.0646265753170697
7.33986,-0.063001145039522
7.340465,-0.0593912037991534
7.34107,-0.05563233378141
7.341675,-0.0524985634690402
7.34228,-0.0498778432577467
7.342885,-0.0475354525317292
7.34349,-0.0450577344271365
7.344095,-0.0415733593777201
7.3447,-0.0364620746064862
7.345305,-0.0305351265903064
7.34591,-0.0259194705960221
7.346515,-0.0241386929741359
7.34712,-0.0244099344821028
7.347725,-0.0243869934782378
7.34833,-0.0224849196224191
7.348935,-0.0189970945637103
7.34954,-0.0151635780138466
7.350145,-0.0117967076313478
7.35075,-0.00897478981629
7.351355,-0.00653268792044349
7.35196,-0.00414986468468688
7.352565,-0.00101644281773504
7.35317,0.00374222021427967
7.353775,0.00977346233721924
7.35438,0.015078684943827
7.354985,0.0177014597341695
7.35559,0.0178433647095696
7.356195,0.0176465914903272
7.3568,0.0189169435747036
7.357405,0.0216741678697181
7.35801,0.0248408708166648
7.358615,0.0276588060753655
7.35922,0.0301390774055299
7.359825,0.0325178785933836
7.36043,0.0348582017758214
7.361035,0.0372563031752937
7.36164,0.0400001137060571
7.362245,0.0432089248907544
7.36285,0.0464050424584064
7.363455,0.0487944671148151
7.36406,0.050137673720258
7.364665,0.0510660333032267
7.36527,0.0523810698264447
7.365875,0.0542842471597409
7.36648,0.0563983766762422
7.367085,0.0583295016067804
7.36769,0.0600099882147567
7.368295,0.0615616037811701
7.3689,0.0631127741009632
7.369505,0.0648708959343757
7.37011,0.0671464710652506
7.370715,0.0700127107461569
7.37132,0.0728926358495126
7.371925,0.0747925125705169
7.37253,0.0752485266437597
7.373135,0.0748840560217706
7.37374,0.074781979295581
7.374345,0.0754541987408036
7.37495,0.076610400566201
7.375555,0.0777778925261961
7.37616,0.078874032368527
7.376765,0.0800965535754363
7.37737,0.0814428633604293
7.377975,0.0826187298521432
7.37858,0.0834891163508806
7.379185,0.0843503488250114
7.37979,0.0854737001771791
7.380395,0.0865397889348382
7.381,0.0869321537188693
7.381605,0.0866032969673854
7.38221,0.0863094680017123
7.382815,0.0868714754195209
7.38342,0.0883715092385319
7.384025,0.0901692144584545
7.38463,0.0915922553494748
7.385235,0.0924813473388288
7.38584,0.0931465680254259
7.386445,0.0940011483621124
7.38705,0.0952402621727183
7.387655,0.0966868550123908
7.38826,0.0978894011525938
7.388865,0.0984751900752724
7.38947,0.098460997157832
7.390075,0.0981899907153427
7.39068,0.0980042499334765
7.391285,0.0980482609972272
7.39189,0.0983060141803887
7.392495,0.0986909134184051
7.3931,0.0990989943626139
7.393705,0.0993841596402849
7.39431,0.0993532301141365
7.394915,0.0990679079911304
7.39552,0.0991174657230315
7.396125,0.100027579519008
7.39673,0.101241632397469
7.397335,0.101318608246976
7.39794,0.0995746619012642
7.398545,0.0971263061908171
7.39915,0.0957617198559808
7.399755,0.0959825077297007
7.40036,0.0967511469210195
7.400965,0.0970635331191155
7.40157,0.0970138874578664
7.402175,0.0970595881594815
7.40278,0.0969820168394165
7.403385,0.0963692290009832
7.40399,0.0957637373091702
7.404595,0.0962583474214784
7.4052,0.0977981813798186
7.405805,0.0987569761105405
7.40641,0.0976671271490891
7.407015,0.0949291122471589
7.40762,0.0923601541755196
7.408225,0.0913239300165754
7.40883,0.0917108459868826
7.409435,0.0924290420421564
7.41004,0.0924013426777016
7.410645,0.0913126250084156
7.41125,0.0898028988048431
7.411855,0.0888532322754204
7.41246,0.0887964452559757
7.413065,0.0890264910412573
7.41367,0.0886957675206845
7.414275,0.0874109995144091
7.41488,0.0852658756265611
7.415485,0.0826889249081897
7.41609,0.0803482331303213
7.416695,0.0787923275547251
7.4173,0.078050887499776
7.417905,0.0776788626276588
7.41851,0.0771592732557049
7.419115,0.076267021058913
7.41972,0.0751713878790027
7.420325,0.0743259909798069
7.42093,0.0741492376509491
7.421535,0.0744938456192185
7.42214,0.0744928233267065
7.422745,0.0732991872145814
7.42335,0.0709940413040523
7.423955,0.0685628590197145
7.42456,0.0669576767094021
7.425165,0.0662321780632336
7.42577,0.0656261184575318
7.426375,0.0645030454947439
7.42698,0.0630705725592789
7.427585,0.0619882995173779
7.42819,0.0613778545533424
7.428795,0.0606629757969983
7.4294,0.0595117861202626
7.430005,0.0584316170093865
7.43061,0.0580123418996792
7.431215,0.057828309960834
7.43182,0.0566311683066454
7.432425,0.053775544415973
7.43303,0.0500896514185811
7.433635,0.0471116309639664
7.43424,0.0456859425314829
7.434845,0.0453963768015406
7.43545,0.0451308633643739
7.436055,0.0440910345825201
7.43666,0.042377304562651
7.437265,0.0407312434279039
7.43787,0.039775924310064
7.438475,0.0394816474811296
7.43908,0.039270898809099
7.439685,0.0385178192084289
7.44029,0.0369240256617079
7.440895,0.0345997207644328
7.4415,0.0319570462298492
7.442105,0.0294443896841785
7.44271,0.0272464409466211
7.443315,0.0252586472964671
7.44392,0.0233436137758585
7.444525,0.0214689075535427
7.44513,0.0195776856686483
7.445735,0.0175396630479974
7.44634,0.015369752902928
7.446945,0.0133714679254144
7.44755,0.0118530329249916
7.448155,0.0106309234860766
7.44876,0.00896918292189941
7.449365,0.00624709059821107
7.44997,0.00271608204805715
7.450575,-0.000602695829075722
7.45118,-0.00287934465628766
7.451785,-0.00422567991566179
7.45239,-0.00543358736773053
7.452995,-0.00712602227644147
7.4536,-0.00929252897785472
7.454205,-0.0115265606522556
7.45481,-0.0134853520542479
7.455415,-0.0150768882611373
7.45602,-0.0163839065515636
7.456625,-0.0175921826846351
7.45723,-0.018990293529162
7.457835,-0.0208784819643025
7.45844,-0.0233427245064757
7.459045,-0.0261650346853356
7.45965,-0.0290232323178736
7.460255,-0.0316540140609721
7.46086,-0.0338625155639738
7.461465,-0.0357153131348101
7.46207,-0.0376559555646728
7.462675,-0.0400149846293179
7.46328,-0.042540470925486
7.463885,-0.0447524817240627
7.46449,-0.0465070440149455
7.465095,-0.0479380078827757
7.4657,-0.049202309732106
7.466305,-0.050630888394286
7.46691,-0.0527729708213603
7.467515,-0.0557556609360331
7.46812,-0.0588072367541682
7.468725,-0.0610846934085562
7.46933,-0.0628811809369186
7.469935,-0.0651318307578478
7.47054,-0.0677287182119543
7.471145,-0.0695846467219515
7.47175,-0.0706353124848044
7.472355,-0.0722961156426905
7.47296,-0.0751961714120575
7.473565,-0.0776854041515205
7.47417,-0.0778181830139147
7.474775,-0.076369529985812
7.47538,-0.076523545116005
7.475985,-0.080239568317802
7.47659,-0.0859920905654972
7.477195,-0.0906929013723423
7.4778,-0.0930024017628273
7.478405,-0.0940318972618707
7.47901,-0.0954111148134002
7.479615,-0.0976171920757464
7.48022,-0.100143755204881
7.480825,-0.102482172545587
7.48143,-0.10438141167046
7.482035,-0.10539867480826
7.48264,-0.105107487805887
7.483245,-0.104268734031268
7.48385,-0.104954910754163
7.484455,-0.108479116388012
7.48506,-0.113674891676525
7.485665,-0.118192266685995
7.48627,-0.121076310674373
