Time,Amplitude
0,0.609175
0.000605,0.638141
0.00121,0.606991
0.001815,0.601997
0.00242,0.616347
0.003025,0.576363
0.00363,0.580852
0.004235,0.577485
0.00484,0.545583
0.005445,0.553234
0.00605,0.523995
0.006655,0.496304
0.00726,0.512352
0.007865,0.484375
0.00847,0.46641
0.009075,0.470566
0.00968,0.440235
0.010285,0.442759
0.01089,0.441697
0.011495,0.412634
0.0121,0.423058
0.012705,0.413508
0.01331,0.394311
0.013915,0.40067
0.01452,0.379197
0.015125,0.365509
0.01573,0.393911
0.016335,0.367954
0.01694,0.338655
0.017545,0.380362
0.01815,0.36665
0.018755,0.354734
0.01936,0.372068
0.019965,0.340293
0.02057,0.353836
0.021175,0.377674
0.02178,0.343794
0.022385,0.342277
0.02299,0.349279
0.023595,0.332788
0.0242,0.33834
0.024805,0.333207
0.02541,0.324482
0.026015,0.338412
0.02662,0.323936
0.027225,0.325653
0.02783,0.343297
0.028435,0.310405
0.02904,0.320283
0.029645,0.345469
0.03025,0.30719
0.030855,0.322024
0.03146,0.327934
0.032065,0.288199
0.03267,0.31151
0.033275,0.312972
0.03388,0.279292
0.034485,0.31154
0.03509,0.303173
0.035695,0.276173
0.0363,0.302845
0.036905,0.287361
0.03751,0.278831
0.038115,0.296056
0.03872,0.269141
0.039325,0.277314
0.03993,0.279359
0.040535,0.249082
0.04114,0.262588
0.041745,0.2566
0.04235,0.233319
0.042955,0.253645
0.04356,0.239763
0.044165,0.228496
0.04477,0.245606
0.045375,0.220202
0.04598,0.21988
0.046585,0.238113
0.04719,0.205507
0.047795,0.214274
0.0484,0.216889
0.049005,0.185739
0.04961,0.200774
0.050215,0.194834
0.05082,0.17037
0.051425,0.189222
0.05203,0.17264
0.052635,0.166366
0.05324,0.176201
0.053845,0.159121
0.05445,0.155699
0.055055,0.166518
0.05566,0.138765
0.056265,0.147794
0.05687,0.174775
0.057475,0.082042
0.05808,0.146793
0.058685,0.18975
0.05929,0.050261
0.059895,0.119016
0.0605,0.150233
0.061105,0.061255
0.06171,0.158405
0.062315,0.091191
0.06292,0.051474
0.063525,0.15195
0.06413,0.057699
0.064735,0.078055
0.06534,0.118233
0.065945,0.027945
0.06655,0.120618
0.067155,0.08243
0.06776,-0.004018
0.068365,0.104303
0.06897,0.060521
0.069575,0.023419
0.07018,0.091039
0.070785,-0.001179
0.07139,0.019444
0.071995,0.072953
0.0726,-0.016523
0.073205,0.006733
0.07381,0.026392
0.074415,-0.039773
0.07502,0.000939
0.075625,-0.051847
0.07623,-0.096497
0.076835,-0.038426
0.07744,-0.107958
0.078045,-0.142409
0.07865,-0.097098
0.079255,-0.174736
0.07986,-0.184183
0.080465,-0.18974
0.08107,-0.263611
0.081675,-0.248436
0.08228,-0.263077
0.082885,-0.317446
0.08349,-0.314085
0.084095,-0.386275
0.0847,-0.425482
0.085305,-0.410423
0.08591,-0.486514
0.086515,-0.492357
0.08712,-0.499383
0.087725,-0.570335
0.08833,-0.562423
0.088935,-0.588282
0.08954,-0.637761
0.090145,-0.615682
0.09075,-0.621064
0.091355,-0.646577
0.09196,-0.647038
0.092565,-0.695146
0.09317,-0.71742
0.093775,-0.688485
0.09438,-0.72575
0.094985,-0.717359
0.09559,-0.703877
0.096195,-0.736126
0.0968,-0.709399
0.097405,-0.696336
0.09801,-0.714028
0.098615,-0.673589
0.09922,-0.634649
0.099825,-0.639048
0.10043,-0.621859
0.101035,-0.625972
0.10164,-0.665119
0.102245,-0.597832
0.10285,-0.610652
0.103455,-0.612654
0.10406,-0.556738
0.104665,-0.578671
0.10527,-0.559711
0.105875,-0.503515
0.10648,-0.547012
0.107085,-0.500815
0.10769,-0.427812
0.108295,-0.455928
0.1089,-0.426793
0.109505,-0.408026
0.11011,-0.485397
0.110715,-0.427478
0.11132,-0.398925
0.111925,-0.452397
0.11253,-0.372751
0.113135,-0.398033
0.11374,-0.424778
0.114345,-0.342899
0.11495,-0.374486
0.115555,-0.389442
0.11616,-0.272317
0.116765,-0.315978
0.11737,-0.327227
0.117975,-0.260031
0.11858,-0.385783
0.119185,-0.349913
0.11979,-0.267105
0.120395,-0.394484
0.121,-0.319588
0.121605,-0.292425
0.12221,-0.385832
0.122815,-0.285283
0.12342,-0.322586
0.124025,-0.367721
0.12463,-0.24627
0.125235,-0.284586
0.12584,-0.305967
0.126445,-0.244668
0.12705,-0.362048
0.127655,-0.340897
0.12826,-0.277729
0.128865,-0.386123
0.12947,-0.311974
0.130075,-0.310105
0.13068,-0.383381
0.131285,-0.296302
0.13189,-0.332554
0.132495,-0.368898
0.1331,-0.274222
0.133705,-0.296417
0.13431,-0.304857
0.134915,-0.269666
0.13552,-0.347504
0.136125,-0.347359
0.13673,-0.311076
0.137335,-0.367951
0.13794,-0.328968
0.138545,-0.326693
0.13915,-0.376628
0.139755,-0.319619
0.14036,-0.34373
0.140965,-0.361289
0.14157,-0.318357
0.142175,-0.331116
0.14278,-0.308734
0.143385,-0.309353
0.14399,-0.353681
0.144595,-0.353317
0.1452,-0.341534
0.145805,-0.362873
0.14641,-0.347328
0.147015,-0.352255
0.14762,-0.372441
0.148225,-0.347759
0.14883,-0.356708
0.149435,-0.371658
0.15004,-0.348469
0.150645,-0.330789
0.15125,-0.304802
0.151855,-0.312295
0.15246,-0.326317
0.153065,-0.337232
0.15367,-0.33162
0.154275,-0.322155
0.15488,-0.323653
0.155485,-0.305039
0.15609,-0.293238
0.156695,-0.291921
0.1573,-0.267397
0.157905,-0.252762
0.15851,-0.241871
0.159115,-0.215302
0.15972,-0.175688
0.160325,-0.153852
0.16093,-0.143343
0.161535,-0.128618
0.16214,-0.100999
0.162745,-0.066961
0.16335,-0.045313
0.163955,-0.009345
0.16456,0.022866
0.165165,0.05179
0.16577,0.092738
0.166375,0.124252
0.16698,0.158448
0.167585,0.200088
0.16819,0.235758
0.168795,0.284856
0.1694,0.308858
0.170005,0.32325
0.17061,0.361832
0.171215,0.386557
0.17182,0.403078
0.172425,0.441843
0.17303,0.454833
0.173635,0.473108
0.17424,0.501291
0.174845,0.505866
0.17545,0.523291
0.176055,0.534279
0.17666,0.535001
0.177265,0.554927
0.17787,0.556425
0.178475,0.545728
0.17908,0.552651
0.179685,0.54912
0.18029,0.539977
0.180895,0.543574
0.1815,0.535614
0.182105,0.519978
0.18271,0.523576
0.183315,0.511684
0.18392,0.499434
0.184525,0.496595
0.18513,0.483338
0.185735,0.473612
0.18634,0.470457
0.186945,0.445768
0.18755,0.438136
0.188155,0.441976
0.18876,0.416948
0.189365,0.398364
0.18997,0.421887
0.190575,0.405287
0.19118,0.382182
0.191785,0.383942
0.19239,0.390749
0.192995,0.376873
0.1936,0.375393
0.194205,0.383171
0.19481,0.370157
0.195415,0.345299
0.19602,0.360771
0.196625,0.359988
0.19723,0.346063
0.197835,0.371819
0.19844,0.35565
0.199045,0.339183
0.19965,0.378785
0.200255,0.364769
0.20086,0.341404
0.201465,0.390064
0.20207,0.377025
0.202675,0.352707
0.20328,0.3787
0.203885,0.38902
0.20449,0.364927
0.205095,0.352452
0.2057,0.375878
0.206305,0.403097
0.20691,0.369671
0.207515,0.360158
0.20812,0.395688
0.208725,0.386745
0.20933,0.38399
0.209935,0.398558
0.21054,0.379519
0.211145,0.397078
0.21175,0.406968
0.212355,0.365612
0.21296,0.386187
0.213565,0.392691
0.21417,0.36148
0.214775,0.380235
0.21538,0.391114
0.215985,0.36716
0.21659,0.37006
0.217195,0.383693
0.2178,0.371789
0.218405,0.380471
0.21901,0.372293
0.219615,0.362227
0.22022,0.363489
0.220825,0.363653
0.22143,0.341033
0.222035,0.34454
0.22264,0.33317
0.223245,0.333006
0.22385,0.346221
0.224455,0.319658
0.22506,0.317492
0.225665,0.346391
0.22627,0.309374
0.226875,0.31825
0.22748,0.329166
0.228085,0.305024
0.22869,0.319094
0.229295,0.311224
0.2299,0.28019
0.230505,0.303786
0.23111,0.286906
0.231715,0.269281
0.23232,0.29602
0.232925,0.288272
0.23353,0.266484
0.234135,0.281986
0.23474,0.274353
0.235345,0.273698
0.23595,0.281537
0.236555,0.267873
0.23716,0.257989
0.237765,0.267424
0.23837,0.249895
0.238975,0.24924
0.23958,0.233022
0.240185,0.247517
0.24079,0.225517
0.241395,0.250405
0.242,0.20041
0.242605,0.234672
0.24321,0.284279
0.243815,0.090202
0.24442,0.256685
0.245025,0.367184
0.24563,0.064628
0.246235,0.121607
0.24684,0.302827
0.247445,0.140707
0.24805,0.224097
0.248655,0.168884
0.24926,0.071029
0.249865,0.258456
0.25047,0.125642
0.251075,0.128481
0.25168,0.217896
0.252285,0.041663
0.25289,0.186861
0.253495,0.212429
0.2541,0.024772
0.254705,0.164825
0.25531,0.133432
0.255915,0.06555
0.25652,0.215621
0.257125,0.043981
0.25773,0.043647
0.258335,0.184313
0.25894,0.016751
0.259545,0.08462
0.26015,0.161579
0.260755,-0.000651
0.26136,0.110734
0.261965,0.087065
0.26257,-0.020509
0.263175,0.145185
0.26378,0.065253
0.264385,-0.026662
0.26499,0.106432
0.265595,0.015531
0.2662,0.014591
0.266805,0.096706
0.26741,-0.030326
0.268015,0.028685
0.26862,0.068833
0.269225,-0.045228
0.26983,0.049539
0.270435,0.023121
0.27104,-0.057071
0.271645,0.068354
0.27225,-1.97E-05
0.272855,-0.045452
0.27346,0.035942
0.274065,-0.043632
0.27467,-0.028846
0.275275,0.008948
0.27588,-0.084708
0.276485,-0.029131
0.27709,-0.030909
0.277695,-0.104494
0.2783,-0.040167
0.278905,-0.080018
0.27951,-0.130705
0.280115,-0.069303
0.28072,-0.12269
0.281325,-0.145788
0.28193,-0.130341
0.282535,-0.205491
0.28314,-0.212505
0.283745,-0.213403
0.28435,-0.277638
0.284955,-0.266711
0.28556,-0.298237
0.286165,-0.353256
0.28677,-0.340509
0.287375,-0.387622
0.28798,-0.443047
0.288585,-0.406158
0.28919,-0.452737
0.289795,-0.489487
0.2904,-0.511469
0.291005,-0.596436
0.29161,-0.581432
0.292215,-0.607564
0.29282,-0.677551
0.293425,-0.652499
0.29403,-0.691652
0.294635,-0.729724
0.29524,-0.69963
0.295845,-0.745208
0.29645,-0.750008
0.297055,-0.713907
0.29766,-0.747289
0.298265,-0.729542
0.29887,-0.7324
0.299475,-0.791612
0.30008,-0.754752
0.300685,-0.751276
0.30129,-0.779459
0.301895,-0.716667
0.3025,-0.737394
0.303105,-0.7351
0.30371,-0.689571
0.304315,-0.707803
0.30492,-0.686318
0.305525,-0.614687
0.30613,-0.612254
0.306735,-0.598026
0.30734,-0.571924
0.307945,-0.620227
0.30855,-0.577979
0.309155,-0.54129
0.30976,-0.578526
0.310365,-0.510164
0.31097,-0.519114
0.311575,-0.533797
0.31218,-0.445741
0.312785,-0.475714
0.31339,-0.480161
0.313995,-0.396529
0.3146,-0.381002
0.315205,-0.388696
0.31581,-0.356387
0.316415,-0.402086
0.31702,-0.407413
0.317625,-0.352716
0.31823,-0.390297
0.318835,-0.354639
0.31944,-0.328701
0.320045,-0.382695
0.32065,-0.33796
0.321255,-0.326099
0.32186,-0.352674
0.322465,-0.293408
0.32307,-0.270873
0.323675,-0.307587
0.32428,-0.269429
0.324885,-0.312137
0.32549,-0.365136
0.326095,-0.28765
0.3267,-0.342025
0.327305,-0.360931
0.32791,-0.290792
0.328515,-0.35953
0.32912,-0.345884
0.329725,-0.301853
0.33033,-0.364711
0.330935,-0.328483
0.33154,-0.279677
0.332145,-0.32051
0.33275,-0.304887
0.333355,-0.31076
0.33396,-0.383532
0.334565,-0.331062
0.33517,-0.340945
0.335775,-0.380226
0.33638,-0.325395
0.336985,-0.366131
0.33759,-0.37633
0.338195,-0.329375
0.3388,-0.377908
0.339405,-0.369256
0.34001,-0.314989
0.340615,-0.339617
0.34122,-0.334107
0.341825,-0.321245
0.34243,-0.393956
0.343035,-0.361435
0.34364,-0.348062
0.344245,-0.406485
0.34485,-0.351569
0.345455,-0.3653
0.34606,-0.405411
0.346665,-0.348839
0.34727,-0.379079
0.347875,-0.387421
0.34848,-0.32858
0.349085,-0.341692
0.34969,-0.332669
0.350295,-0.315826
0.3509,-0.362181
0.351505,-0.348481
0.35211,-0.313497
0.352715,-0.351369
0.35332,-0.311628
0.353925,-0.305967
0.35453,-0.317313
0.355135,-0.271522
0.35574,-0.276401
0.356345,-0.265097
0.35695,-0.212572
0.357555,-0.211704
0.35816,-0.171162
0.358765,-0.144702
0.35937,-0.161466
0.359975,-0.121131
0.36058,-0.091819
0.361185,-0.088009
0.36179,-0.023276
0.362395,-0.013198
0.363,0.006005
0.363605,0.075185
0.36421,0.079706
0.364815,0.111596
0.36542,0.171414
0.366025,0.176165
0.36663,0.231426
0.367235,0.275136
0.36784,0.268716
0.368445,0.316982
0.36905,0.348472
0.369655,0.350438
0.37026,0.404316
0.370865,0.416202
0.37147,0.422561
0.372075,0.465766
0.37268,0.464262
0.373285,0.475104
0.37389,0.505744
0.374495,0.495084
0.3751,0.515816
0.375705,0.532944
0.37631,0.505544
0.376915,0.523334
0.37752,0.526932
0.378125,0.501382
0.37873,0.522424
0.379335,0.509913
0.37994,0.489071
0.380545,0.503748
0.38115,0.48068
0.381755,0.473284
0.38236,0.487403
0.382965,0.454669
0.38357,0.455258
0.384175,0.455343
0.38478,0.426729
0.385385,0.427724
0.38599,0.419891
0.386595,0.400154
0.3872,0.408296
0.387805,0.398582
0.38841,0.382128
0.389015,0.385659
0.38962,0.379185
0.390225,0.372742
0.39083,0.37512
0.391435,0.361487
0.39204,0.378621
0.392645,0.359739
0.39325,0.350954
0.393855,0.360255
0.39446,0.349795
0.395065,0.343278
0.39567,0.360243
0.396275,0.360758
0.39688,0.349352
0.397485,0.34033
0.39809,0.375041
0.398695,0.371898
0.3993,0.346318
0.399905,0.378681
0.40051,0.364775
0.401115,0.370242
0.40172,0.388808
0.402325,0.348326
0.40293,0.353308
0.403535,0.404474
0.40414,0.353508
0.404745,0.372208
0.40535,0.400075
0.405955,0.359727
0.40656,0.392442
0.407165,0.407872
0.40777,0.360103
0.408375,0.397254
0.40898,0.409449
0.409585,0.373985
0.41019,0.406239
0.410795,0.37441
0.4114,0.363756
0.412005,0.409607
0.41261,0.3623
0.413215,0.370187
0.41382,0.410286
0.414425,0.34974
0.41503,0.386557
0.415635,0.392272
0.41624,0.344401
0.416845,0.40053
0.41745,0.380107
0.418055,0.333838
0.41866,0.389427
0.419265,0.340512
0.41987,0.323602
0.420475,0.378135
0.42108,0.315029
0.421685,0.32217
0.42229,0.361013
0.422895,0.302578
0.4235,0.330149
0.424105,0.350978
0.42471,0.291026
0.425315,0.334566
0.42592,0.328292
0.426525,0.297991
0.42713,0.335967
0.427735,0.290128
0.42834,0.274596
0.428945,0.323438
0.42955,0.275117
0.430155,0.284352
0.43076,0.314859
0.431365,0.259615
0.43197,0.293229
0.432575,0.303112
0.43318,0.246862
0.433785,0.299156
0.43439,0.294017
0.434995,0.246777
0.4356,0.295692
0.436205,0.256145
0.43681,0.241183
0.437415,0.275014
0.43802,0.23011
0.438625,0.23341
0.43923,0.266908
0.439835,0.223138
0.44044,0.237894
0.441045,0.25322
0.44165,0.174302
0.442255,0.318068
0.44286,0.16875
0.443465,0.139609
0.44407,0.394044
0.444675,0.171353
0.44528,0.034297
0.445885,0.325531
0.44649,0.146586
0.447095,0.167343
0.4477,0.283782
0.448305,0.043714
0.44891,0.209268
0.449515,0.216513
0.45012,0.062565
0.450725,0.256685
0.45133,0.091173
0.451935,0.088473
0.45254,0.293878
0.453145,0.040359
0.45375,0.076017
0.454355,0.217805
0.45496,0.018989
0.455565,0.181146
0.45617,0.13686
0.456775,-0.032037
0.45738,0.190696
0.457985,0.090754
0.45859,-0.002859
0.459195,0.198468
0.4598,0.030851
0.460405,0.038757
0.46101,0.157629
0.461615,-0.012889
0.46222,0.074172
0.462825,0.124034
0.46343,-0.04362
0.464035,0.081229
0.46464,0.078717
0.465245,-0.020182
0.46585,0.077509
0.466455,0.016217
0.46706,-0.008969
0.467665,0.090099
0.46827,-0.014575
0.468875,0.003948
0.46948,0.051747
0.470085,-0.038608
0.47069,0.038502
0.471295,0.023655
0.4719,-0.065117
0.472505,0.035826
0.47311,-0.012276
0.473715,-0.050433
0.47432,0.016908
0.474925,-0.060366
0.47553,-0.04328
0.476135,-0.000347
0.47674,-0.090211
0.477345,-0.047388
0.47795,-0.045343
0.478555,-0.100556
0.47916,-0.053473
0.479765,-0.105428
0.48037,-0.147706
0.480975,-0.102637
0.48158,-0.176259
0.482185,-0.180506
0.48279,-0.164658
0.483395,-0.246349
0.484,-0.228311
0.484605,-0.248533
0.48521,-0.325795
0.485815,-0.283912
0.48642,-0.340405
0.487025,-0.383017
0.48763,-0.358322
0.488235,-0.44801
0.48884,-0.487745
0.489445,-0.476011
0.49005,-0.556422
0.490655,-0.56124
0.49126,-0.569831
0.491865,-0.644642
0.49247,-0.623297
0.493075,-0.652402
0.49368,-0.71003
0.494285,-0.685305
0.49489,-0.718542
0.495495,-0.707032
0.4961,-0.703574
0.496705,-0.756682
0.49731,-0.768756
0.497915,-0.768452
0.49852,-0.781989
0.499125,-0.768452
0.49973,-0.76605
0.500335,-0.778543
0.50094,-0.764151
0.501545,-0.754625
0.50215,-0.747247
0.502755,-0.732934
0.50336,-0.709496
0.503965,-0.663602
0.50457,-0.643234
0.505175,-0.658427
0.50578,-0.647002
0.506385,-0.65515
0.50699,-0.618036
0.507595,-0.610755
0.5082,-0.599616
0.508805,-0.560257
0.50941,-0.566263
0.510015,-0.535751
0.51062,-0.510079
0.511225,-0.507113
0.51183,-0.472717
0.512435,-0.41413
0.51304,-0.418978
0.513645,-0.402905
0.51425,-0.415489
0.514855,-0.44531
0.51546,-0.389903
0.516065,-0.398246
0.51667,-0.403439
0.517275,-0.357449
0.51788,-0.381833
0.518485,-0.361132
0.51909,-0.341407
0.519695,-0.360622
0.5203,-0.3298
0.520905,-0.279016
0.52151,-0.295404
0.522115,-0.298486
0.52272,-0.301532
0.523325,-0.344926
0.52393,-0.321372
0.524535,-0.323265
0.52514,-0.343736
0.525745,-0.316615
0.52635,-0.340697
0.526955,-0.336892
0.52756,-0.312544
0.528165,-0.350817
0.52877,-0.329982
0.529375,-0.281886
0.52998,-0.299681
0.530585,-0.300318
0.53119,-0.301028
0.531795,-0.370633
0.5324,-0.34066
0.533005,-0.324466
0.53361,-0.382883
0.534215,-0.336959
0.53482,-0.345526
0.535425,-0.386445
0.53603,-0.331747
0.536635,-0.359524
0.53724,-0.379376
0.537845,-0.317234
0.53845,-0.330649
0.539055,-0.35183
0.53966,-0.317823
0.540265,-0.380608
0.54087,-0.382877
0.541475,-0.336692
0.54208,-0.39705
0.542685,-0.367254
0.54329,-0.350811
0.543895,-0.399496
0.5445,-0.354567
0.545105,-0.372229
0.54571,-0.393434
0.546315,-0.33955
0.54692,-0.340302
0.547525,-0.337748
0.54813,-0.32227
0.548735,-0.359566
0.54934,-0.36084
0.549945,-0.333288
0.55055,-0.363734
0.551155,-0.337991
0.55176,-0.322039
0.552365,-0.339198
0.55297,-0.3057
0.553575,-0.308643
0.55418,-0.298219
0.554785,-0.27111
0.55539,-0.265807
0.555995,-0.214253
0.5566,-0.208034
0.557205,-0.225671
0.55781,-0.18772
0.558415,-0.170228
0.55902,-0.157086
0.559625,-0.110598
0.56023,-0.106423
0.560835,-0.075128
0.56144,-0.021692
0.562045,-0.021711
0.56265,0.024359
0.563255,0.068663
0.56386,0.072491
0.564465,0.151301
0.56507,0.184095
0.565675,0.171596
0.56628,0.233077
0.566885,0.251048
0.56749,0.26612
0.568095,0.330246
0.5687,0.329184
0.569305,0.356627
0.56991,0.407938
0.570515,0.395767
0.57112,0.433622
0.571725,0.463133
0.57233,0.448377
0.572935,0.490819
0.57354,0.502055
0.574145,0.488319
0.57475,0.511781
0.575355,0.509913
0.57596,0.510198
0.576565,0.522703
0.57717,0.510465
0.577775,0.51416
0.57838,0.5174
0.578985,0.498743
0.57959,0.505568
0.580195,0.499774
0.5808,0.480492
0.581405,0.4848
0.58201,0.476384
0.582615,0.461677
0.58322,0.455434
0.583825,0.439798
0.58443,0.438215
0.585035,0.432311
0.58564,0.417883
0.586245,0.409698
0.58685,0.406428
0.587455,0.401944
0.58806,0.392715
0.588665,0.384385
0.58927,0.383062
0.589875,0.381752
0.59048,0.367275
0.591085,0.358878
0.59169,0.369574
0.592295,0.354946
0.5929,0.347216
0.593505,0.34866
0.59411,0.35997
0.594715,0.356032
0.59532,0.348114
0.595925,0.350893
0.59653,0.363525
0.597135,0.357907
0.59774,0.373366
0.598345,0.360892
0.59895,0.35042
0.599555,0.387206
0.60016,0.365194
0.600765,0.336258
0.60137,0.379501
0.601975,0.378123
0.60258,0.356426
0.603185,0.390125
0.60379,0.37046
0.604395,0.374173
0.605,0.396896
0.605605,0.382565
0.60621,0.386539
0.606815,0.392187
0.60742,0.387297
0.608025,0.397951
0.60863,0.38032
0.609235,0.371655
0.60984,0.385313
0.610445,0.379992
0.61105,0.380247
0.611655,0.378791
0.61226,0.375047
0.612865,0.398024
0.61347,0.38183
0.614075,0.367602
0.61468,0.388747
0.615285,0.385022
0.61589,0.3737
0.616495,0.377195
0.6171,0.363568
0.617705,0.35551
0.61831,0.349789
0.618915,0.352986
0.61952,0.354673
0.620125,0.347726
0.62073,0.333152
0.621335,0.344213
0.62194,0.339693
0.622545,0.336234
0.62315,0.335737
0.623755,0.326945
0.62436,0.331119
0.624965,0.324372
0.62557,0.307396
0.626175,0.309519
0.62678,0.300795
0.627385,0.29406
0.62799,0.301189
0.628595,0.294491
0.6292,0.292695
0.629805,0.294212
0.63041,0.294345
0.631015,0.287859
0.63162,0.285487
0.632225,0.291512
0.63283,0.288951
0.633435,0.268874
0.63404,0.27897
0.634645,0.277186
0.63525,0.242784
0.635855,0.264063
0.63646,0.267685
0.637065,0.244374
0.63767,0.25316
0.638275,0.249926
0.63888,0.23389
0.639485,0.257346
0.64009,0.240885
0.640695,0.225717
0.6413,0.240473
0.641905,0.234114
0.64251,0.2184
0.643115,0.184337
0.64372,0.277836
0.644325,0.135186
0.64493,0.138862
0.645535,0.343309
0.64614,0.16363
0.646745,0.036136
0.64735,0.283521
0.647955,0.162295
0.64856,0.14962
0.649165,0.242639
0.64977,0.066843
0.650375,0.183828
0.65098,0.195234
0.651585,0.075465
0.65219,0.201714
0.652795,0.075483
0.6534,0.098982
0.654005,0.225238
0.65461,0.046905
0.655215,0.076799
0.65582,0.170073
0.656425,0.045777
0.65703,0.162076
0.657635,0.106942
0.65824,-0.008029
0.658845,0.154098
0.65945,0.078001
0.660055,0.018413
0.66066,0.145221
0.661265,0.022733
0.66187,0.044424
0.662475,0.100523
0.66308,-0.003417
0.663685,0.0612
0.66429,0.072516
0.664895,-0.010911
0.6655,0.070732
0.666105,0.026464
0.66671,0.001612
0.667315,0.062954
0.66792,0.005489
0.668525,0.013104
0.66913,0.048902
0.669735,-0.022075
0.67034,0.014245
0.670945,0.010277
0.67155,-0.032419
0.672155,0.019317
0.67276,-0.009333
0.673365,-0.038626
0.67397,0.004258
0.674575,-0.042279
0.67518,-0.032559
0.675785,-0.022687
0.67639,-0.068181
0.676995,-0.037941
0.6776,-0.055093
0.678205,-0.110482
0.67881,-0.071147
0.679415,-0.113407
0.68002,-0.144387
0.680625,-0.117775
0.68123,-0.170731
0.681835,-0.182429
0.68244,-0.179062
0.683045,-0.242611
0.68365,-0.231411
0.684255,-0.262324
0.68486,-0.294488
0.685465,-0.278664
0.68607,-0.34282
0.686675,-0.396941
0.68728,-0.401777
0.687885,-0.450795
0.68849,-0.485397
0.689095,-0.492575
0.6897,-0.546799
0.690305,-0.57011
0.69091,-0.583009
0.691515,-0.632956
0.69212,-0.632258
0.692725,-0.660247
0.69333,-0.670968
0.693935,-0.668626
0.69454,-0.714817
0.695145,-0.742994
0.69575,-0.752884
0.696355,-0.768641
0.69696,-0.774653
0.697565,-0.773452
0.69817,-0.779374
0.698775,-0.776498
0.69938,-0.766663
0.699985,-0.77955
0.70059,-0.761469
0.701195,-0.749807
0.7018,-0.703149
0.702405,-0.686215
0.70301,-0.698168
0.703615,-0.692349
0.70422,-0.703283
0.704825,-0.680269
0.70543,-0.650011
0.706035,-0.651534
0.70664,-0.62667
0.707245,-0.603644
0.70785,-0.602674
0.708455,-0.556307
0.70906,-0.556513
0.709665,-0.538056
0.71027,-0.467456
0.710875,-0.451402
0.71148,-0.463076
0.712085,-0.434383
0.71269,-0.486271
0.713295,-0.436391
0.7139,-0.411181
0.714505,-0.447367
0.71511,-0.387148
0.715715,-0.386627
0.71632,-0.410641
0.716925,-0.349773
0.71753,-0.356666
0.718135,-0.375372
0.71874,-0.291053
0.719345,-0.283093
0.71995,-0.310627
0.720555,-0.277717
0.72116,-0.355034
0.721765,-0.344422
0.72237,-0.28575
0.722975,-0.35268
0.72358,-0.327263
0.724185,-0.302945
0.72479,-0.35885
0.725395,-0.312131
0.726,-0.31218
0.726605,-0.352843
0.72721,-0.284683
0.727815,-0.282074
0.72842,-0.308558
0.729025,-0.282881
0.72963,-0.341686
0.730235,-0.358432
0.73084,-0.307369
0.731445,-0.369541
0.73205,-0.34495
0.732655,-0.32079
0.73326,-0.38227
0.733865,-0.336486
0.73447,-0.340302
0.735075,-0.382222
0.73568,-0.314898
0.736285,-0.304493
0.73689,-0.343494
0.737495,-0.303212
0.7381,-0.364244
0.738705,-0.400139
0.73931,-0.326948
0.739915,-0.389782
0.74052,-0.383314
0.741125,-0.333561
0.74173,-0.405102
0.742335,-0.365585
0.74294,-0.34944
0.743545,-0.404368
0.74415,-0.349828
0.744755,-0.339617
0.74536,-0.360731
0.745965,-0.322761
0.74657,-0.360925
0.747175,-0.387986
0.74778,-0.335212
0.748385,-0.372356
0.74899,-0.362673
0.749595,-0.3244
0.7502,-0.367514
0.750805,-0.338876
0.75141,-0.315632
0.752015,-0.346473
0.75262,-0.297946
0.753225,-0.289712
0.75383,-0.270479
0.754435,-0.234542
0.75504,-0.267888
0.755645,-0.262003
0.75625,-0.211498
0.756855,-0.229961
0.75746,-0.199005
0.758065,-0.155417
0.75867,-0.170925
0.759275,-0.118813
0.75988,-0.087177
0.760485,-0.089811
0.76109,-0.025345
0.761695,-0.008823
0.7623,0.019936
0.762905,0.09059
0.76351,0.086374
0.764115,0.110576
0.76472,0.170146
0.765325,0.172985
0.76593,0.214523
0.766535,0.262012
0.76714,0.264142
0.767745,0.314361
0.76835,0.342259
0.768955,0.349637
0.76956,0.402132
0.770165,0.409619
0.77077,0.424314
0.771375,0.478405
0.77198,0.46468
0.772585,0.468139
0.77319,0.505386
0.773795,0.483283
0.7744,0.505417
0.775005,0.528934
0.77561,0.497511
0.776215,0.523352
0.77682,0.525269
0.777425,0.500199
0.77803,0.524474
0.778635,0.505623
0.77924,0.494781
0.779845,0.507595
0.78045,0.477276
0.781055,0.478872
0.78166,0.477422
0.782265,0.451381
0.78287,0.455428
0.783475,0.4468
0.78408,0.428628
0.784685,0.436376
0.78529,0.419102
0.785895,0.413484
0.7865,0.415407
0.787105,0.395154
0.78771,0.39354
0.788315,0.395767
0.78892,0.373239
0.789525,0.38302
0.79013,0.366013
0.790735,0.360279
0.79134,0.371291
0.791945,0.351748
0.79255,0.35821
0.793155,0.371273
0.79376,0.349273
0.794365,0.354715
0.79497,0.372274
0.795575,0.365157
0.79618,0.349692
0.796785,0.359642
0.79739,0.376546
0.797995,0.359078
0.7986,0.345529
0.799205,0.364047
0.79981,0.356657
0.800415,0.375423
0.80102,0.374307
0.801625,0.352222
0.80223,0.376303
0.802835,0.39996
0.80344,0.362536
0.804045,0.387406
0.80465,0.398589
0.805255,0.376091
0.80586,0.393316
0.806465,0.39891
0.80707,0.360121
0.807675,0.381369
0.80828,0.393128
0.808885,0.377413
0.80949,0.399553
0.810095,0.377911
0.8107,0.378166
0.811305,0.407696
0.81191,0.373397
0.812515,0.381964
0.81312,0.406221
0.813725,0.370709
0.81433,0.389026
0.814935,0.376758
0.81554,0.344043
0.816145,0.381733
0.81675,0.365891
0.817355,0.334007
0.81796,0.369957
0.818565,0.348842
0.81917,0.338418
0.819775,0.376728
0.82038,0.32956
0.820985,0.333128
0.82159,0.360437
0.822195,0.324039
0.8228,0.331993
0.823405,0.343715
0.82401,0.295073
0.824615,0.313348
0.82522,0.316837
0.825825,0.290941
0.82643,0.324366
0.827035,0.300273
0.82764,0.278539
0.828245,0.322006
0.82885,0.291845
0.829455,0.284607
0.83006,0.318226
0.830665,0.27789
0.83127,0.288854
0.831875,0.29932
0.83248,0.254579
0.833085,0.265131
0.83369,0.282071
0.834295,0.251364
0.8349,0.260695
0.835505,0.266004
0.83611,0.251473
0.836715,0.258341
0.83732,0.25225
0.837925,0.242815
0.83853,0.252905
0.839135,0.244071
0.83974,0.250314
0.840345,0.225723
0.84095,0.228732
0.841555,0.21661
0.84216,0.227476
0.842765,0.181704
0.84337,0.235061
0.843975,0.23429
0.84458,0.088024
0.845185,0.2624
0.84579,0.300807
0.846395,0.046566
0.847,0.155863
0.847605,0.267558
0.84821,0.120557
0.848815,0.217496
0.84942,0.153285
0.850025,0.079244
0.85063,0.213285
0.851235,0.110601
0.85184,0.136193
0.852445,0.151477
0.85305,0.051438
0.853655,0.186127
0.85426,0.147976
0.854865,0.02701
0.85547,0.146453
0.856075,0.103211
0.85668,0.093594
0.857285,0.172348
0.85789,0.020822
0.858495,0.06208
0.8591,0.139597
0.859705,0.019966
0.86031,0.085445
0.860915,0.101202
0.86152,0.009476
0.862125,0.096876
0.86273,0.047215
0.863335,0.009506
0.86394,0.101712
0.864545,0.004391
0.86515,0.027174
0.865755,0.093533
0.86636,-0.019751
0.866965,0.030827
0.86757,0.0498
0.868175,-0.029756
0.86878,0.048883
0.869385,0.016914
0.86999,-0.029986
0.870595,0.033029
0.8712,-0.020351
0.871805,-0.014763
0.87241,0.026586
0.873015,-0.050791
0.87362,-0.014794
0.874225,0.007765
0.87483,-0.050446
0.875435,-0.020649
0.87604,-0.050264
0.876645,-0.085412
0.87725,-0.043796
0.877855,-0.09859
0.87846,-0.108031
0.879065,-0.08486
0.87967,-0.149902
0.880275,-0.145982
0.88088,-0.142888
0.881485,-0.198107
0.88209,-0.19065
0.882695,-0.207639
0.8833,-0.243467
0.883905,-0.247411
0.88451,-0.310706
0.885115,-0.341158
0.88572,-0.329806
0.886325,-0.413008
0.88693,-0.425755
0.887535,-0.442847
0.88814,-0.50562
0.888745,-0.4932
0.88935,-0.541672
0.889955,-0.592122
0.89056,-0.579885
0.891165,-0.610258
0.89177,-0.617357
0.892375,-0.627999
0.89298,-0.703428
0.893585,-0.726557
0.89419,-0.713816
0.894795,-0.761833
0.8954,-0.756445
0.896005,-0.758193
0.89661,-0.793942
0.897215,-0.765746
0.89782,-0.775023
0.898425,-0.788196
0.89903,-0.759406
0.899635,-0.745979
0.90024,-0.727091
0.900845,-0.712408
0.90145,-0.734475
0.902055,-0.741993
0.90266,-0.713027
0.903265,-0.702767
0.90387,-0.696688
0.904475,-0.659555
0.90508,-0.670537
0.905685,-0.641663
0.90629,-0.603638
0.906895,-0.619395
0.9075,-0.574333
0.908105,-0.528002
0.90871,-0.499176
0.909315,-0.490203
0.90992,-0.48331
0.910525,-0.512373
0.91113,-0.481581
0.911735,-0.457809
0.91234,-0.467948
0.912945,-0.436852
0.91355,-0.427035
0.914155,-0.425167
0.91476,-0.391274
0.915365,-0.398646
0.91597,-0.378703
0.916575,-0.343955
0.91718,-0.314504
0.917785,-0.305906
0.91839,-0.320686
0.918995,-0.344574
0.9196,-0.344944
0.920205,-0.316979
0.92081,-0.340951
0.921415,-0.334174
0.92202,-0.322082
0.922625,-0.331134
0.92323,-0.317841
0.923835,-0.323077
0.92444,-0.327712
0.925045,-0.302405
0.92565,-0.270218
0.926255,-0.283657
0.92686,-0.288147
0.927465,-0.315869
0.92807,-0.357946
0.928675,-0.306683
0.92928,-0.339422
0.929885,-0.354087
0.93049,-0.318175
0.931095,-0.360106
0.9317,-0.350635
0.932305,-0.323611
0.93291,-0.364444
0.933515,-0.341461
0.93412,-0.299184
0.934725,-0.327597
0.93533,-0.318921
0.935935,-0.3248
0.93654,-0.389581
0.937145,-0.345053
0.93775,-0.354063
0.938355,-0.39955
0.93896,-0.344555
0.939565,-0.370797
0.94017,-0.390449
0.940775,-0.340011
0.94138,-0.378102
0.941985,-0.3815
0.94259,-0.320941
0.943195,-0.343342
0.9438,-0.350216
0.944405,-0.330406
0.94501,-0.397245
0.945615,-0.367247
0.94622,-0.340848
0.946825,-0.392815
0.94743,-0.346461
0.948035,-0.351339
0.94864,-0.380213
0.949245,-0.321075
0.94985,-0.349652
0.950455,-0.353487
0.95106,-0.301963
0.951665,-0.307478
0.95227,-0.291994
0.952875,-0.273106
0.95348,-0.318545
0.954085,-0.277317
0.95469,-0.246931
0.955295,-0.282092
0.9559,-0.226296
0.956505,-0.20682
0.95711,-0.21887
0.957715,-0.159488
0.95832,-0.152796
0.958925,-0.139205
0.95953,-0.080776
0.960135,-0.064595
0.96074,-0.019757
0.961345,0.014961
0.96195,0.006448
0.962555,0.051583
0.96316,0.096652
0.963765,0.100395
0.96437,0.160602
0.964975,0.182153
0.96558,0.203808
0.966185,0.261266
0.96679,0.272727
0.967395,0.301589
0.968,0.350638
0.968605,0.35258
0.96921,0.396404
0.969815,0.430248
0.97042,0.417397
0.971025,0.45169
0.97163,0.47153
0.972235,0.465851
0.97284,0.499883
0.973445,0.499859
0.97405,0.497905
0.974655,0.525324
0.97526,0.513177
0.975865,0.516265
0.97647,0.529547
0.977075,0.509106
0.97768,0.518425
0.978285,0.527265
0.97889,0.490643
0.979495,0.496152
0.9801,0.496971
0.980705,0.464377
0.98131,0.485637
0.981915,0.468582
0.98252,0.443244
0.983125,0.460142
0.98373,0.437778
0.984335,0.4256
0.98494,0.439434
0.985545,0.409182
0.98615,0.407902
0.986755,0.410772
0.98736,0.382856
0.987965,0.38453
0.98857,0.38487
0.989175,0.361147
0.98978,0.373688
0.990385,0.372814
0.99099,0.351742
0.991595,0.366353
0.9922,0.365291
0.992805,0.352774
0.99341,0.364271
0.994015,0.35744
0.99462,0.377444
0.995225,0.362809
0.99583,0.330956
0.996435,0.370994
0.99704,0.374125
0.997645,0.33476
0.99825,0.375799
0.998855,0.359575
0.99946,0.354782
1.000065,0.399486
1.00067,0.362979
1.001275,0.354649
1.00188,0.40647
1.002485,0.376066
1.00309,0.373664
1.003695,0.406142
1.0043,0.365461
1.004905,0.37535
1.00551,0.391138
1.006115,0.374234
1.00672,0.374022
1.007325,0.38703
1.00793,0.384148
1.008535,0.397867
1.00914,0.384573
1.009745,0.379149
1.01035,0.402077
1.010955,0.390871
1.01156,0.379865
1.012165,0.396817
1.01277,0.379573
1.013375,0.373275
1.01398,0.37819
1.014585,0.357221
1.01519,0.367129
1.015795,0.382546
1.0164,0.357585
1.017005,0.35389
1.01761,0.368531
1.018215,0.348763
1.01882,0.358162
1.019425,0.366001
1.02003,0.336234
1.020635,0.345821
1.02124,0.339947
1.021845,0.317274
1.02245,0.32672
1.023055,0.323335
1.02366,0.301292
1.024265,0.316952
1.02487,0.312954
1.025475,0.30276
1.02608,0.317122
1.026685,0.298556
1.02729,0.29392
1.027895,0.315605
1.0285,0.296426
1.029105,0.296202
1.02971,0.302451
1.030315,0.27368
1.03092,0.279528
1.031525,0.285068
1.03213,0.263517
1.032735,0.269487
1.03334,0.281913
1.033945,0.261818
1.03455,0.264026
1.035155,0.266914
1.03576,0.259767
1.036365,0.264858
1.03697,0.256885
1.037575,0.246316
1.03818,0.254379
1.038785,0.237245
1.03939,0.239017
1.039995,0.220517
1.0406,0.223593
1.041205,0.218709
1.04181,0.228811
1.042415,0.19083
1.04302,0.215008
1.043625,0.261357
1.04423,0.095268
1.044835,0.219492
1.04544,0.332296
1.046045,0.079851
1.04665,0.112287
1.047255,0.280517
1.04786,0.113549
1.048465,0.193481
1.04907,0.181431
1.049675,0.060169
1.05028,0.215463
1.050885,0.128863
1.05149,0.106718
1.052095,0.188227
1.0527,0.048143
1.053305,0.1563
1.05391,0.187596
1.054515,0.020233
1.05512,0.127959
1.055725,0.130301
1.05633,0.059507
1.056935,0.166518
1.05754,0.042227
1.058145,0.028291
1.05875,0.14888
1.059355,0.030141
1.05996,0.057493
1.060565,0.123087
1.06117,0.008535
1.061775,0.079153
1.06238,0.071205
1.062985,-0.005074
1.06359,0.097398
1.064195,0.055618
1.0648,-0.015297
1.065405,0.078735
1.06601,0.031446
1.066615,-0.001725
1.06722,0.047318
1.067825,-0.001761
1.06843,0.009524
1.069035,0.049375
1.06964,-0.015904
1.070245,0.002231
1.07085,0.007467
1.071455,-0.023452
1.07206,0.021671
1.072665,-0.009103
1.07327,-0.042127
1.073875,-0.001397
1.07448,-0.037686
1.075085,-0.05297
1.07569,-0.043298
1.076295,-0.077615
1.0769,-0.066925
1.077505,-0.073702
1.07811,-0.114147
1.078715,-0.101193
1.07932,-0.124061
1.079925,-0.162474
1.08053,-0.133526
1.081135,-0.153245
1.08174,-0.201602
1.082345,-0.210703
1.08295,-0.256821
1.083555,-0.278779
1.08416,-0.296453
1.084765,-0.347486
1.08537,-0.34802
1.085975,-0.391359
1.08658,-0.450237
1.087185,-0.441324
1.08779,-0.485907
1.088395,-0.5254
1.089,-0.522056
1.089605,-0.553516
1.09021,-0.583155
1.090815,-0.610834
1.09142,-0.667789
1.092025,-0.666733
1.09263,-0.697901
1.093235,-0.737624
1.09384,-0.721673
1.094445,-0.751664
1.09505,-0.770879
1.095655,-0.756706
1.09626,-0.783269
1.096865,-0.779598
1.09747,-0.749383
1.098075,-0.740779
1.09868,-0.741695
1.099285,-0.739268
1.09989,-0.779786
1.100495,-0.757471
1.1011,-0.732291
1.101705,-0.748776
1.10231,-0.713707
1.102915,-0.697355
1.10352,-0.708385
1.104125,-0.649847
1.10473,-0.662874
1.105335,-0.654853
1.10594,-0.578774
1.106545,-0.563533
1.10715,-0.55442
1.107755,-0.522548
1.10836,-0.553121
1.108965,-0.549384
1.10957,-0.483656
1.110175,-0.521735
1.11078,-0.476679
1.111385,-0.449873
1.11199,-0.479555
1.112595,-0.427697
1.1132,-0.410787
1.113805,-0.433157
1.11441,-0.363201
1.115015,-0.330479
1.11562,-0.341382
1.116225,-0.322167
1.11683,-0.34933
1.117435,-0.367715
1.11804,-0.331013
1.118645,-0.350938
1.11925,-0.337918
1.119855,-0.3136
1.12046,-0.350938
1.121065,-0.325977
1.12167,-0.316749
1.122275,-0.332518
1.12288,-0.304159
1.123485,-0.280253
1.12409,-0.280247
1.124695,-0.287625
1.1253,-0.302921
1.125905,-0.342347
1.12651,-0.320049
1.127115,-0.325953
1.12772,-0.351636
1.128325,-0.312411
1.12893,-0.345035
1.129535,-0.346388
1.13014,-0.319983
1.130745,-0.352959
1.13135,-0.344149
1.131955,-0.28967
1.13256,-0.303158
1.133165,-0.315202
1.13377,-0.306889
1.134375,-0.375396
1.13498,-0.352941
1.135585,-0.330989
1.13619,-0.385007
1.136795,-0.351794
1.1374,-0.356963
1.138005,-0.395976
1.13861,-0.345387
1.139215,-0.366137
1.13982,-0.385692
1.140425,-0.330861
1.14103,-0.334362
1.141635,-0.350053
1.14224,-0.331498
1.142845,-0.388028
1.14345,-0.382337
1.144055,-0.349161
1.14466,-0.39088
1.145265,-0.367599
1.14587,-0.353845
1.146475,-0.386111
1.14708,-0.347371
1.147685,-0.35149
1.14829,-0.368673
1.148895,-0.323647
1.1495,-0.310111
1.150105,-0.31053
1.15071,-0.299317
1.151315,-0.325486
1.15192,-0.320735
1.152525,-0.283821
1.15313,-0.312034
1.153735,-0.283779
1.15434,-0.24894
1.154945,-0.273889
1.15555,-0.231684
1.156155,-0.206577
1.15676,-0.212699
1.157365,-0.166587
1.15797,-0.138277
1.158575,-0.114268
1.15918,-0.074497
1.159785,-0.071833
1.16039,-0.054863
1.160995,-0.000372
1.1616,0.009779
1.162205,0.047306
1.16281,0.095171
1.163415,0.10477
1.16402,0.15158
1.164625,0.187553
1.16523,0.206938
1.165835,0.25484
1.16644,0.280099
1.167045,0.317225
1.16765,0.361365
1.168255,0.357446
1.16886,0.386278
1.169465,0.421086
1.17007,0.420334
1.170675,0.453947
1.17128,0.472295
1.171885,0.467635
1.17249,0.498555
1.173095,0.50305
1.1737,0.499732
1.174305,0.517479
1.17491,0.51817
1.175515,0.518838
1.17612,0.529158
1.176725,0.517078
1.17733,0.509118
1.177935,0.51547
1.17854,0.499999
1.179145,0.4954
1.17975,0.489241
1.180355,0.4713
1.18096,0.4846
1.181565,0.464911
1.18217,0.45007
1.182775,0.456223
1.18338,0.436103
1.183985,0.434611
1.18459,0.434174
1.185195,0.412143
1.1858,0.408709
1.186405,0.402344
1.18701,0.388225
1.187615,0.391283
1.18822,0.379998
1.188825,0.37239
1.18943,0.37893
1.190035,0.364708
1.19064,0.370709
1.191245,0.367317
1.19185,0.359236
1.192455,0.370484
1.19306,0.357045
1.193665,0.351815
1.19427,0.36108
1.194875,0.355073
1.19548,0.359084
1.196085,0.343564
1.19669,0.348484
1.197295,0.389803
1.1979,0.351475
1.198505,0.364035
1.19911,0.374258
1.199715,0.363107
1.20032,0.390349
1.200925,0.393067
1.20153,0.348945
1.202135,0.398042
1.20274,0.380496
1.203345,0.356712
1.20395,0.400779
1.204555,0.379537
1.20516,0.366632
1.205765,0.409182
1.20637,0.381066
1.206975,0.37529
1.20758,0.403637
1.208185,0.390058
1.20879,0.399159
1.209395,0.394657
1.21,0.376873
1.210605,0.402708
1.21121,0.387594
1.211815,0.351633
1.21242,0.383469
1.213025,0.375569
1.21363,0.367069
1.214235,0.385932
1.21484,0.351633
1.215445,0.368058
1.21605,0.388037
1.216655,0.343139
1.21726,0.361972
1.217865,0.378536
1.21847,0.334317
1.219075,0.355759
1.21968,0.349012
1.220285,0.319415
1.22089,0.334614
1.221495,0.323001
1.2221,0.312577
1.222705,0.33925
1.22331,0.310939
1.223915,0.308761
1.22452,0.332218
1.225125,0.293435
1.22573,0.318384
1.226335,0.329615
1.22694,0.281792
1.227545,0.305206
1.22815,0.305776
1.228755,0.263784
1.22936,0.298774
1.229965,0.28383
1.23057,0.256066
1.231175,0.297858
1.23178,0.27354
1.232385,0.248688
1.23299,0.295413
1.233595,0.267424
1.2342,0.2516
1.234805,0.287252
1.23541,0.251006
1.236015,0.259828
1.23662,0.270397
1.237225,0.22062
1.23783,0.238234
1.238435,0.25498
1.23904,0.211307
1.239645,0.247329
1.24025,0.223472
1.240855,0.212399
1.24146,0.233404
1.242065,0.22258
1.24267,0.175564
1.243275,0.251716
1.24388,0.226761
1.244485,0.09178
1.24509,0.26146
1.245695,0.27945
1.2463,0.04304
1.246905,0.152435
1.24751,0.242675
1.248115,0.103829
1.24872,0.218436
1.249325,0.132692
1.24993,0.089365
1.250535,0.221348
1.25114,0.091567
1.251745,0.143898
1.25235,0.163678
1.252955,0.042949
1.25356,0.19143
1.254165,0.146004
1.25477,0.010483
1.255375,0.149577
1.25598,0.092338
1.256585,0.07507
1.25719,0.16872
1.257795,0.011375
1.2584,0.057608
1.259005,0.144141
1.25961,0.005587
1.260215,0.088485
1.26082,0.106311
1.261425,0.001333
1.26203,0.092647
1.262635,0.050358
1.26324,-0.003005
1.263845,0.102883
1.26445,0.007298
1.265055,-0.002064
1.26566,0.093327
1.266265,-0.013283
1.26687,0.00694
1.267475,0.059871
1.26808,-0.03447
1.268685,0.03781
1.26929,0.037076
1.269895,-0.047636
1.2705,0.037258
1.271105,0.008942
1.27171,-0.039919
1.272315,0.029352
1.27292,-0.046641
1.273525,-0.048516
1.27413,0.012236
1.274735,-0.071081
1.27534,-0.057763
1.275945,-0.040149
1.27655,-0.107546
1.277155,-0.060536
1.27776,-0.090648
1.278365,-0.143349
1.27897,-0.083592
1.279575,-0.139272
1.28018,-0.18434
1.280785,-0.155702
1.28139,-0.223032
1.281995,-0.230938
1.2826,-0.233601
1.283205,-0.304195
1.28381,-0.299269
1.284415,-0.330073
1.28502,-0.390073
1.285625,-0.372113
1.28623,-0.424869
1.286835,-0.479997
1.28744,-0.428194
1.288045,-0.499795
1.28865,-0.538717
1.289255,-0.552915
1.28986,-0.633174
1.290465,-0.620809
1.29107,-0.643992
1.291675,-0.695838
1.29228,-0.684274
1.292885,-0.728195
1.29349,-0.750141
1.294095,-0.730829
1.2947,-0.77239
1.295305,-0.766347
1.29591,-0.729433
1.296515,-0.75943
1.29712,-0.753236
1.297725,-0.767773
1.29833,-0.801326
1.298935,-0.749838
1.29954,-0.766475
1.300145,-0.767536
1.30075,-0.725593
1.301355,-0.748564
1.30196,-0.724076
1.302565,-0.680512
1.30317,-0.704697
1.303775,-0.653209
1.30438,-0.585127
1.304985,-0.613607
1.30559,-0.573119
1.306195,-0.582548
1.3068,-0.620008
1.307405,-0.53387
1.30801,-0.544767
1.308615,-0.555694
1.30922,-0.485737
1.309825,-0.511681
1.31043,-0.487515
1.311035,-0.433885
1.31164,-0.47154
1.312245,-0.430027
1.31285,-0.355738
1.313455,-0.380044
1.31406,-0.360227
1.314665,-0.352395
1.31527,-0.406273
1.315875,-0.356988
1.31648,-0.348178
1.317085,-0.376185
1.31769,-0.324527
1.318295,-0.350611
1.3189,-0.35035
1.319505,-0.299991
1.32011,-0.336668
1.320715,-0.333974
1.32132,-0.262792
1.321925,-0.276898
1.32253,-0.28873
1.323135,-0.276904
1.32374,-0.34657
1.324345,-0.324654
1.32495,-0.305445
1.325555,-0.354227
1.32616,-0.310166
1.326765,-0.334253
1.32737,-0.360652
1.327975,-0.300324
1.32858,-0.346837
1.329185,-0.349616
1.32979,-0.291478
1.330395,-0.311282
1.331,-0.311628
1.331605,-0.293565
1.33221,-0.367448
1.332815,-0.35484
1.33342,-0.325607
1.334025,-0.38366
1.33463,-0.344774
1.335235,-0.343087
1.33584,-0.390479
1.336445,-0.34171
1.33705,-0.362169
1.337655,-0.390583
1.33826,-0.331802
1.338865,-0.323811
1.33947,-0.343585
1.340075,-0.317792
1.34068,-0.368479
1.341285,-0.392415
1.34189,-0.341407
1.342495,-0.390953
1.3431,-0.381281
1.343705,-0.345811
1.34431,-0.398058
1.344915,-0.361271
1.34552,-0.343057
1.346125,-0.388325
1.34673,-0.342122
1.347335,-0.325194
1.34794,-0.334902
1.348545,-0.303103
1.34915,-0.333628
1.349755,-0.356642
1.35036,-0.30732
1.350965,-0.332427
1.35157,-0.321991
1.352175,-0.280745
1.35278,-0.317277
1.353385,-0.274635
1.35399,-0.248121
1.354595,-0.278785
1.3552,-0.219907
1.355805,-0.192835
1.35641,-0.186992
1.357015,-0.134685
1.35762,-0.145794
1.358225,-0.141487
1.35883,-0.078738
1.359435,-0.081432
1.36004,-0.050373
1.360645,0.007037
1.36125,-0.000614
1.361855,0.056565
1.36246,0.098387
1.363065,0.099315
1.36367,0.161949
1.364275,0.185909
1.36488,0.212884
1.365485,0.277569
1.36609,0.275111
1.366695,0.30088
1.3673,0.354764
1.367905,0.349012
1.36851,0.388134
1.369115,0.425661
1.36972,0.413702
1.370325,0.457891
1.37093,0.471998
1.371535,0.465154
1.37214,0.504822
1.372745,0.499234
1.37335,0.497711
1.373955,0.542962
1.37456,0.517928
1.375165,0.507917
1.37577,0.536961
1.376375,0.506855
1.37698,0.512946
1.377585,0.524438
1.37819,0.489866
1.378795,0.502978
1.3794,0.497754
1.380005,0.465178
1.38061,0.487773
1.381215,0.467744
1.38182,0.444409
1.382425,0.46968
1.38303,0.427882
1.383635,0.416542
1.38424,0.431504
1.384845,0.401046
1.38545,0.405912
1.386055,0.407489
1.38666,0.3787
1.387265,0.395579
1.38787,0.385987
1.388475,0.363877
1.38908,0.383996
1.389685,0.373342
1.39029,0.35733
1.390895,0.376285
1.3915,0.359132
1.392105,0.355189
1.39271,0.354928
1.393315,0.337211
1.39392,0.375175
1.394525,0.367754
1.39513,0.323432
1.395735,0.370879
1.39634,0.380799
1.396945,0.345821
1.39755,0.377316
1.398155,0.364338
1.39876,0.359769
1.399365,0.408697
1.39997,0.360091
1.400575,0.346142
1.40118,0.397369
1.401785,0.365746
1.40239,0.364818
1.402995,0.394778
1.4036,0.366043
1.404205,0.380908
1.40481,0.399317
1.405415,0.383596
1.40602,0.393704
1.406625,0.383068
1.40723,0.392727
1.407835,0.410772
1.40844,0.384239
1.409045,0.380453
1.40965,0.390021
1.410255,0.372559
1.41086,0.382176
1.411465,0.383918
1.41207,0.373791
1.412675,0.389761
1.41328,0.380574
1.413885,0.363125
1.41449,0.380022
1.415095,0.38055
1.4157,0.364302
1.416305,0.376521
1.41691,0.353126
1.417515,0.342247
1.41812,0.354436
1.418725,0.340493
1.41933,0.32905
1.419935,0.331969
1.42054,0.323893
1.421145,0.328984
1.42175,0.327922
1.422355,0.319688
1.42296,0.32507
1.423565,0.312887
1.42417,0.313154
1.424775,0.32075
1.42538,0.309641
1.425985,0.3006
1.42659,0.292197
1.427195,0.280888
1.4278,0.297051
1.428405,0.284601
1.42901,0.281901
1.429615,0.291821
1.43022,0.273704
1.430825,0.279292
1.43143,0.287762
1.432035,0.26601
1.43264,0.271459
1.433245,0.290407
1.43385,0.259506
1.434455,0.255805
1.43506,0.266484
1.435665,0.241073
1.43627,0.239557
1.436875,0.252923
1.43748,0.22849
1.438085,0.237755
1.43869,0.246261
1.439295,0.226318
1.4399,0.222252
1.440505,0.238871
1.44111,0.207824
1.441715,0.238282
1.44232,0.192037
1.442925,0.23395
1.44353,0.213036
1.444135,0.093739
1.44474,0.273467
1.445345,0.26419
1.44595,0.023655
1.446555,0.181668
1.44716,0.248057
1.447765,0.1015
1.44837,0.220056
1.448975,0.134664
1.44958,0.09252
1.450185,0.219947
1.45079,0.10662
1.451395,0.142369
1.452,0.13885
1.452605,0.057742
1.45321,0.180849
1.453815,0.124355
1.45442,0.023728
1.455025,0.144086
1.45563,0.088503
1.456235,0.093048
1.45684,0.149226
1.457445,0.012
1.45805,0.074239
1.458655,0.12802
1.45926,0.013517
1.459865,0.101063
1.46047,0.09161
1.461075,0.012194
1.46168,0.09019
1.462285,0.030803
1.46289,0.01223
1.463495,0.101924
1.4641,-0.009473
1.464705,0.024044
1.46531,0.086307
1.465915,-0.026765
1.46652,0.026586
1.467125,0.04807
1.46773,-0.033014
1.468335,0.05452
1.46894,0.024456
1.469545,-0.040902
1.47015,0.024911
1.470755,-0.017749
1.47136,-0.02404
1.471965,0.022102
1.47257,-0.060257
1.473175,-0.027948
1.47378,-0.002956
1.474385,-0.075904
1.47499,-0.043656
1.475595,-0.054887
1.4762,-0.09981
1.476805,-0.040896
1.47741,-0.08688
1.478015,-0.126755
1.47862,-0.104591
1.479225,-0.16129
1.47983,-0.175464
1.480435,-0.163353
1.48104,-0.227231
1.481645,-0.227091
1.48225,-0.245554
1.482855,-0.298377
1.48346,-0.29598
1.484065,-0.330412
1.48467,-0.371222
1.485275,-0.361987
1.48588,-0.409689
1.486485,-0.450522
1.48709,-0.483201
1.487695,-0.529447
1.4883,-0.544245
1.488905,-0.577482
1.48951,-0.618783
1.490115,-0.630365
1.49072,-0.660872
1.491325,-0.680275
1.49193,-0.693757
1.492535,-0.722474
1.49314,-0.735094
1.493745,-0.710303
1.49435,-0.727801
1.494955,-0.748855
1.49556,-0.763107
1.496165,-0.799499
1.49677,-0.767925
1.497375,-0.775764
1.49798,-0.798656
1.498585,-0.758684
1.49919,-0.766911
1.499795,-0.765097
1.5004,-0.727989
1.501005,-0.746021
1.50161,-0.721691
1.502215,-0.651777
1.50282,-0.648931
1.503425,-0.644502
1.50403,-0.617053
1.504635,-0.671356
1.50524,-0.604093
1.505845,-0.58202
1.50645,-0.619037
1.507055,-0.541703
1.50766,-0.543626
1.508265,-0.551344
1.50887,-0.484712
1.509475,-0.505511
1.51008,-0.482236
1.510685,-0.394181
1.51129,-0.404076
1.511895,-0.405611
1.5125,-0.369547
1.513105,-0.436173
1.51371,-0.392287
1.514315,-0.361702
1.51492,-0.40873
1.515525,-0.348275
1.51613,-0.357776
1.516735,-0.37346
1.51734,-0.313757
1.517945,-0.351691
1.51855,-0.346776
1.519155,-0.272135
1.51976,-0.281594
1.520365,-0.291733
1.52097,-0.278251
1.521575,-0.337347
1.52218,-0.325692
1.522785,-0.297278
1.52339,-0.350374
1.523995,-0.311962
1.5246,-0.318484
1.525205,-0.353335
1.52581,-0.300688
1.526415,-0.329539
1.52702,-0.357503
1.527625,-0.285119
1.52823,-0.284367
1.528835,-0.308358
1.52944,-0.282225
1.530045,-0.345975
1.53065,-0.367472
1.531255,-0.312611
1.53186,-0.367314
1.532465,-0.357655
1.53307,-0.330698
1.533675,-0.383569
1.53428,-0.349276
1.534885,-0.343803
1.53549,-0.382015
1.536095,-0.345836
1.5367,-0.327397
1.537305,-0.341449
1.53791,-0.331741
1.538515,-0.355301
1.53912,-0.388853
1.539725,-0.35581
1.54033,-0.37471
1.540935,-0.390237
1.54154,-0.362976
1.542145,-0.380978
1.54275,-0.377356
1.543355,-0.358377
1.54396,-0.37536
1.544565,-0.366598
1.54517,-0.330904
1.545775,-0.321584
1.54638,-0.333173
1.546985,-0.331541
1.54759,-0.363522
1.548195,-0.340235
1.5488,-0.326717
1.549405,-0.351363
1.55001,-0.324436
1.550615,-0.320104
1.55122,-0.325225
1.551825,-0.286903
1.55243,-0.297861
1.553035,-0.288699
1.55364,-0.240634
1.554245,-0.232364
1.55485,-0.219191
1.555455,-0.191294
1.55606,-0.199976
1.556665,-0.176301
1.55727,-0.138192
1.557875,-0.137889
1.55848,-0.093821
1.559085,-0.062914
1.55969,-0.054244
1.560295,-0.000845
1.5609,0.022539
1.561505,0.046414
1.56211,0.096536
1.562715,0.129598
1.56332,0.173052
1.563925,0.200216
1.56453,0.211386
1.565135,0.255265
1.56574,0.283581
1.566345,0.30185
1.56695,0.347762
1.567555,0.361456
1.56816,0.383238
1.568765,0.421766
1.56937,0.426238
1.569975,0.44919
1.57058,0.472744
1.571185,0.467939
1.57179,0.499525
1.572395,0.511248
1.573,0.491347
1.573605,0.524317
1.57421,0.515567
1.574815,0.506758
1.57542,0.53323
1.576025,0.507959
1.57663,0.508936
1.577235,0.523758
1.57784,0.491274
1.578445,0.498433
1.57905,0.494071
1.579655,0.470323
1.58026,0.487973
1.580865,0.473047
1.58147,0.450537
1.582075,0.455325
1.58268,0.439998
1.583285,0.426911
1.58389,0.433021
1.584495,0.413763
1.5851,0.408751
1.585705,0.409225
1.58631,0.392388
1.586915,0.391192
1.58752,0.390883
1.588125,0.376242
1.58873,0.377784
1.589335,0.374774
1.58994,0.363932
1.590545,0.356105
1.59115,0.358222
1.591755,0.354873
1.59236,0.354576
1.592965,0.351227
1.59357,0.361851
1.594175,0.370211
1.59478,0.348794
1.595385,0.346761
1.59599,0.382304
1.596595,0.372614
1.5972,0.359678
1.597805,0.374671
1.59841,0.35568
1.599015,0.366741
1.59962,0.383657
1.600225,0.360995
1.60083,0.35986
1.601435,0.397102
1.60204,0.366304
1.602645,0.378615
1.60325,0.399644
1.603855,0.376746
1.60446,0.382231
1.605065,0.41045
1.60567,0.384409
1.606275,0.380241
1.60688,0.388638
1.607485,0.38453
1.60809,0.379434
1.608695,0.372584
1.6093,0.373209
1.609905,0.396884
1.61051,0.375769
1.611115,0.364259
1.61172,0.392776
1.612325,0.377092
1.61293,0.380508
1.613535,0.385701
1.61414,0.359727
1.614745,0.38086
1.61535,0.378281
1.615955,0.334547
1.61656,0.354145
1.617165,0.359066
1.61777,0.326199
1.618375,0.357949
1.61898,0.348988
1.619585,0.322752
1.62019,0.343133
1.620795,0.331441
1.6214,0.321563
1.622005,0.347604
1.62261,0.321302
1.623215,0.313348
1.62382,0.325628
1.624425,0.299332
1.62503,0.305042
1.625635,0.303325
1.62624,0.280111
1.626845,0.302597
1.62745,0.29926
1.628055,0.278418
1.62866,0.302688
1.629265,0.287277
1.62987,0.276586
1.630475,0.300867
1.63108,0.27809
1.631685,0.269784
1.63229,0.288065
1.632895,0.264427
1.6335,0.250017
1.634105,0.265689
1.63471,0.247414
1.635315,0.254573
1.63592,0.258141
1.636525,0.233744
1.63713,0.242663
1.637735,0.249641
1.63834,0.229454
1.638945,0.244981
1.63955,0.222465
1.640155,0.230025
1.64076,0.223314
1.641365,0.219492
1.64197,0.170376
1.642575,0.238446
1.64318,0.201769
1.643785,0.086865
1.64439,0.275342
1.644995,0.261387
1.6456,0.029474
1.646205,0.183816
1.64681,0.2377
1.647415,0.105207
1.64802,0.231809
1.648625,0.124046
1.64923,0.102094
1.649835,0.225547
1.65044,0.082266
1.651045,0.144135
1.65165,0.146774
1.652255,0.042713
1.65286,0.193305
1.653465,0.128863
1.65407,0.014918
1.654675,0.158497
1.65528,0.087162
1.655885,0.087848
1.65649,0.162774
1.657095,0.008062
1.6577,0.07595
1.658305,0.13771
1.65891,0.00012
1.659515,0.092945
1.66012,0.091689
1.660725,0.00208
1.66133,0.095548
1.661935,0.031652
1.66254,0.004021
1.663145,0.105656
1.66375,0.002965
1.664355,0.010234
1.66496,0.084553
1.665565,-0.006142
1.66617,0.019918
1.666775,0.053537
1.66738,-0.022141
1.667985,0.036664
1.66859,0.031773
1.669195,-0.040495
1.6698,0.017709
1.670405,-0.008089
1.67101,-0.028712
1.671615,0.024177
1.67222,-0.049821
1.672825,-0.04163
1.67343,0.001928
1.674035,-0.068454
1.67464,-0.048656
1.675245,-0.039088
1.67585,-0.095132
1.676455,-0.068144
1.67706,-0.10089
1.677665,-0.138568
1.67827,-0.112903
1.678875,-0.160817
1.67948,-0.183794
1.680085,-0.166084
1.68069,-0.225435
1.681295,-0.233862
1.6819,-0.239554
1.682505,-0.296823
1.68311,-0.290174
1.683715,-0.298656
1.68432,-0.366362
1.684925,-0.369996
1.68553,-0.438654
1.686135,-0.476757
1.68674,-0.473536
1.687345,-0.533427
1.68795,-0.55067
1.688555,-0.57014
1.68916,-0.629176
1.689765,-0.628144
1.69037,-0.646432
1.690975,-0.69207
1.69158,-0.675634
1.692185,-0.689146
1.69279,-0.726236
1.693395,-0.726915
1.694,-0.774229
1.694605,-0.772857
1.69521,-0.767585
1.695815,-0.794099
1.69642,-0.770054
1.697025,-0.778203
1.69763,-0.789961
1.698235,-0.750906
1.69884,-0.764278
1.699445,-0.755238
1.70005,-0.704041
1.700655,-0.686573
1.70126,-0.690317
1.701865,-0.66032
1.70247,-0.69886
1.703075,-0.670325
1.70368,-0.626694
1.704285,-0.663353
1.70489,-0.601964
1.705495,-0.594731
1.7061,-0.608614
1.706705,-0.539009
1.70731,-0.545325
1.707915,-0.541794
1.70852,-0.467711
1.709125,-0.450237
1.70973,-0.44548
1.710335,-0.412807
1.71094,-0.461686
1.711545,-0.452609
1.71215,-0.393301
1.712755,-0.432399
1.71336,-0.396262
1.713965,-0.37488
1.71457,-0.397803
1.715175,-0.357085
1.71578,-0.353438
1.716385,-0.358074
1.71699,-0.313363
1.717595,-0.286254
1.7182,-0.294542
1.718805,-0.277262
1.71941,-0.317088
1.720015,-0.353717
1.72062,-0.302393
1.721225,-0.326924
1.72183,-0.335382
1.722435,-0.308891
1.72304,-0.338901
1.723645,-0.325352
1.72425,-0.314243
1.724855,-0.337936
1.72546,-0.309529
1.726065,-0.282856
1.72667,-0.301113
1.727275,-0.284986
1.72788,-0.317707
1.728485,-0.359372
1.72909,-0.320213
1.729695,-0.345963
1.7303,-0.363668
1.730905,-0.322859
1.73151,-0.361805
1.732115,-0.357303
1.73272,-0.331086
1.733325,-0.371901
1.73393,-0.350423
1.734535,-0.300755
1.73514,-0.328161
1.735745,-0.330036
1.73635,-0.327251
1.736955,-0.396686
1.73756,-0.358735
1.738165,-0.349373
1.73877,-0.403063
1.739375,-0.349464
1.73998,-0.372174
1.740585,-0.404568
1.74119,-0.345654
1.741795,-0.382228
1.7424,-0.38852
1.743005,-0.326111
1.74361,-0.344543
1.744215,-0.346303
1.74482,-0.32068
1.745425,-0.381961
1.74603,-0.360767
1.746635,-0.333373
1.74724,-0.383193
1.747845,-0.332008
1.74845,-0.332955
1.749055,-0.366319
1.74966,-0.310038
1.750265,-0.325413
1.75087,-0.32659
1.751475,-0.271541
1.75208,-0.280041
1.752685,-0.249977
1.75329,-0.226375
1.753895,-0.27165
1.7545,-0.23152
1.755105,-0.189176
1.75571,-0.218815
1.756315,-0.160738
1.75692,-0.140134
1.757525,-0.148221
1.75813,-0.074539
1.758735,-0.068672
1.75934,-0.054881
1.759945,0.015215
1.76055,0.018801
1.761155,0.071606
1.76176,0.119332
1.762365,0.105189
1.76297,0.158879
1.763575,0.199318
1.76418,0.200689
1.764785,0.264615
1.76539,0.28505
1.765995,0.297518
1.7666,0.357239
1.767205,0.360868
1.76781,0.385495
1.768415,0.429769
1.76902,0.422931
1.769625,0.464225
1.77023,0.492967
1.770835,0.465651
1.77144,0.498706
1.772045,0.510404
1.77265,0.487967
1.773255,0.529419
1.77386,0.520191
1.774465,0.504009
1.77507,0.537641
1.775675,0.507813
1.77628,0.509185
1.776885,0.526404
1.77749,0.490382
1.778095,0.499076
1.7787,0.499695
1.779305,0.465178
1.77991,0.479988
1.780515,0.464899
1.78112,0.439234
1.781725,0.457927
1.78233,0.435078
1.782935,0.41929
1.78354,0.432893
1.784145,0.408861
1.78475,0.403084
1.785355,0.406239
1.78596,0.379549
1.786565,0.393965
1.78717,0.385331
1.787775,0.366249
1.78838,0.37424
1.788985,0.356657
1.78959,0.365521
1.790195,0.365351
1.7908,0.348272
1.791405,0.365837
1.79201,0.357191
1.792615,0.34977
1.79322,0.36685
1.793825,0.367948
1.79443,0.358726
1.795035,0.355431
1.79564,0.366189
1.796245,0.382522
1.79685,0.347968
1.797455,0.358107
1.79806,0.368149
1.798665,0.363058
1.79927,0.379416
1.799875,0.380556
1.80048,0.351724
1.801085,0.39638
1.80169,0.388596
1.802295,0.367803
1.8029,0.403995
1.803505,0.39655
1.80411,0.371085
1.804715,0.404626
1.80532,0.387115
1.805925,0.360267
1.80653,0.394511
1.807135,0.390513
1.80774,0.383117
1.808345,0.390379
1.80895,0.373476
1.809555,0.398018
1.81016,0.39908
1.810765,0.362591
1.81137,0.393067
1.811975,0.393207
1.81258,0.374264
1.813185,0.386108
1.81379,0.351057
1.814395,0.352737
1.815,0.381224
1.815605,0.338406
1.81621,0.342423
1.816815,0.370873
1.81742,0.325992
1.818025,0.348108
1.81863,0.360619
1.819235,0.321333
1.81984,0.339359
1.820445,0.3409
1.82105,0.317541
1.821655,0.337715
1.82226,0.318044
1.822865,0.289976
1.82347,0.319106
1.824075,0.298938
1.82468,0.301062
1.825285,0.315732
1.82589,0.278527
1.826495,0.29892
1.8271,0.312499
1.827705,0.275603
1.82831,0.303434
1.828915,0.299557
1.82952,0.272248
1.830125,0.30114
1.83073,0.2759
1.831335,0.24782
1.83194,0.280881
1.832545,0.266095
1.83315,0.246928
1.833755,0.271932
1.83436,0.249398
1.834965,0.253257
1.83557,0.267539
1.836175,0.235886
1.83678,0.24307
1.837385,0.257461
1.83799,0.232106
1.838595,0.247226
1.8392,0.222835
1.839805,0.21209
1.84041,0.221749
1.841015,0.215718
1.84162,0.186055
1.842225,0.211137
1.84283,0.244429
1.843435,0.098545
1.84404,0.208801
1.844645,0.309362
1.84525,0.086459
1.845855,0.100893
1.84646,0.266939
1.847065,0.12529
1.84767,0.183767
1.848275,0.172342
1.84888,0.059392
1.849485,0.197297
1.85009,0.122529
1.850695,0.100838
1.8513,0.171978
1.851905,0.044497
1.85251,0.142915
1.853115,0.177439
1.85372,0.020561
1.854325,0.112876
1.85493,0.125083
1.855535,0.060575
1.85614,0.167416
1.856745,0.049617
1.85735,0.019639
1.857955,0.138426
1.85856,0.03073
1.859165,0.047476
1.85977,0.121661
1.860375,0.011181
1.86098,0.065374
1.861585,0.068056
1.86219,-0.009012
1.862795,0.08675
1.8634,0.040662
1.864005,-0.016681
1.86461,0.089462
1.865215,0.018249
1.86582,-0.013744
1.866425,0.055752
1.86703,-0.016936
1.867635,0.008675
1.86824,0.054848
1.868845,-0.041254
1.86945,0.003554
1.870055,0.011866
1.87066,-0.039179
1.871265,0.020816
1.87187,-0.02779
1.872475,-0.054025
1.87308,0.022606
1.873685,-0.045149
1.87429,-0.070074
1.874895,-0.038232
1.8755,-0.098299
1.876105,-0.081365
1.87671,-0.080795
1.877315,-0.146104
1.87792,-0.115039
1.878525,-0.143701
1.87913,-0.190335
1.879735,-0.161121
1.88034,-0.217632
1.880945,-0.238358
1.88155,-0.211716
1.882155,-0.286151
1.88276,-0.307544
1.883365,-0.330279
1.88397,-0.391456
1.884575,-0.391383
1.88518,-0.43752
1.885785,-0.477152
1.88639,-0.473481
1.886995,-0.537789
1.8876,-0.55115
1.888205,-0.563764
1.88881,-0.629619
1.889415,-0.617041
1.89002,-0.611411
1.890625,-0.672637
1.89123,-0.67442
1.891835,-0.729209
1.89244,-0.753229
1.893045,-0.724233
1.89365,-0.778506
1.894255,-0.77401
1.89486,-0.764515
1.895465,-0.803073
1.89607,-0.767967
1.896675,-0.773707
1.89728,-0.797109
1.897885,-0.738316
1.89849,-0.718749
1.899095,-0.729063
1.8997,-0.700559
1.900305,-0.737764
1.90091,-0.735373
1.901515,-0.670477
1.90212,-0.704144
1.902725,-0.668177
1.90333,-0.628921
1.903935,-0.664239
1.90454,-0.592298
1.905145,-0.586911
1.90575,-0.607285
1.906355,-0.5202
1.90696,-0.487212
1.907565,-0.504752
1.90817,-0.454994
1.908775,-0.487454
1.90938,-0.506858
1.909985,-0.423334
1.91059,-0.46404
1.911195,-0.452967
1.9118,-0.387421
1.912405,-0.435639
1.91301,-0.394132
1.913615,-0.365737
1.91422,-0.400424
1.914825,-0.344962
1.91543,-0.301307
1.916035,-0.316803
1.91664,-0.298753
1.917245,-0.323496
1.91785,-0.361502
1.918455,-0.30172
1.91906,-0.328507
1.919665,-0.349088
1.92027,-0.302132
1.920875,-0.335054
1.92148,-0.328811
1.922085,-0.306725
1.92269,-0.337244
1.923295,-0.315669
1.9239,-0.272845
1.924505,-0.282759
1.92511,-0.285726
1.925715,-0.297982
1.92632,-0.361441
1.926925,-0.317531
1.92753,-0.327179
1.928135,-0.36226
1.92874,-0.31977
1.929345,-0.352097
1.92995,-0.363018
1.930555,-0.319679
1.93116,-0.360052
1.931765,-0.354203
1.93237,-0.30806
1.932975,-0.322634
1.93358,-0.32332
1.934185,-0.310372
1.93479,-0.37991
1.935395,-0.368388
1.936,-0.34151
1.936605,-0.394538
1.93721,-0.358923
1.937815,-0.352995
1.93842,-0.396262
1.939025,-0.350332
1.93963,-0.368188
1.940235,-0.394168
1.94084,-0.338658
1.941445,-0.330728
1.94205,-0.349761
1.942655,-0.323071
1.94326,-0.368315
1.943865,-0.384885
1.94447,-0.333112
1.945075,-0.375378
1.94568,-0.362697
1.946285,-0.333404
1.94689,-0.37775
1.947495,-0.335315
1.9481,-0.329399
1.948705,-0.358717
1.94931,-0.313114
1.949915,-0.299469
1.95052,-0.292977
1.951125,-0.264187
1.95173,-0.295197
1.952335,-0.289986
1.95294,-0.238467
1.953545,-0.266232
1.95415,-0.237964
1.954755,-0.191828
1.95536,-0.210224
1.955965,-0.168244
1.95657,-0.135437
1.957175,-0.138696
1.95778,-0.081511
1.958385,-0.055026
1.95899,-0.024471
1.959595,0.026349
1.9602,0.024844
1.960805,0.049884
1.96141,0.106074
1.962015,0.11489
1.96262,0.152726
1.963225,0.197631
1.96383,0.211902
1.964435,0.257292
1.96504,0.28906
1.965645,0.304484
1.96625,0.34826
1.966855,0.365861
1.96746,0.394275
1.968065,0.434216
1.96867,0.433063
1.969275,0.447006
1.96988,0.476621
1.970485,0.474704
1.97109,0.493276
1.971695,0.506648
1.9723,0.500848
1.972905,0.518407
1.97351,0.52016
1.974115,0.515737
1.97472,0.526319
1.975325,0.517163
1.97593,0.515416
1.976535,0.524189
1.97714,0.506703
1.977745,0.492038
1.97835,0.492511
1.978955,0.480243
1.97956,0.469146
1.980165,0.46911
1.98077,0.457527
1.981375,0.444361
1.98198,0.445599
1.982585,0.429666
1.98319,0.422652
1.983795,0.424199
1.9844,0.407034
1.985005,0.40161
1.98561,0.399559
1.986215,0.376546
1.98682,0.375029
1.987425,0.379337
1.98803,0.361056
1.988635,0.364945
1.98924,0.368664
1.989845,0.349995
1.99045,0.363574
1.991055,0.351324
1.99166,0.345772
1.992265,0.368051
1.99287,0.358168
1.993475,0.368707
1.99408,0.364399
1.994685,0.32524
1.99529,0.366656
1.995895,0.383936
1.9965,0.333995
1.997105,0.373227
1.99771,0.362451
1.998315,0.356269
1.99892,0.402126
1.999525,0.365709
2.00013,0.3546
2.000735,0.416421
2.00134,0.368931
2.001945,0.384433
2.00255,0.4059
2.003155,0.36358
2.00376,0.377031
2.004365,0.400488
2.00497,0.365206
2.005575,0.384876
2.00618,0.388905
2.006785,0.385544
2.00739,0.400852
2.007995,0.375126
2.0086,0.381648
2.009205,0.416287
2.00981,0.382692
2.010415,0.377826
2.01102,0.392497
2.011625,0.367348
2.01223,0.379373
2.012835,0.373439
2.01344,0.343436
2.014045,0.381588
2.01465,0.371103
2.015255,0.33746
2.01586,0.371977
2.016465,0.358714
2.01707,0.334578
2.017675,0.367566
2.01828,0.345256
2.018885,0.342835
2.01949,0.33982
2.020095,0.315423
2.0207,0.323123
2.021305,0.323954
2.02191,0.301098
2.022515,0.314131
2.02312,0.308488
2.023725,0.296123
2.02433,0.321072
2.024935,0.299053
2.02554,0.28559
2.026145,0.313682
2.02675,0.295298
2.027355,0.292076
2.02796,0.305776
2.028565,0.271902
2.02917,0.27411
2.029775,0.287489
2.03038,0.260993
2.030985,0.263037
2.03159,0.27917
2.032195,0.263401
2.0328,0.259998
2.033405,0.267454
2.03401,0.253427
2.034615,0.263668
2.03522,0.259276
2.035825,0.243409
2.03643,0.248779
2.037035,0.244247
2.03764,0.225687
2.038245,0.234351
2.03885,0.209456
2.039455,0.221251
2.04006,0.214826
2.040665,0.218436
2.04127,0.178428
2.041875,0.235971
2.04248,0.219012
2.043085,0.093297
2.04369,0.264943
2.044295,0.281688
2.0449,0.044139
2.045505,0.167288
2.04611,0.246722
2.046715,0.095572
2.04732,0.219358
2.047925,0.130399
2.04853,0.084098
2.049135,0.222386
2.04974,0.08752
2.050345,0.138796
2.05095,0.158879
2.051555,0.042306
2.05216,0.187414
2.052765,0.143261
2.05337,0.017733
2.053975,0.152308
2.05458,0.093375
2.055185,0.076423
2.05579,0.158254
2.056395,0.009627
2.057,0.057341
2.057605,0.133717
2.05821,0.004397
2.058815,0.087945
2.05942,0.099522
2.060025,0.00333
2.06063,0.09124
2.061235,0.040413
2.06184,0.006078
2.062445,0.10423
2.06305,0.021453
2.063655,0.000793
2.06426,0.075707
2.064865,0.007461
2.06547,0.008196
2.066075,0.039467
2.06668,-0.016019
2.067285,0.030014
2.06789,0.033223
2.068495,-0.031612
2.0691,0.011314
2.069705,-0.00525
2.07031,-0.025248
2.070915,0.02482
2.07152,-0.030071
2.072125,-0.043462
2.07273,-0.010061
2.073335,-0.057551
2.07394,-0.060402
2.074545,-0.05368
2.07515,-0.09393
2.075755,-0.077124
2.07636,-0.094458
2.076965,-0.130207
2.07757,-0.120821
2.078175,-0.155132
2.07878,-0.180215
2.079385,-0.150466
2.07999,-0.194515
2.080595,-0.234111
2.0812,-0.250754
2.081805,-0.291933
2.08241,-0.311033
2.083015,-0.340248
2.08362,-0.375323
2.084225,-0.396996
2.08483,-0.443071
2.085435,-0.466036
2.08604,-0.494887
2.086645,-0.526595
2.08725,-0.551999
2.087855,-0.558188
2.08846,-0.59063
2.089065,-0.627556
2.08967,-0.658657
2.090275,-0.689425
2.09088,-0.704381
2.091485,-0.7297
2.09209,-0.744141
2.092695,-0.747914
2.0933,-0.76409
2.093905,-0.769793
2.09451,-0.77816
2.095115,-0.778282
2.09572,-0.767967
2.096325,-0.737145
2.09693,-0.738492
2.097535,-0.739511
2.09814,-0.747975
2.098745,-0.763441
2.09935,-0.731545
2.099955,-0.729888
2.10056,-0.726557
2.101165,-0.68198
2.10177,-0.696239
2.102375,-0.669518
2.10298,-0.637628
2.103585,-0.645849
2.10419,-0.594883
2.104795,-0.549499
2.1054,-0.543723
2.106005,-0.517767
2.10661,-0.517197
2.107215,-0.548419
2.10782,-0.495627
2.108425,-0.489238
2.10903,-0.492976
2.109635,-0.440177
2.11024,-0.457585
2.110845,-0.445711
2.11145,-0.396583
2.112055,-0.412898
2.11266,-0.391317
2.113265,-0.324509
2.11387,-0.324654
2.114475,-0.335448
2.11508,-0.313187
2.115685,-0.363965
2.11629,-0.350095
2.116895,-0.319327
2.1175,-0.354979
2.118105,-0.315177
2.11871,-0.321506
2.119315,-0.353481
2.11992,-0.30681
2.120525,-0.317186
2.12113,-0.336049
2.121735,-0.278998
2.12234,-0.269799
2.122945,-0.303225
2.12355,-0.279786
2.124155,-0.333422
2.12476,-0.34336
2.125365,-0.305852
2.12597,-0.358777
2.126575,-0.326469
2.12718,-0.32375
2.127785,-0.362654
2.12839,-0.324739
2.128995,-0.338791
2.1296,-0.3655
2.130205,-0.303576
2.13081,-0.295919
2.131415,-0.326105
2.13202,-0.299633
2.132625,-0.358389
2.13323,-0.379358
2.133835,-0.319091
2.13444,-0.386184
2.135045,-0.37508
2.13565,-0.336449
2.136255,-0.404289
2.13686,-0.358529
2.137465,-0.347711
2.13807,-0.404119
2.138675,-0.340782
2.13928,-0.327719
2.139885,-0.364948
2.14049,-0.324224
2.141095,-0.365731
2.1417,-0.402644
2.142305,-0.334763
2.14291,-0.382276
2.143515,-0.385152
2.14412,-0.33037
2.144725,-0.386639
2.14533,-0.357922
2.145935,-0.329781
2.14654,-0.378333
2.147145,-0.32568
2.14775,-0.304984
2.148355,-0.31778
2.14896,-0.284325
2.149565,-0.308509
2.15017,-0.325674
2.150775,-0.271765
2.15138,-0.301847
2.151985,-0.285823
2.15259,-0.231678
2.153195,-0.271911
2.1538,-0.231781
2.154405,-0.18542
2.15501,-0.212087
2.155615,-0.159027
2.15622,-0.130122
2.156825,-0.11698
2.15743,-0.053989
2.158035,-0.059092
2.15864,-0.050524
2.159245,0.015246
2.15985,0.019517
2.160455,0.050164
2.16106,0.111996
2.161665,0.108222
2.16227,0.159024
2.162875,0.203401
2.16348,0.207909
2.164085,0.266569
2.16469,0.288071
2.165295,0.310108
2.1659,0.37461
2.166505,0.370491
2.16711,0.384676
2.167715,0.432038
2.16832,0.424909
2.168925,0.449554
2.16953,0.482112
2.170135,0.466489
2.17074,0.497881
2.171345,0.51004
2.17195,0.495066
2.172555,0.524608
2.17316,0.51723
2.173765,0.506266
2.17437,0.532866
2.174975,0.516314
2.17558,0.502389
2.176185,0.517952
2.17679,0.4958
2.177395,0.487354
2.178,0.492099
2.178605,0.473157
2.17921,0.476063
2.179815,0.4682
2.18042,0.45038
2.181025,0.452085
2.18163,0.441764
2.182235,0.429471
2.18284,0.432105
2.183445,0.417076
2.18405,0.403843
2.184655,0.398455
2.18526,0.393996
2.185865,0.383808
2.18647,0.37998
2.187075,0.376952
2.18768,0.370715
2.188285,0.364508
2.18889,0.359836
2.189495,0.36435
2.1901,0.371115
2.190705,0.350438
2.19131,0.363349
2.191915,0.360934
2.19252,0.352155
2.193125,0.365497
2.19373,0.348193
2.194335,0.326399
2.19494,0.383444
2.195545,0.36921
2.19615,0.342198
2.196755,0.380908
2.19736,0.354806
2.197965,0.369301
2.19857,0.403588
2.199175,0.356517
2.19978,0.374829
2.200385,0.407987
2.20099,0.351548
2.201595,0.383827
2.2022,0.39186
2.202805,0.360291
2.20341,0.391544
2.204015,0.39564
2.20462,0.367973
2.205225,0.3953
2.20583,0.387352
2.206435,0.395191
2.20704,0.401197
2.207645,0.372056
2.20825,0.39834
2.208855,0.410044
2.20946,0.362469
2.210065,0.374568
2.21067,0.378269
2.211275,0.362724
2.21188,0.390398
2.212485,0.362494
2.21309,0.351815
2.213695,0.39402
2.2143,0.358659
2.214905,0.348957
2.21551,0.382043
2.216115,0.349261
2.21672,0.351342
2.217325,0.364587
2.21793,0.330318
2.218535,0.342059
2.21914,0.320762
2.219745,0.316363
2.22035,0.335203
2.220955,0.318979
2.22156,0.308804
2.222165,0.327964
2.22277,0.303495
2.223375,0.306844
2.22398,0.330306
2.224585,0.296305
2.22519,0.297294
2.225795,0.317638
2.2264,0.281233
2.227005,0.288332
2.22761,0.292646
2.228215,0.261169
2.22882,0.282071
2.229425,0.28738
2.23003,0.257771
2.230635,0.270294
2.23124,0.283321
2.231845,0.258584
2.23245,0.266526
2.233055,0.267551
2.23366,0.257049
2.234265,0.269863
2.23487,0.251764
2.235475,0.230146
2.23608,0.245023
2.236685,0.233501
2.23729,0.23048
2.237895,0.232403
2.2385,0.219328
2.239105,0.219637
2.23971,0.228144
2.240315,0.204651
2.24092,0.187808
2.241525,0.280803
2.24213,0.123876
2.242735,0.160335
2.24334,0.341009
2.243945,0.130065
2.24455,0.050424
2.245155,0.273716
2.24576,0.127074
2.246365,0.16184
2.24697,0.215742
2.247575,0.045637
2.24818,0.194682
2.248785,0.166038
2.24939,0.070332
2.249995,0.206726
2.2506,0.062377
2.251205,0.110825
2.25181,0.224479
2.252415,0.028576
2.25302,0.086908
2.253625,0.156786
2.25423,0.036269
2.254835,0.161755
2.25544,0.083807
2.256045,-0.000723
2.25665,0.146962
2.257255,0.055297
2.25786,0.029413
2.258465,0.137995
2.25907,0.02033
2.259675,0.060939
2.26028,0.090251
2.260885,-0.009254
2.26149,0.077479
2.262095,0.064713
2.2627,-0.028603
2.263305,0.072765
2.26391,0.038193
2.264515,-0.01264
2.26512,0.052378
2.265725,0.000484
2.26633,-0.001282
2.266935,0.061679
2.26754,-0.02077
2.268145,-0.004188
2.26875,0.026222
2.269355,-0.017554
2.26996,0.018104
2.270565,-0.012646
2.27117,-0.053237
2.271775,0.002049
2.27238,-0.039227
2.272985,-0.056913
2.27359,-0.038056
2.274195,-0.083944
2.2748,-0.070547
2.275405,-0.069479
2.27601,-0.121804
2.276615,-0.100726
2.27722,-0.120166
2.277825,-0.150011
2.27843,-0.14739
2.279035,-0.194176
2.27964,-0.218251
2.280245,-0.219367
2.28085,-0.275145
2.281455,-0.277353
2.28206,-0.305476
2.282665,-0.367951
2.28327,-0.357946
2.283875,-0.399344
2.28448,-0.457997
2.285085,-0.451444
2.28569,-0.477297
2.286295,-0.502052
2.2869,-0.523306
2.287505,-0.5964
2.28811,-0.624098
2.288715,-0.624261
2.28932,-0.681155
2.289925,-0.683879
2.29053,-0.700188
2.291135,-0.748224
2.29174,-0.730556
2.292345,-0.752483
2.29295,-0.777068
2.293555,-0.758805
2.29416,-0.760231
2.294765,-0.74334
2.29537,-0.745184
2.295975,-0.780903
2.29658,-0.78265
2.297185,-0.757191
2.29779,-0.766396
2.298395,-0.752708
2.299,-0.736465
2.299605,-0.739693
2.30021,-0.709696
2.300815,-0.689825
2.30142,-0.687878
2.302025,-0.650715
2.30263,-0.612521
2.303235,-0.58111
2.30384,-0.570571
2.304445,-0.575953
2.30505,-0.587584
2.305655,-0.551677
2.30626,-0.529349
2.306865,-0.540265
2.30747,-0.498369
2.308075,-0.49317
2.30868,-0.483104
2.309285,-0.443478
2.30989,-0.450844
2.310495,-0.438624
2.3111,-0.373782
2.311705,-0.354348
2.31231,-0.363643
2.312915,-0.344464
2.31352,-0.376088
2.314125,-0.3821
2.31473,-0.331141
2.315335,-0.358116
2.31594,-0.352249
2.316545,-0.326086
2.31715,-0.345205
2.317755,-0.318138
2.31836,-0.313442
2.318965,-0.344022
2.31957,-0.28913
2.320175,-0.249619
2.32078,-0.294403
2.321385,-0.277001
2.32199,-0.306586
2.322595,-0.357515
2.3232,-0.295489
2.323805,-0.332973
2.32441,-0.345538
2.325015,-0.306458
2.32562,-0.358122
2.326225,-0.327573
2.32683,-0.316457
2.327435,-0.360397
2.32804,-0.318472
2.328645,-0.289688
2.32925,-0.325492
2.329855,-0.298013
2.33046,-0.329017
2.331065,-0.383811
2.33167,-0.323841
2.332275,-0.36348
2.33288,-0.380341
2.333485,-0.320972
2.33409,-0.386426
2.334695,-0.375238
2.3353,-0.331935
2.335905,-0.397548
2.33651,-0.35831
2.337115,-0.305573
2.33772,-0.353305
2.338325,-0.324764
2.33893,-0.336146
2.339535,-0.411812
2.34014,-0.34839
2.340745,-0.365367
2.34135,-0.406515
2.341955,-0.33594
2.34256,-0.380317
2.343165,-0.388435
2.34377,-0.327003
2.344375,-0.38031
2.34498,-0.361538
2.345585,-0.317046
2.34619,-0.343354
2.346795,-0.306962
2.3474,-0.312841
2.348005,-0.360058
2.34861,-0.312107
2.349215,-0.315044
2.34982,-0.330267
2.350425,-0.272433
2.35103,-0.300361
2.351635,-0.28765
2.35224,-0.231126
2.352845,-0.264945
2.35345,-0.232728
2.354055,-0.181877
2.35466,-0.176277
2.355265,-0.133004
2.35587,-0.120554
2.356475,-0.133059
2.35708,-0.080012
2.357685,-0.055858
2.35829,-0.049226
2.358895,0.011393
2.3595,0.025761
2.360105,0.050758
2.36071,0.108368
2.361315,0.117093
2.36192,0.15903
2.362525,0.201648
2.36313,0.220262
2.363735,0.276185
2.36434,0.295965
2.364945,0.306571
2.36555,0.352598
2.366155,0.36685
2.36676,0.387048
2.367365,0.427487
2.36797,0.427785
2.368575,0.450416
2.36918,0.478126
2.369785,0.474904
2.37039,0.496128
2.370995,0.50873
2.3716,0.503506
2.372205,0.524474
2.37281,0.529213
2.373415,0.511005
2.37402,0.521611
2.374625,0.518231
2.37523,0.504859
2.375835,0.516223
2.37644,0.502395
2.377045,0.484903
2.37765,0.491158
2.378255,0.481972
2.37886,0.472028
2.379465,0.471979
2.38007,0.451872
2.380675,0.449633
2.38128,0.447079
2.381885,0.421153
2.38249,0.420947
2.383095,0.417282
2.3837,0.395591
2.384305,0.4011
2.38491,0.397606
2.385515,0.37671
2.38612,0.385089
2.386725,0.378275
2.38733,0.370315
2.387935,0.371771
2.38854,0.364569
2.389145,0.373937
2.38975,0.369368
2.390355,0.338267
2.39096,0.353963
2.391565,0.355929
2.39217,0.348138
2.392775,0.37751
2.39338,0.346967
2.393985,0.329954
2.39459,0.399796
2.395195,0.361535
2.3958,0.349892
2.396405,0.395658
2.39701,0.347119
2.397615,0.379416
2.39822,0.405639
2.398825,0.336489
2.39943,0.373694
2.400035,0.39533
2.40064,0.345511
2.401245,0.393856
2.40185,0.388104
2.402455,0.361262
2.40306,0.404795
2.403665,0.386545
2.40427,0.374113
2.404875,0.405311
2.40548,0.382073
2.406085,0.405184
2.40669,0.400433
2.407295,0.356985
2.4079,0.395658
2.408505,0.39408
2.40911,0.355528
2.409715,0.392285
2.41032,0.374707
2.410925,0.364466
2.41153,0.404619
2.412135,0.360061
2.41274,0.359515
2.413345,0.396489
2.41395,0.355019
2.414555,0.36486
2.41516,0.376831
2.415765,0.335081
2.41637,0.348363
2.416975,0.341755
2.41758,0.325556
2.418185,0.348223
2.41879,0.310466
2.419395,0.324093
2.42,0.341112
2.420605,0.306625
2.42121,0.318797
2.421815,0.334335
2.42242,0.297227
2.423025,0.315381
2.42363,0.325725
2.424235,0.291457
2.42484,0.296711
2.425445,0.289127
2.42605,0.281124
2.426655,0.294157
2.42726,0.28653
2.427865,0.277162
2.42847,0.282144
2.429075,0.282659
2.42968,0.277502
2.430285,0.265634
2.43089,0.282319
2.431495,0.275409
2.4321,0.263147
2.432705,0.265901
2.43331,0.251576
2.433915,0.248931
2.43452,0.249537
2.435125,0.228563
2.43573,0.236747
2.436335,0.244162
2.43694,0.225759
2.437545,0.232974
2.43815,0.224685
2.438755,0.223157
2.43936,0.222428
2.439965,0.21954
2.44057,0.18063
2.441175,0.275742
2.44178,0.155566
2.442385,0.11611
2.44299,0.31572
2.443595,0.188512
2.4442,0.02371
2.444805,0.254191
2.44541,0.171839
2.446015,0.127407
2.44662,0.237524
2.447225,0.06879
2.44783,0.156161
2.448435,0.204153
2.44904,0.06566
2.449645,0.191679
2.45025,0.10133
2.450855,0.069294
2.45146,0.218054
2.452065,0.060417
2.45267,0.043945
2.453275,0.172907
2.45388,0.04693
2.454485,0.128135
2.45509,0.124465
2.455695,-0.011141
2.4563,0.125114
2.456905,0.094995
2.45751,0.002583
2.458115,0.141277
2.45872,0.051844
2.459325,0.029923
2.45993,0.102252
2.460535,-0.002465
2.46114,0.045838
2.461745,0.095117
2.46235,-0.024629
2.462955,0.041499
2.46356,0.062292
2.464165,-0.007003
2.46477,0.042197
2.465375,0.012333
2.46598,-0.015849
2.466585,0.061855
2.46719,0.005496
2.467795,-0.014126
2.4684,0.018013
2.469005,-0.028658
2.46961,-0.000359
2.470215,0.004294
2.47082,-0.059122
2.471425,-0.015522
2.47203,-0.02597
2.472635,-0.060384
2.47324,-0.040404
2.473845,-0.080582
2.47445,-0.084593
2.475055,-0.052909
2.47566,-0.09771
2.476265,-0.101405
2.47687,-0.123297
2.477475,-0.173085
2.47808,-0.158584
2.478685,-0.188327
2.47929,-0.229142
2.479895,-0.221764
2.4805,-0.268829
2.481105,-0.293747
2.48171,-0.30533
2.482315,-0.362351
2.48292,-0.371998
2.483525,-0.384242
2.48413,-0.429116
2.484735,-0.432921
2.48534,-0.488443
2.485945,-0.544148
2.48655,-0.541205
2.487155,-0.594161
2.48776,-0.620142
2.488365,-0.62897
2.48897,-0.684158
2.489575,-0.680439
2.49018,-0.700989
2.490785,-0.743861
2.49139,-0.727765
2.491995,-0.728748
2.4926,-0.731423
2.493205,-0.732145
2.49381,-0.763028
2.494415,-0.789694
2.49502,-0.775315
2.495625,-0.782389
2.49623,-0.77975
2.496835,-0.758987
2.49744,-0.77131
2.498045,-0.75613
2.49865,-0.73399
2.499255,-0.732558
2.49986,-0.71543
2.500465,-0.673559
2.50107,-0.64122
2.501675,-0.625833
2.50228,-0.630923
2.502885,-0.630462
2.50349,-0.618042
2.504095,-0.58924
2.5047,-0.584726
2.505305,-0.555597
2.50591,-0.533287
2.506515,-0.533639
2.50712,-0.504164
2.507725,-0.481278
2.50833,-0.478669
2.508935,-0.427891
2.50954,-0.381427
2.510145,-0.400139
2.51075,-0.371537
2.511355,-0.39074
2.51196,-0.424457
2.512565,-0.353274
2.51317,-0.376852
2.513775,-0.390231
2.51438,-0.321548
2.514985,-0.362333
2.51559,-0.360015
2.516195,-0.305293
2.5168,-0.347595
2.517405,-0.312222
2.51801,-0.257125
2.518615,-0.308679
2.51922,-0.277426
2.519825,-0.282565
2.52043,-0.368394
2.521035,-0.294488
2.52164,-0.311149
2.522245,-0.36479
2.52285,-0.284986
2.523455,-0.33898
2.52406,-0.347134
2.524665,-0.294955
2.52527,-0.352947
2.525875,-0.324594
2.52648,-0.263265
2.527085,-0.310797
2.52769,-0.298025
2.528295,-0.299815
2.5289,-0.387652
2.529505,-0.32102
2.53011,-0.334265
2.530715,-0.389824
2.53132,-0.319042
2.531925,-0.368843
2.53253,-0.381014
2.533135,-0.31474
2.53374,-0.391547
2.534345,-0.370742
2.53495,-0.309189
2.535555,-0.357855
2.53616,-0.326038
2.536765,-0.325401
2.53737,-0.408669
2.537975,-0.349446
2.53858,-0.356496
2.539185,-0.412213
2.53979,-0.341485
2.540395,-0.381318
2.541,-0.400454
2.541605,-0.332712
2.54221,-0.387027
2.542815,-0.377805
2.54342,-0.319091
2.544025,-0.342669
2.54463,-0.320735
2.545235,-0.316585
2.54584,-0.37414
2.546445,-0.333179
2.54705,-0.325613
2.547655,-0.36155
2.54826,-0.309996
2.548865,-0.32068
2.54947,-0.326808
2.550075,-0.273834
2.55068,-0.303364
2.551285,-0.280266
2.55189,-0.234196
2.552495,-0.250493
2.5531,-0.19744
2.553705,-0.176544
2.55431,-0.203143
2.554915,-0.156849
2.55552,-0.13221
2.556125,-0.135316
2.55673,-0.072258
2.557335,-0.061816
2.55794,-0.044967
2.558545,0.017284
2.55915,0.025742
2.559755,0.058961
2.56036,0.111213
2.560965,0.126085
2.56157,0.183549
2.562175,0.219413
2.56278,0.219801
2.563385,0.265956
2.56399,0.293641
2.564595,0.306698
2.5652,0.355783
2.565805,0.370478
2.56641,0.387503
2.567015,0.42733
2.56762,0.42918
2.568225,0.452503
2.56883,0.478684
2.569435,0.47383
2.57004,0.500126
2.570645,0.516569
2.57125,0.502043
2.571855,0.5151
2.57246,0.519287
2.573065,0.509045
2.57367,0.522982
2.574275,0.516993
2.57488,0.503184
2.575485,0.515015
2.57609,0.498834
2.576695,0.486444
2.5773,0.493112
2.577905,0.479891
2.57851,0.476366
2.579115,0.471852
2.57972,0.451235
2.580325,0.442122
2.58093,0.441479
2.581535,0.423889
2.58214,0.417907
2.582745,0.418301
2.58335,0.40499
2.583955,0.396696
2.58456,0.395367
2.585165,0.385246
2.58577,0.383001
2.586375,0.376194
2.58698,0.377826
2.587585,0.36614
2.58819,0.357258
2.588795,0.358847
2.5894,0.364466
2.590005,0.340597
2.59061,0.35426
2.591215,0.363076
2.59182,0.349686
2.592425,0.379476
2.59303,0.357482
2.593635,0.327679
2.59424,0.391198
2.594845,0.37711
2.59545,0.347331
2.596055,0.394372
2.59666,0.353059
2.597265,0.361681
2.59787,0.400833
2.598475,0.346409
2.59908,0.373621
2.599685,0.404577
2.60029,0.354133
2.600895,0.389827
2.6015,0.399122
2.602105,0.367924
2.60271,0.406919
2.603315,0.393292
2.60392,0.376752
2.604525,0.409382
2.60513,0.377001
2.605735,0.385532
2.60634,0.395664
2.606945,0.353399
2.60755,0.38754
2.608155,0.40056
2.60876,0.355504
2.609365,0.389318
2.60997,0.382019
2.610575,0.357694
2.61118,0.402648
2.611785,0.373184
2.61239,0.356311
2.612995,0.39206
2.6136,0.355844
2.614205,0.347368
2.61481,0.361183
2.615415,0.333807
2.61602,0.344546
2.616625,0.344455
2.61723,0.331459
2.617835,0.347143
2.61844,0.317541
2.619045,0.327855
2.61965,0.343503
2.620255,0.307912
2.62086,0.321236
2.621465,0.341828
2.62207,0.291657
2.622675,0.301953
2.62328,0.314179
2.623885,0.280924
2.62449,0.294357
2.625095,0.29051
2.6257,0.279917
2.626305,0.297476
2.62691,0.289491
2.627515,0.277775
2.62812,0.286852
2.628725,0.286925
2.62933,0.279808
2.629935,0.273989
2.63054,0.280141
2.631145,0.268164
2.63175,0.255204
2.632355,0.2541
2.63296,0.253427
2.633565,0.253779
2.63417,0.25143
2.634775,0.236359
2.63538,0.242924
2.635985,0.248069
2.63659,0.231099
2.637195,0.237967
2.6378,0.226014
2.638405,0.232664
2.63901,0.218824
2.639615,0.217666
2.64022,0.171317
2.640825,0.256909
2.64143,0.165061
2.642035,0.106445
2.64264,0.302858
2.643245,0.210051
2.64385,0.022794
2.644455,0.237609
2.64506,0.195034
2.645665,0.115485
2.64627,0.236007
2.646875,0.085882
2.64748,0.140009
2.648085,0.208006
2.64869,0.064646
2.649295,0.171887
2.6499,0.108065
2.650505,0.060751
2.65111,0.210542
2.651715,0.082181
2.65232,0.036682
2.652925,0.16852
2.65353,0.060066
2.654135,0.121103
2.65474,0.132929
2.655345,-0.005025
2.65595,0.112827
2.656555,0.108277
2.65716,0.001667
2.657765,0.122074
2.65837,0.057487
2.658975,0.018383
2.65958,0.096112
2.660185,0.013602
2.66079,0.032617
2.661395,0.098818
2.662,-0.012112
2.662605,0.030809
2.66321,0.070301
2.663815,-0.004716
2.66442,0.034667
2.665025,0.03485
2.66563,-0.009618
2.666235,0.052451
2.66684,0.009245
2.667445,-0.023968
2.66805,0.021034
2.668655,-0.018416
2.66926,-0.009624
2.669865,0.01274
2.67047,-0.055621
2.671075,-0.020558
2.67168,-0.014691
2.672285,-0.068472
2.67289,-0.041703
2.673495,-0.050634
2.6741,-0.081298
2.674705,-0.066409
2.67531,-0.115518
2.675915,-0.118898
2.67652,-0.123078
2.677125,-0.171933
2.67773,-0.169403
2.678335,-0.182083
2.67894,-0.229184
2.679545,-0.230768
2.68015,-0.262919
2.680755,-0.297867
2.68136,-0.293432
2.681965,-0.325431
2.68257,-0.36348
2.683175,-0.381482
2.68378,-0.4658
2.684385,-0.465806
2.68499,-0.48811
2.685595,-0.553085
2.6862,-0.55368
2.686805,-0.589477
2.68741,-0.638944
2.688015,-0.625499
2.68862,-0.67942
2.689225,-0.697361
2.68983,-0.689546
2.690435,-0.709999
2.69104,-0.712341
2.691645,-0.729257
2.69225,-0.784677
2.692855,-0.772772
2.69346,-0.770018
2.694065,-0.798935
2.69467,-0.773883
2.695275,-0.781898
2.69588,-0.785957
2.696485,-0.75295
2.69709,-0.766359
2.697695,-0.75451
2.6983,-0.715642
2.698905,-0.678152
2.69951,-0.67533
2.700115,-0.658615
2.70072,-0.681489
2.701325,-0.670137
2.70193,-0.633502
2.702535,-0.634703
2.70314,-0.611544
2.703745,-0.583986
2.70435,-0.589423
2.704955,-0.545956
2.70556,-0.528251
2.706165,-0.534197
2.70677,-0.48379
2.707375,-0.434383
2.70798,-0.433752
2.708585,-0.414512
2.70919,-0.428309
2.709795,-0.454011
2.7104,-0.393131
2.711005,-0.405527
2.71161,-0.41163
2.712215,-0.358662
2.71282,-0.383793
2.713425,-0.37863
2.71403,-0.321445
2.714635,-0.362418
2.71524,-0.344568
2.715845,-0.258362
2.71645,-0.290077
2.717055,-0.289446
2.71766,-0.281188
2.718265,-0.366792
2.71887,-0.304347
2.719475,-0.294773
2.72008,-0.368619
2.720685,-0.291739
2.72129,-0.319825
2.721895,-0.36371
2.7225,-0.280381
2.723105,-0.339034
2.72371,-0.345156
2.724315,-0.26503
2.72492,-0.29578
2.725525,-0.307284
2.72613,-0.276546
2.726735,-0.368867
2.72734,-0.339926
2.727945,-0.31269
2.72855,-0.382883
2.729155,-0.321372
2.72976,-0.337505
2.730365,-0.38599
2.73097,-0.319388
2.731575,-0.362309
2.73218,-0.372751
2.732785,-0.297946
2.73339,-0.334999
2.733995,-0.335303
2.7346,-0.305597
2.735205,-0.395703
2.73581,-0.36496
2.736415,-0.335964
2.73702,-0.410126
2.737625,-0.349943
2.73823,-0.360149
2.738835,-0.411533
2.73944,-0.340454
2.740045,-0.380529
2.74065,-0.396067
2.741255,-0.328798
2.74186,-0.356866
2.742465,-0.340132
2.74307,-0.311652
2.743675,-0.381269
2.74428,-0.36064
2.744885,-0.330855
2.74549,-0.378599
2.746095,-0.332494
2.7467,-0.329436
2.747305,-0.36041
2.74791,-0.307769
2.748515,-0.320298
2.74912,-0.322124
2.749725,-0.273737
2.75033,-0.280951
2.750935,-0.237029
2.75154,-0.222674
2.752145,-0.257458
2.75275,-0.222771
2.753355,-0.191925
2.75396,-0.205801
2.754565,-0.158305
2.75517,-0.135261
2.755775,-0.134806
2.75638,-0.072306
2.756985,-0.062101
2.75759,-0.042831
2.758195,0.018286
2.7588,0.023206
2.759405,0.076921
2.76001,0.132704
2.760615,0.11449
2.76122,0.164885
2.761825,0.212454
2.76243,0.210949
2.763035,0.270057
2.76364,0.295122
2.764245,0.303264
2.76485,0.363519
2.765455,0.370727
2.76606,0.388207
2.766665,0.436394
2.76727,0.426935
2.767875,0.461337
2.76848,0.500557
2.769085,0.475219
2.76969,0.499119
2.770295,0.517691
2.7709,0.496734
2.771505,0.526076
2.77211,0.523807
2.772715,0.507377
2.77332,0.532338
2.773925,0.513735
2.77453,0.506121
2.775135,0.524213
2.77574,0.49489
2.776345,0.486966
2.77695,0.496346
2.777555,0.477895
2.77816,0.470566
2.778765,0.466525
2.77937,0.444452
2.779975,0.444519
2.78058,0.44052
2.781185,0.423064
2.78179,0.420783
2.782395,0.416894
2.783,0.400306
2.783605,0.403746
2.78421,0.393401
2.784815,0.386363
2.78542,0.384197
2.786025,0.374713
2.78663,0.369229
2.787235,0.360716
2.78784,0.35656
2.788445,0.362227
2.78905,0.365139
2.789655,0.347265
2.79026,0.357609
2.790865,0.362906
2.79147,0.357646
2.792075,0.375696
2.79268,0.360376
2.793285,0.334857
2.79389,0.386648
2.794495,0.375162
2.7951,0.33871
2.795705,0.373834
2.79631,0.354248
2.796915,0.357761
2.79752,0.398625
2.798125,0.355243
2.79873,0.359757
2.799335,0.411403
2.79994,0.359727
2.800545,0.384227
2.80115,0.408448
2.801755,0.37026
2.80236,0.398279
2.802965,0.403734
2.80357,0.36284
2.804175,0.386751
2.80478,0.386994
2.805385,0.384597
2.80599,0.394906
2.806595,0.369617
2.8072,0.383833
2.807805,0.411457
2.80841,0.369702
2.809015,0.37995
2.80962,0.39695
2.810225,0.370345
2.81083,0.399978
2.811435,0.37509
2.81204,0.34411
2.812645,0.385653
2.81325,0.35224
2.813855,0.33459
2.81446,0.37245
2.815065,0.339662
2.81567,0.334347
2.816275,0.360904
2.81688,0.330452
2.817485,0.343655
2.81809,0.333959
2.818695,0.322528
2.8193,0.343242
2.819905,0.324488
2.82051,0.300352
2.821115,0.323966
2.82172,0.2923
2.822325,0.294582
2.82293,0.324906
2.823535,0.284303
2.82414,0.284607
2.824745,0.312517
2.82535,0.279528
2.825955,0.293459
2.82656,0.307517
2.827165,0.26882
2.82777,0.293659
2.828375,0.300449
2.82898,0.254276
2.829585,0.268
2.83019,0.277223
2.830795,0.247135
2.8314,0.26308
2.832005,0.259203
2.83261,0.24506
2.833215,0.266999
2.83382,0.247104
2.834425,0.23554
2.83503,0.256618
2.835635,0.241146
2.83624,0.238113
2.836845,0.250945
2.83745,0.20979
2.838055,0.228993
2.83866,0.215427
2.839265,0.208922
2.83987,0.181995
2.840475,0.256042
2.84108,0.174939
2.841685,0.112378
2.84229,0.299599
2.842895,0.226936
2.8435,0.033648
2.844105,0.222841
2.84471,0.210615
2.845315,0.121024
2.84592,0.234327
2.846525,0.091962
2.84713,0.123579
2.847735,0.202236
2.84834,0.070228
2.848945,0.167943
2.84955,0.115218
2.850155,0.05665
2.85076,0.204967
2.851365,0.094552
2.85197,0.034631
2.852575,0.163672
2.85318,0.066096
2.853785,0.117602
2.85439,0.140707
2.854995,-0.000924
2.8556,0.096894
2.856205,0.107409
2.85681,0.002802
2.857415,0.114763
2.85802,0.064343
2.858625,0.01618
2.85923,0.092138
2.859835,0.018777
2.86044,0.029571
2.861045,0.090281
2.86165,-0.002738
2.862255,0.025342
2.86286,0.063585
2.863465,0.011084
2.86407,0.023018
2.864675,0.01598
2.86528,-0.007434
2.865885,0.036087
2.86649,0.010544
2.867095,-0.019623
2.8677,0.00606
2.868305,-0.015734
2.86891,-0.011687
2.869515,0.002923
2.87012,-0.042722
2.870725,-0.029088
2.87133,-0.010656
2.871935,-0.037152
2.87254,-0.052151
2.873145,-0.071863
2.87375,-0.082803
2.874355,-0.079709
2.87496,-0.1101
2.875565,-0.118867
2.87617,-0.135625
2.876775,-0.162486
2.87738,-0.170197
2.877985,-0.188242
2.87859,-0.218354
2.879195,-0.237515
2.8798,-0.246992
2.880405,-0.266292
2.88101,-0.309419
2.881615,-0.350787
2.88222,-0.376961
2.882825,-0.401953
2.88343,-0.44767
2.884035,-0.47126
2.88464,-0.49894
2.885245,-0.532935
2.88585,-0.557199
2.886455,-0.590745
2.88706,-0.621428
2.887665,-0.635444
2.88827,-0.632744
2.888875,-0.656861
2.88948,-0.68974
2.890085,-0.72444
2.89069,-0.750948
2.891295,-0.745888
2.8919,-0.77145
2.892505,-0.778263
2.89311,-0.773543
2.893715,-0.789173
2.89432,-0.78137
2.894925,-0.777863
2.89553,-0.78285
2.896135,-0.755656
2.89674,-0.723044
2.897345,-0.715096
2.89795,-0.712881
2.898555,-0.711346
2.89916,-0.731557
2.899765,-0.682751
2.90037,-0.681562
2.900975,-0.67399
2.90158,-0.635407
2.902185,-0.633642
2.90279,-0.610367
2.903395,-0.583246
2.904,-0.58017
2.904605,-0.545185
2.90521,-0.480768
2.905815,-0.47677
2.90642,-0.469307
2.907025,-0.450207
2.90763,-0.490512
2.908235,-0.448593
2.90884,-0.42797
2.909445,-0.45446
2.91005,-0.396432
2.910655,-0.401473
2.91126,-0.411691
2.911865,-0.357697
2.91247,-0.370949
2.913075,-0.376731
2.91368,-0.290896
2.914285,-0.296368
2.91489,-0.325128
2.915495,-0.279064
2.9161,-0.343245
2.916705,-0.335849
2.91731,-0.292874
2.917915,-0.359961
2.91852,-0.313145
2.919125,-0.294542
2.91973,-0.359038
2.920335,-0.301253
2.92094,-0.30783
2.921545,-0.357546
2.92215,-0.262694
2.922755,-0.267172
2.92336,-0.31431
2.923965,-0.266905
2.92457,-0.336765
2.925175,-0.359184
2.92578,-0.293341
2.926385,-0.365439
2.92699,-0.347444
2.927595,-0.314091
2.9282,-0.385116
2.928805,-0.329199
2.92941,-0.330698
2.930015,-0.385692
2.93062,-0.315365
2.931225,-0.31235
2.93183,-0.342571
2.932435,-0.296417
2.93304,-0.369153
2.933645,-0.393907
2.93425,-0.324054
2.934855,-0.396419
2.93546,-0.371434
2.936065,-0.334289
2.93667,-0.410568
2.937275,-0.35484
2.93788,-0.349543
2.938485,-0.411424
2.93909,-0.339756
2.939695,-0.335406
2.9403,-0.354973
2.940905,-0.308582
2.94151,-0.36115
2.942115,-0.394903
2.94272,-0.324824
2.943325,-0.376822
2.94393,-0.371015
2.944535,-0.32213
2.94514,-0.378053
2.945745,-0.338185
2.94635,-0.316627
2.946955,-0.362151
2.94756,-0.310172
2.948165,-0.297012
2.94877,-0.293238
2.949375,-0.252968
2.94998,-0.284962
2.950585,-0.283366
2.95119,-0.231739
2.951795,-0.259351
2.9524,-0.23078
2.953005,-0.181792
2.95361,-0.205546
2.954215,-0.158742
2.95482,-0.122071
2.955425,-0.13477
2.95603,-0.068484
2.956635,-0.051604
2.95724,-0.022536
2.957845,0.049375
2.95845,0.035341
2.959055,0.060812
2.95966,0.120606
2.960265,0.117857
2.96087,0.164801
2.961475,0.211871
2.96208,0.216282
2.962685,0.269002
2.96329,0.295643
2.963895,0.307117
2.9645,0.362008
2.965105,0.371122
2.96571,0.392545
2.966315,0.443172
2.96692,0.436297
2.967525,0.451575
2.96813,0.483034
2.968735,0.474673
2.96934,0.497299
2.969945,0.512042
2.97055,0.500514
2.971155,0.520076
2.97176,0.519026
2.972365,0.514251
2.97297,0.528916
2.973575,0.514051
2.97418,0.512855
2.974785,0.522193
2.97539,0.501958
2.975995,0.491389
2.9766,0.488634
2.977205,0.480079
2.97781,0.47596
2.978415,0.465609
2.97902,0.452497
2.979625,0.448699
2.98023,0.442462
2.980835,0.429083
2.98144,0.42463
2.982045,0.417561
2.98265,0.40971
2.983255,0.404128
2.98386,0.39408
2.984465,0.381242
2.98507,0.37171
2.985675,0.371194
2.98628,0.369926
2.986885,0.356845
2.98749,0.360255
2.988095,0.36415
2.9887,0.364168
2.989305,0.349643
2.98991,0.356651
2.990515,0.363762
2.99112,0.359193
2.991725,0.380987
2.99233,0.351724
2.992935,0.327048
2.99354,0.380235
2.994145,0.367008
2.99475,0.337508
2.995355,0.382565
2.99596,0.354552
2.996565,0.362257
2.99717,0.405281
2.997775,0.355261
2.99838,0.368549
2.998985,0.410681
2.99959,0.362469
3.000195,0.39027
3.0008,0.401531
3.001405,0.358963
3.00201,0.390689
3.002615,0.385762
3.00322,0.362415
3.003825,0.394402
3.00443,0.379555
3.005035,0.386235
3.00564,0.401392
3.006245,0.36429
3.00685,0.391823
3.007455,0.411828
3.00806,0.365576
3.008665,0.395986
3.00927,0.389111
3.009875,0.354812
3.01048,0.395658
3.011085,0.363701
3.01169,0.343812
3.012295,0.385968
3.0129,0.354831
3.013505,0.347762
3.01411,0.374004
3.014715,0.343412
3.01532,0.348988
3.015925,0.358568
3.01653,0.338649
3.017135,0.357069
3.01774,0.326696
3.018345,0.321569
3.01895,0.338588
3.019555,0.300679
3.02016,0.304878
3.020765,0.332175
3.02137,0.288247
3.021975,0.301189
3.02258,0.324846
3.023185,0.288842
3.02379,0.299078
3.024395,0.305624
3.025,0.286227
3.025605,0.3052
3.02621,0.301984
3.026815,0.270889
3.02742,0.281755
3.028025,0.278533
3.02863,0.262279
3.029235,0.263802
3.02984,0.273752
3.030445,0.260981
3.03105,0.260034
3.031655,0.259816
3.03226,0.254956
3.032865,0.260538
3.03347,0.253779
3.034075,0.239247
3.03468,0.252881
3.035285,0.241965
3.03589,0.226663
3.036495,0.229066
3.0371,0.209329
3.037705,0.222204
3.03831,0.210815
3.038915,0.2078
3.03952,0.178404
3.040125,0.266156
3.04073,0.153103
3.041335,0.125193
3.04194,0.318663
3.042545,0.191242
3.04315,0.037216
3.043755,0.255872
3.04436,0.174514
3.044965,0.128099
3.04557,0.226227
3.046175,0.070374
3.04678,0.153509
3.047385,0.193426
3.04799,0.066794
3.048595,0.188293
3.0492,0.096075
3.049805,0.077885
3.05041,0.221585
3.051015,0.064064
3.05162,0.056886
3.052225,0.175206
3.05283,0.050103
3.053435,0.134294
3.05404,0.11375
3.054645,-0.010437
3.05525,0.122802
3.055855,0.084444
3.05646,0.005562
3.057065,0.134931
3.05767,0.040389
3.058275,0.031221
3.05888,0.099831
3.059485,-0.002604
3.06009,0.053288
3.060695,0.088855
3.0613,-0.007913
3.061905,0.046311
3.06251,0.039455
3.063115,0.008475
3.06372,0.041348
3.064325,-0.003551
3.06493,-0.001118
3.065535,0.048999
3.06614,-0.007003
3.066745,-0.00508
3.06735,0.008784
3.067955,-0.02796
3.06856,0.004422
3.069165,-0.001094
3.06977,-0.039749
3.070375,-0.010286
3.07098,-0.039925
3.071585,-0.054541
3.07219,-0.046138
3.072795,-0.085272
3.0734,-0.078258
3.074005,-0.079496
3.07461,-0.122981
3.075215,-0.109797
3.07582,-0.138544
3.076425,-0.171174
3.07703,-0.163171
3.077635,-0.180475
3.07824,-0.196627
3.078845,-0.217444
3.07945,-0.273725
3.080055,-0.289452
3.08066,-0.313491
3.081265,-0.366161
3.08187,-0.368867
3.082475,-0.403385
3.08308,-0.465035
3.083685,-0.46273
3.08429,-0.500972
3.084895,-0.540975
3.0855,-0.553607
3.086105,-0.578477
3.08671,-0.588179
3.087315,-0.618267
3.08792,-0.674311
3.088525,-0.692252
3.08913,-0.70301
3.089735,-0.742411
3.09034,-0.740628
3.090945,-0.753035
3.09155,-0.780084
3.092155,-0.767233
3.09276,-0.778512
3.093365,-0.785132
3.09397,-0.772129
3.094575,-0.752847
3.09518,-0.726569
3.095785,-0.735683
3.09639,-0.742618
3.096995,-0.758714
3.0976,-0.74138
3.098205,-0.713385
3.09881,-0.723384
3.099415,-0.689643
3.10002,-0.681355
3.100625,-0.667176
3.10123,-0.641875
3.101835,-0.623139
3.10244,-0.609184
3.103045,-0.559965
3.10365,-0.51983
3.104255,-0.524247
3.10486,-0.500821
3.105465,-0.529592
3.10607,-0.514484
3.106675,-0.463628
3.10728,-0.486289
3.107885,-0.453271
3.10849,-0.431465
3.109095,-0.445802
3.1097,-0.39935
3.110305,-0.394532
3.11091,-0.40407
3.111515,-0.336019
3.11212,-0.304662
3.112725,-0.342553
3.11333,-0.288535
3.113935,-0.344471
3.11454,-0.379534
3.115145,-0.289628
3.11575,-0.344276
3.116355,-0.339483
3.11696,-0.29507
3.117565,-0.361429
3.11817,-0.310985
3.118775,-0.291351
3.11938,-0.36149
3.119985,-0.28481
3.12059,-0.25528
3.121195,-0.319515
3.1218,-0.257622
3.122405,-0.314486
3.12301,-0.37161
3.123615,-0.289324
3.12422,-0.343275
3.124825,-0.355914
3.12543,-0.297564
3.126035,-0.366647
3.12664,-0.341898
3.127245,-0.31431
3.12785,-0.379109
3.128455,-0.319255
3.12906,-0.284337
3.129665,-0.334769
3.13027,-0.297442
3.130875,-0.333398
3.13148,-0.397014
3.132085,-0.321572
3.13269,-0.373436
3.133295,-0.394375
3.1339,-0.325522
3.134505,-0.399611
3.13511,-0.373011
3.135715,-0.33304
3.13632,-0.409501
3.136925,-0.355634
3.13753,-0.329096
3.138135,-0.368115
3.13874,-0.322058
3.139345,-0.355277
3.13995,-0.405933
3.140555,-0.339629
3.14116,-0.373782
3.141765,-0.392203
3.14237,-0.329126
3.142975,-0.380359
3.14358,-0.368091
3.144185,-0.325868
3.14479,-0.37832
3.145395,-0.336765
3.146,-0.308685
3.146605,-0.319333
3.14721,-0.282037
3.147815,-0.297109
3.14842,-0.323599
3.149025,-0.276583
3.14963,-0.288184
3.150235,-0.288165
3.15084,-0.23223
3.151445,-0.25727
3.15205,-0.232643
3.152655,-0.178922
3.15326,-0.201159
3.153865,-0.158548
3.15447,-0.120008
3.155075,-0.117891
3.15568,-0.046459
3.156285,-0.039791
3.15689,-0.042776
3.157495,0.024468
3.1581,0.033454
3.158705,0.059058
3.15931,0.124531
3.159915,0.120618
3.16052,0.166609
3.161125,0.21792
3.16173,0.219601
3.162335,0.273073
3.16294,0.302451
3.163545,0.312675
3.16415,0.379998
3.164755,0.390076
3.16536,0.389008
3.165965,0.436437
3.16657,0.434441
3.167175,0.450392
3.16778,0.488264
3.168385,0.473181
3.16899,0.494101
3.169595,0.515567
3.1702,0.496601
3.170805,0.521756
3.17141,0.522266
3.172015,0.507019
3.17262,0.529225
3.173225,0.519384
3.17383,0.504052
3.174435,0.510914
3.17504,0.496692
3.175645,0.480801
3.17625,0.488228
3.176855,0.473697
3.17746,0.464547
3.178065,0.466349
3.17867,0.445756
3.179275,0.445265
3.17988,0.442935
3.180485,0.422767
3.18109,0.427087
3.181695,0.417786
3.1823,0.402508
3.182905,0.394985
3.18351,0.389202
3.184115,0.383681
3.18472,0.377535
3.185325,0.373646
3.18593,0.374628
3.186535,0.362791
3.18714,0.361292
3.187745,0.369186
3.18835,0.362791
3.188955,0.352774
3.18956,0.363076
3.190165,0.361189
3.19077,0.355152
3.191375,0.370042
3.19198,0.339784
3.192585,0.333449
3.19319,0.383365
3.193795,0.362075
3.1944,0.347653
3.195005,0.380556
3.19561,0.352294
3.196215,0.376339
3.19682,0.39803
3.197425,0.353023
3.19803,0.387455
3.198635,0.400906
3.19924,0.354734
3.199845,0.383833
3.20045,0.384676
3.201055,0.365121
3.20166,0.397484
3.202265,0.381806
3.20287,0.372978
3.203475,0.39911
3.20408,0.381557
3.204685,0.394542
3.20529,0.401028
3.205895,0.365461
3.2065,0.401944
3.207105,0.405803
3.20771,0.356117
3.208315,0.386624
3.20892,0.368331
3.209525,0.352646
3.21013,0.39652
3.210735,0.358386
3.21134,0.350414
3.211945,0.385271
3.21255,0.353235
3.213155,0.354697
3.21376,0.371413
3.214365,0.34255
3.21497,0.35875
3.215575,0.352859
3.21618,0.33391
3.216785,0.344116
3.21739,0.308245
3.217995,0.324166
3.2186,0.33752
3.219205,0.296833
3.21981,0.318912
3.220415,0.332472
3.22102,0.287507
3.221625,0.314592
3.22223,0.321824
3.222835,0.291232
3.22344,0.311552
3.224045,0.302245
3.22465,0.282222
3.225255,0.299587
3.22586,0.28147
3.226465,0.266302
3.22707,0.283575
3.227675,0.276768
3.22828,0.266599
3.228885,0.268249
3.22949,0.273922
3.230095,0.267376
3.2307,0.26558
3.231305,0.261332
3.23191,0.262194
3.232515,0.267291
3.23312,0.252013
3.233725,0.235158
3.23433,0.242269
3.234935,0.234763
3.23554,0.229527
3.236145,0.229278
3.23675,0.217599
3.237355,0.227392
3.23796,0.210433
3.238565,0.215142
3.23917,0.182117
3.239775,0.265464
3.24038,0.157599
3.240985,0.131042
3.24159,0.317996
3.242195,0.185587
3.2428,0.024638
3.243405,0.242481
3.24401,0.174448
3.244615,0.119259
3.24522,0.220402
3.245825,0.072819
3.24643,0.148231
3.247035,0.191181
3.24764,0.070271
3.248245,0.181807
3.24885,0.094662
3.249455,0.083831
3.25006,0.21607
3.250665,0.06748
3.25127,0.052712
3.251875,0.157532
3.25248,0.051717
3.253085,0.134809
3.25369,0.110212
3.254295,-0.006117
3.2549,0.120751
3.255505,0.087047
3.25611,0.010647
3.256715,0.132728
3.25732,0.046371
3.257925,0.030135
3.25853,0.096591
3.259135,0.011745
3.25974,0.048422
3.260345,0.080962
3.26095,-0.013611
3.261555,0.037422
3.26216,0.051595
3.262765,0.001637
3.26337,0.031531
3.263975,0.011187
3.26458,-0.00795
3.265185,0.048149
3.26579,0.002462
3.266395,-0.017312
3.267,0.016623
3.267605,-0.009115
3.26821,0.003772
3.268815,-0.003891
3.26942,-0.049566
3.270025,-0.019023
3.27063,-0.032559
3.271235,-0.058339
3.27184,-0.046101
3.272445,-0.075079
3.27305,-0.085649
3.273655,-0.077846
3.27426,-0.117454
3.274865,-0.119134
3.27547,-0.128484
3.276075,-0.153767
3.27668,-0.159579
3.277285,-0.190517
3.27789,-0.229488
3.278495,-0.235088
3.2791,-0.27216
3.279705,-0.295149
3.28031,-0.317252
3.280915,-0.359578
3.28152,-0.376488
3.282125,-0.406109
3.28273,-0.457348
3.283335,-0.470065
3.28394,-0.482528
3.284545,-0.506512
3.28515,-0.540101
3.285755,-0.585624
3.28636,-0.628782
3.286965,-0.638677
3.28757,-0.672788
3.288175,-0.699236
3.28878,-0.705279
3.289385,-0.739645
3.28999,-0.745621
3.290595,-0.74985
3.2912,-0.77472
3.291805,-0.77222
3.29241,-0.759279
3.293015,-0.746015
3.29362,-0.749638
3.294225,-0.759224
3.29483,-0.7781
3.295435,-0.762628
3.29604,-0.750147
3.296645,-0.758441
3.29725,-0.736089
3.297855,-0.72083
3.29846,-0.718033
3.299065,-0.68235
3.29967,-0.677654
3.300275,-0.659385
3.30088,-0.613395
3.301485,-0.569157
3.30209,-0.569995
3.302695,-0.554899
3.3033,-0.567392
3.303905,-0.571105
3.30451,-0.50957
3.305115,-0.532529
3.30572,-0.507744
3.306325,-0.467396
3.30693,-0.485052
3.307535,-0.451432
3.30814,-0.426908
3.308745,-0.447434
3.30935,-0.382428
3.309955,-0.343136
3.31056,-0.364481
3.311165,-0.335703
3.31177,-0.349373
3.312375,-0.40245
3.31298,-0.32011
3.313585,-0.344653
3.31419,-0.377265
3.314795,-0.30044
3.3154,-0.340369
3.316005,-0.339908
3.31661,-0.295197
3.317215,-0.35126
3.31782,-0.308855
3.318425,-0.234293
3.31903,-0.303849
3.319635,-0.279695
3.32024,-0.274053
3.320845,-0.378842
3.32145,-0.294263
3.322055,-0.311191
3.32266,-0.373879
3.323265,-0.293935
3.32387,-0.344137
3.324475,-0.358237
3.32508,-0.297976
3.325685,-0.35791
3.32629,-0.345126
3.326895,-0.281054
3.3275,-0.327627
3.328105,-0.305967
3.32871,-0.302047
3.329315,-0.388538
3.32992,-0.336911
3.330525,-0.341103
3.33113,-0.39449
3.331735,-0.324909
3.33234,-0.370688
3.332945,-0.393701
3.33355,-0.326693
3.334155,-0.387021
3.33476,-0.371452
3.335365,-0.312841
3.33597,-0.349549
3.336575,-0.328695
3.33718,-0.324151
3.337785,-0.404313
3.33839,-0.359681
3.338995,-0.354821
3.3396,-0.404629
3.340205,-0.343051
3.34081,-0.366362
3.341415,-0.396438
3.34202,-0.328471
3.342625,-0.369395
3.34323,-0.368764
3.343835,-0.318757
3.34444,-0.337718
3.345045,-0.308206
3.34565,-0.301859
3.346255,-0.349925
3.34686,-0.318575
3.347465,-0.303273
3.34807,-0.32656
3.348675,-0.278876
3.34928,-0.284889
3.349885,-0.288614
3.35049,-0.231611
3.351095,-0.252265
3.3517,-0.23027
3.352305,-0.178394
3.35291,-0.177533
3.353515,-0.128011
3.35412,-0.104348
3.354725,-0.122168
3.35533,-0.071918
3.355935,-0.043802
3.35654,-0.040143
3.357145,0.022175
3.35775,0.036112
3.358355,0.058063
3.35896,0.125557
3.359565,0.126036
3.36017,0.164625
3.360775,0.219923
3.36138,0.223326
3.361985,0.282744
3.36259,0.315223
3.363195,0.309131
3.3638,0.362767
3.364405,0.381127
3.36501,0.386508
3.365615,0.435308
3.36622,0.43475
3.366825,0.448869
3.36743,0.488489
3.368035,0.477859
3.36864,0.495679
3.369245,0.515513
3.36985,0.501042
3.370455,0.519742
3.37106,0.532514
3.371665,0.516065
3.37227,0.517012
3.372875,0.519742
3.37348,0.504604
3.374085,0.512267
3.37469,0.502365
3.375295,0.483058
3.3759,0.487997
3.376505,0.479054
3.37711,0.469571
3.377715,0.465469
3.37832,0.447643
3.378925,0.446393
3.37953,0.441309
3.380135,0.421493
3.38074,0.417076
3.381345,0.409479
3.38195,0.399493
3.382555,0.393583
3.38316,0.387067
3.383765,0.381733
3.38437,0.377984
3.384975,0.370933
3.38558,0.372147
3.386185,0.368233
3.38679,0.35636
3.387395,0.368434
3.388,0.373476
3.388605,0.344
3.38921,0.349352
3.389815,0.360752
3.39042,0.348733
3.391025,0.373154
3.39163,0.352076
3.392235,0.330149
3.39284,0.386721
3.393445,0.373099
3.39405,0.345147
3.394655,0.388474
3.39526,0.357561
3.395865,0.377055
3.39647,0.404553
3.397075,0.347786
3.39768,0.371643
3.398285,0.394675
3.39889,0.350201
3.399495,0.384719
3.4001,0.389305
3.400705,0.366116
3.40131,0.402083
3.401915,0.384628
3.40252,0.37606
3.403125,0.405912
3.40373,0.38072
3.404335,0.399626
3.40494,0.407404
3.405545,0.360425
3.40615,0.391623
3.406755,0.393668
3.40736,0.354545
3.407965,0.390865
3.40857,0.375745
3.409175,0.356663
3.40978,0.399347
3.410385,0.370387
3.41099,0.357561
3.411595,0.383814
3.4122,0.359685
3.412805,0.364271
3.41341,0.371916
3.414015,0.338691
3.41462,0.351415
3.415225,0.334602
3.41583,0.324002
3.416435,0.347362
3.41704,0.305843
3.417645,0.322328
3.41825,0.343812
3.418855,0.294424
3.41946,0.319792
3.420065,0.338206
3.42067,0.287725
3.421275,0.318845
3.42188,0.325283
3.422485,0.286463
3.42309,0.309738
3.423695,0.28619
3.4243,0.27135
3.424905,0.304896
3.42551,0.279492
3.426115,0.275621
3.42672,0.290256
3.427325,0.273146
3.42793,0.281009
3.428535,0.272569
3.42914,0.269475
3.429745,0.279541
3.43035,0.268704
3.430955,0.257789
3.43156,0.260192
3.432165,0.248033
3.43277,0.243955
3.433375,0.234387
3.43398,0.233677
3.434585,0.23864
3.43519,0.231912
3.435795,0.222119
3.4364,0.227385
3.437005,0.223375
3.43761,0.212793
3.438215,0.218181
3.43882,0.185187
3.439425,0.269863
3.44003,0.145015
3.440635,0.134803
3.44124,0.313221
3.441845,0.161166
3.44245,0.033175
3.443055,0.263171
3.44366,0.156834
3.444265,0.137236
3.44487,0.223812
3.445475,0.063439
3.44608,0.166214
3.446685,0.186971
3.44729,0.070805
3.447895,0.189622
3.4485,0.084238
3.449105,0.08874
3.44971,0.207715
3.450315,0.041414
3.45092,0.056819
3.451525,0.161645
3.45213,0.043945
3.452735,0.136429
3.45334,0.101354
3.453945,-0.006694
3.45455,0.130957
3.455155,0.077103
3.45576,0.014135
3.456365,0.140616
3.45697,0.039485
3.457575,0.044345
3.45818,0.091592
3.458785,-0.009005
3.45939,0.06177
3.459995,0.079875
3.4606,-0.019326
3.461205,0.051523
3.46181,0.042009
3.462415,0.005192
3.46302,0.046802
3.463625,-0.00434
3.46423,0.001
3.464835,0.058719
3.46544,-0.007622
3.466045,0.001072
3.46665,0.012473
3.467255,-0.034167
3.46786,0.014603
3.468465,-0.0096
3.46907,-0.056106
3.469675,-0.003921
3.47028,-0.038402
3.470885,-0.058339
3.47149,-0.040447
3.472095,-0.089441
3.4727,-0.07534
3.473305,-0.068812
3.47391,-0.108541
3.474515,-0.092802
3.47512,-0.136147
3.475725,-0.180451
3.47633,-0.154167
3.476935,-0.203495
3.47754,-0.232085
3.478145,-0.223329
3.47875,-0.28279
3.479355,-0.296083
3.47996,-0.31269
3.480565,-0.375517
3.48117,-0.37161
3.481775,-0.402711
3.48238,-0.445504
3.482985,-0.439807
3.48359,-0.49371
3.484195,-0.544075
3.4848,-0.553674
3.485405,-0.600811
3.48601,-0.62883
3.486615,-0.63048
3.48722,-0.687314
3.487825,-0.696591
3.48843,-0.703604
3.489035,-0.746634
3.48964,-0.739171
3.490245,-0.74286
3.49085,-0.734366
3.491455,-0.732437
3.49206,-0.758763
3.492665,-0.780047
3.49327,-0.78427
3.493875,-0.777475
3.49448,-0.77776
3.495085,-0.762506
3.49569,-0.759285
3.496295,-0.760504
3.4969,-0.738455
3.497505,-0.720308
3.49811,-0.714568
3.498715,-0.681107
3.49932,-0.633623
3.499925,-0.617951
3.50053,-0.61948
3.501135,-0.608031
3.50174,-0.621082
3.502345,-0.579569
3.50295,-0.569309
3.503555,-0.564389
3.50416,-0.517645
3.504765,-0.530781
3.50537,-0.505031
3.505975,-0.46617
3.50658,-0.476345
3.507185,-0.439358
3.50779,-0.375432
3.508395,-0.388319
3.509,-0.366398
3.509605,-0.368716
3.51021,-0.419803
3.510815,-0.361872
3.51142,-0.35541
3.512025,-0.396899
3.51263,-0.317944
3.513235,-0.350137
3.51384,-0.372647
3.514445,-0.29652
3.51505,-0.337608
3.515655,-0.332657
3.51626,-0.260632
3.516865,-0.29709
3.51747,-0.285835
3.518075,-0.262519
3.51868,-0.36351
3.519285,-0.313454
3.51989,-0.29271
3.520495,-0.373327
3.5211,-0.292012
3.521705,-0.321336
3.52231,-0.364105
3.522915,-0.295586
3.52352,-0.337366
3.524125,-0.349246
3.52473,-0.27381
3.525335,-0.293929
3.52594,-0.310505
3.526545,-0.284804
3.52715,-0.369365
3.527755,-0.348663
3.52836,-0.313994
3.528965,-0.389017
3.52957,-0.340381
3.530175,-0.343918
3.53078,-0.39429
3.531385,-0.327864
3.53199,-0.368103
3.532595,-0.390473
3.5332,-0.321305
3.533805,-0.342838
3.53441,-0.33708
3.535015,-0.313248
3.53562,-0.389776
3.536225,-0.374947
3.53683,-0.344076
3.537435,-0.407389
3.53804,-0.358741
3.538645,-0.360579
3.53925,-0.402523
3.539855,-0.341728
3.54046,-0.368995
3.541065,-0.390043
3.54167,-0.326347
3.542275,-0.337681
3.54288,-0.324351
3.543485,-0.305209
3.54409,-0.353535
3.544695,-0.346412
3.5453,-0.313757
3.545905,-0.350847
3.54651,-0.321354
3.547115,-0.302958
3.54772,-0.325747
3.548325,-0.281461
3.54893,-0.282486
3.549535,-0.287195
3.55014,-0.232206
3.550745,-0.241847
3.55135,-0.203295
3.551955,-0.162298
3.55256,-0.188224
3.553165,-0.161127
3.55377,-0.118546
3.554375,-0.125863
3.55498,-0.073502
3.555585,-0.043875
3.55619,-0.041072
3.556795,0.023006
3.5574,0.042883
3.558005,0.059768
3.55861,0.125108
3.559215,0.134367
3.55982,0.179842
3.560425,0.242451
3.56103,0.23
3.561635,0.267473
3.56224,0.311661
3.562845,0.308682
3.56345,0.359296
3.564055,0.386254
3.56466,0.385635
3.565265,0.434271
3.56587,0.440878
3.566475,0.447995
3.56708,0.490109
3.567685,0.48068
3.56829,0.493676
3.568895,0.525263
3.5695,0.505969
3.570105,0.512103
3.57071,0.525852
3.571315,0.506733
3.57192,0.522351
3.572525,0.519778
3.57313,0.499647
3.573735,0.517612
3.57434,0.501097
3.574945,0.481032
3.57555,0.496279
3.576155,0.473302
3.57676,0.469328
3.577365,0.467817
3.57797,0.447576
3.578575,0.442832
3.57918,0.433045
3.579785,0.422452
3.58039,0.419618
3.580995,0.411864
3.5816,0.403631
3.582205,0.39456
3.58281,0.391738
3.583415,0.385301
3.58402,0.378493
3.584625,0.371765
3.58523,0.378026
3.585835,0.367335
3.58644,0.356002
3.587045,0.367305
3.58765,0.357961
3.588255,0.337102
3.58886,0.358799
3.589465,0.35588
3.59007,0.354005
3.590675,0.376606
3.59128,0.339062
3.591885,0.339122
3.59249,0.396016
3.593095,0.359739
3.5937,0.358423
3.594305,0.391047
3.59491,0.345086
3.595515,0.378827
3.59612,0.386417
3.596725,0.33942
3.59733,0.38609
3.597935,0.389245
3.59854,0.355383
3.599145,0.398813
3.59975,0.384555
3.600355,0.37438
3.60096,0.407878
3.601565,0.381539
3.60217,0.386436
3.602775,0.407465
3.60338,0.374774
3.603985,0.397848
3.60459,0.385398
3.605195,0.349977
3.6058,0.401744
3.606405,0.388759
3.60701,0.357179
3.607615,0.398455
3.60822,0.369502
3.608825,0.367766
3.60943,0.406913
3.610035,0.360152
3.61064,0.366814
3.611245,0.393929
3.61185,0.350705
3.612455,0.357652
3.61306,0.358028
3.613665,0.328456
3.61427,0.35099
3.614875,0.335973
3.61548,0.334432
3.616085,0.346761
3.61669,0.308257
3.617295,0.33456
3.6179,0.340378
3.618505,0.298374
3.61911,0.32996
3.619715,0.3357
3.62032,0.28684
3.620925,0.313627
3.62153,0.308294
3.622135,0.274432
3.62274,0.2979
3.623345,0.286391
3.62395,0.275166
3.624555,0.300564
3.62516,0.283557
3.625765,0.273182
3.62637,0.287871
3.626975,0.283078
3.62758,0.27337
3.628185,0.276349
3.62879,0.279607
3.629395,0.264202
3.63,0.258281
3.630605,0.250793
3.63121,0.251364
3.631815,0.256236
3.63242,0.245939
3.633025,0.235109
3.63363,0.246765
3.634235,0.240655
3.63484,0.231985
3.635445,0.236662
3.63605,0.221658
3.636655,0.233319
3.63726,0.218145
3.637865,0.215154
3.63847,0.176929
3.639075,0.256248
3.63968,0.150955
3.640285,0.116941
3.64089,0.3056
3.641495,0.190453
3.6421,0.026015
3.642705,0.241783
3.64331,0.185545
3.643915,0.120217
3.64452,0.227294
3.645125,0.082582
3.64573,0.1484
3.646335,0.197589
3.64694,0.073444
3.647545,0.173125
3.64815,0.092483
3.648755,0.078152
3.64936,0.204845
3.649965,0.069282
3.65057,0.049854
3.651175,0.156937
3.65178,0.054999
3.652385,0.133948
3.65299,0.114441
3.653595,-0.006427
3.6542,0.120448
3.654805,0.093042
3.65541,0.009822
3.656015,0.128056
3.65662,0.039891
3.657225,0.026446
3.65783,0.092447
3.658435,0.001716
3.65904,0.043247
3.659645,0.084329
3.66025,-0.015382
3.660855,0.039546
3.66146,0.052591
3.662065,0.000302
3.66267,0.037677
3.663275,0.012588
3.66388,-0.00218
3.664485,0.053573
3.66509,-0.005656
3.665695,-0.013671
3.6663,0.011872
3.666905,-0.028002
3.66751,-0.000232
3.668115,0.001576
3.66872,-0.052509
3.669325,-0.016129
3.66993,-0.032001
3.670535,-0.060366
3.67114,-0.041466
3.671745,-0.065784
3.67235,-0.073799
3.672955,-0.070183
3.67356,-0.124013
3.674165,-0.117672
3.67477,-0.133484
3.675375,-0.180221
3.67598,-0.167473
3.676585,-0.19096
3.67719,-0.233741
3.677795,-0.234232
3.6784,-0.271128
3.679005,-0.295932
3.67961,-0.307575
3.680215,-0.341795
3.68082,-0.355628
3.681425,-0.390073
3.68203,-0.467675
3.682635,-0.471697
3.68324,-0.497569
3.683845,-0.557508
3.68445,-0.559213
3.685055,-0.59913
3.68566,-0.640346
3.686265,-0.629886
3.68687,-0.686106
3.687475,-0.70071
3.68808,-0.702003
3.688685,-0.720296
3.68929,-0.707196
3.689895,-0.736344
3.6905,-0.775005
3.691105,-0.774168
3.69171,-0.776698
3.692315,-0.792067
3.69292,-0.7754
3.693525,-0.781667
3.69413,-0.782899
3.694735,-0.757416
3.69534,-0.762494
3.695945,-0.74681
3.69655,-0.730422
3.697155,-0.684717
3.69776,-0.660884
3.698365,-0.661382
3.69897,-0.658924
3.699575,-0.667267
3.70018,-0.644247
3.700785,-0.608674
3.70139,-0.61749
3.701995,-0.583452
3.7026,-0.568678
3.703205,-0.557939
3.70381,-0.521104
3.704415,-0.52
3.70502,-0.502089
3.705625,-0.437192
3.70623,-0.418031
3.706835,-0.423996
3.70744,-0.401298
3.708045,-0.442398
3.70865,-0.407802
3.709255,-0.38315
3.70986,-0.411606
3.710465,-0.365094
3.71107,-0.358717
3.711675,-0.388605
3.71228,-0.31883
3.712885,-0.345993
3.71349,-0.363753
3.714095,-0.265212
3.7147,-0.270673
3.715305,-0.304074
3.71591,-0.261875
3.716515,-0.345077
3.71712,-0.332427
3.717725,-0.273519
3.71833,-0.365087
3.718935,-0.313697
3.71954,-0.296751
3.720145,-0.372569
3.72075,-0.291715
3.721355,-0.319309
3.72196,-0.36121
3.722565,-0.282541
3.72317,-0.284658
3.723775,-0.315644
3.72438,-0.275387
3.724985,-0.342632
3.72559,-0.363146
3.726195,-0.30749
3.7268,-0.373412
3.727405,-0.346764
3.72801,-0.322052
3.728615,-0.386511
3.72922,-0.340606
3.729825,-0.344367
3.73043,-0.3842
3.731035,-0.326517
3.73164,-0.321566
3.732245,-0.340581
3.73285,-0.311889
3.733455,-0.363759
3.73406,-0.386784
3.734665,-0.336668
3.73527,-0.389054
3.735875,-0.378964
3.73648,-0.349519
3.737085,-0.403118
3.73769,-0.363304
3.738295,-0.359269
3.7389,-0.395976
3.739505,-0.344653
3.74011,-0.343463
3.740715,-0.34839
3.74132,-0.311045
3.741925,-0.352103
3.74253,-0.372326
3.743135,-0.327197
3.74374,-0.357673
3.744345,-0.346139
3.74495,-0.312951
3.745555,-0.350247
3.74616,-0.319437
3.746765,-0.297994
3.74737,-0.32051
3.747975,-0.278694
3.74858,-0.268489
3.749185,-0.246646
3.74979,-0.20696
3.750395,-0.234469
3.751,-0.226096
3.751605,-0.183618
3.75221,-0.185348
3.752815,-0.163014
3.75342,-0.121458
3.754025,-0.120918
3.75463,-0.075552
3.755235,-0.044166
3.75584,-0.035132
3.756445,0.017928
3.75705,0.042604
3.757655,0.076696
3.75826,0.134931
3.758865,0.14328
3.75947,0.164345
3.760075,0.215154
3.76068,0.233574
3.761285,0.263832
3.76189,0.304781
3.762495,0.318736
3.7631,0.354005
3.763705,0.384634
3.76431,0.395197
3.764915,0.426741
3.76552,0.44302
3.766125,0.455167
3.76673,0.493622
3.767335,0.495685
3.76794,0.486135
3.768545,0.512892
3.76915,0.509221
3.769755,0.505666
3.77036,0.525773
3.770965,0.511017
3.77157,0.511126
3.772175,0.521477
3.77278,0.504749
3.773385,0.50606
3.77399,0.502668
3.774595,0.481402
3.7752,0.488088
3.775805,0.482009
3.77641,0.461034
3.777015,0.456386
3.77762,0.448007
3.778225,0.434471
3.77883,0.437195
3.779435,0.421086
3.78004,0.413981
3.780645,0.415304
3.78125,0.402302
3.781855,0.392436
3.78246,0.395998
3.783065,0.384324
3.78367,0.382795
3.784275,0.37242
3.78488,0.369726
3.785485,0.354891
3.78609,0.350662
3.786695,0.368549
3.7873,0.360843
3.787905,0.340918
3.78851,0.358131
3.789115,0.359236
3.78972,0.354454
3.790325,0.378269
3.79093,0.344607
3.791535,0.335949
3.79214,0.398073
3.792745,0.359782
3.79335,0.342295
3.793955,0.377262
3.79456,0.337502
3.795165,0.369544
3.79577,0.387352
3.796375,0.337017
3.79698,0.381527
3.797585,0.391975
3.79819,0.350177
3.798795,0.393965
3.7994,0.386927
3.800005,0.368949
3.80061,0.409759
3.801215,0.376594
3.80182,0.369477
3.802425,0.392903
3.80303,0.361705
3.803635,0.3897
3.80424,0.388511
3.804845,0.348496
3.80545,0.397254
3.806055,0.393292
3.80666,0.354412
3.807265,0.395973
3.80787,0.372299
3.808475,0.360212
3.80908,0.406622
3.809685,0.358574
3.81029,0.34795
3.810895,0.374829
3.8115,0.33422
3.812105,0.342872
3.81271,0.355468
3.813315,0.323499
3.81392,0.343242
3.814525,0.334984
3.81513,0.326842
3.815735,0.342289
3.81634,0.305685
3.816945,0.323893
3.81755,0.340081
3.818155,0.293568
3.81876,0.308427
3.819365,0.31842
3.81997,0.265137
3.820575,0.295164
3.82118,0.301498
3.821785,0.266708
3.82239,0.292082
3.822995,0.279771
3.8236,0.264469
3.824205,0.292561
3.82481,0.27476
3.825415,0.261247
3.82602,0.277623
3.826625,0.269948
3.82723,0.254713
3.827835,0.246613
3.82844,0.246455
3.829045,0.239605
3.82965,0.238149
3.830255,0.230522
3.83086,0.231208
3.831465,0.234011
3.83207,0.229024
3.832675,0.212975
3.83328,0.223763
3.833885,0.220396
3.83449,0.213455
3.835095,0.209954
3.8357,0.202934
3.836305,0.196266
3.83691,0.184507
3.837515,0.178604
3.83812,0.15539
3.838725,0.23534
3.83933,0.10565
3.839935,0.117068
3.84054,0.293672
3.841145,0.124301
3.84175,0.012036
3.842355,0.242554
3.84296,0.125927
3.843565,0.113507
3.84417,0.192055
3.844775,0.028673
3.84538,0.129755
3.845985,0.138183
3.84659,0.035432
3.847195,0.14223
3.8478,0.034079
3.848405,0.060745
3.84901,0.168678
3.849615,-0.002077
3.85022,0.028279
3.850825,0.117966
3.85143,0.00265
3.852035,0.104952
3.85264,0.04747
3.853245,-0.048474
3.85385,0.087132
3.854455,0.006436
3.85506,-0.03106
3.855665,0.08391
3.85627,-0.040647
3.856875,-0.011214
3.85748,0.033842
3.858085,-0.070589
3.85869,0.005574
3.859295,-0.002592
3.8599,-0.085066
3.860505,-0.007367
3.86111,-0.039973
3.861715,-0.058988
3.86232,-0.031297
3.862925,-0.103444
3.86353,-0.071384
3.864135,-0.033402
3.86474,-0.10848
3.865345,-0.086692
3.86595,-0.091661
3.866555,-0.125675
3.86716,-0.074667
3.867765,-0.11266
3.86837,-0.150363
3.868975,-0.100131
3.86958,-0.135189
3.870185,-0.135395
3.87079,-0.128575
3.871395,-0.187131
3.872,-0.155496
3.872605,-0.160939
3.87321,-0.213209
3.873815,-0.177333
3.87442,-0.211735
3.875025,-0.245815
3.87563,-0.213852
3.876235,-0.255638
3.87684,-0.267633
3.877445,-0.258211
3.87805,-0.303765
3.878655,-0.28427
3.87926,-0.303649
3.879865,-0.361896
3.88047,-0.345836
3.881075,-0.372302
3.88168,-0.41592
3.882285,-0.392548
3.88289,-0.430931
3.883495,-0.461911
3.8841,-0.448835
3.884705,-0.494753
3.88531,-0.505395
3.885915,-0.505153
3.88652,-0.541994
3.887125,-0.515837
3.88773,-0.543857
3.888335,-0.595083
3.88894,-0.59262
3.889545,-0.614438
3.89015,-0.635001
3.890755,-0.63298
3.89136,-0.658402
3.891965,-0.66848
3.89257,-0.664907
3.893175,-0.683242
3.89378,-0.683212
3.894385,-0.681628
3.89499,-0.680275
3.895595,-0.654349
3.8962,-0.670343
3.896805,-0.677199
3.89741,-0.688812
3.898015,-0.690013
3.89862,-0.671095
3.899225,-0.679565
3.89983,-0.660496
3.900435,-0.661394
3.90104,-0.653961
3.901645,-0.634631
3.90225,-0.62994
3.902855,-0.62019
3.90346,-0.593136
3.904065,-0.555105
3.90467,-0.543535
3.905275,-0.550834
3.90588,-0.574885
3.906485,-0.545974
3.90709,-0.520018
3.907695,-0.544566
3.9083,-0.517743
3.908905,-0.50744
3.90951,-0.518701
3.910115,-0.466225
3.91072,-0.484766
3.911325,-0.491999
3.91193,-0.441779
3.912535,-0.43539
3.91314,-0.426944
3.913745,-0.410356
3.91435,-0.453653
3.914955,-0.454557
3.91556,-0.4174
3.916165,-0.444018
3.91677,-0.430099
3.917375,-0.420865
3.91798,-0.44187
3.918585,-0.413396
3.91919,-0.418219
3.919795,-0.424232
3.9204,-0.405071
3.921005,-0.393537
3.92161,-0.375463
3.922215,-0.382622
3.92282,-0.40478
3.923425,-0.411315
3.92403,-0.400211
3.924635,-0.411145
3.92524,-0.400873
3.925845,-0.393125
3.92645,-0.403646
3.927055,-0.383514
3.92766,-0.377022
3.928265,-0.387094
3.92887,-0.368958
3.929475,-0.350241
3.93008,-0.326317
3.930685,-0.323132
3.93129,-0.326365
3.931895,-0.32568
3.9325,-0.298274
3.933105,-0.289148
3.93371,-0.28049
3.934315,-0.25062
3.93492,-0.237934
3.935525,-0.221709
3.93613,-0.191415
3.936735,-0.17328
3.93734,-0.149514
3.937945,-0.117866
3.93855,-0.081037
3.939155,-0.047479
3.93976,-0.037528
3.940365,-0.021347
3.94097,0.018759
3.941575,0.038799
3.94218,0.061054
3.942785,0.104103
3.94339,0.119059
3.943995,0.146641
3.9446,0.183397
3.945205,0.196412
3.94581,0.227094
3.946415,0.253245
3.94702,0.267551
3.947625,0.301905
3.94823,0.314555
3.948835,0.316479
3.94944,0.344959
3.950045,0.353508
3.95065,0.357215
3.951255,0.381782
3.95186,0.382316
3.952465,0.38686
3.95307,0.404262
3.953675,0.398431
3.95428,0.404286
3.954885,0.411087
3.95549,0.402617
3.956095,0.413077
3.9567,0.415614
3.957305,0.395798
3.95791,0.40286
3.958515,0.400749
3.95912,0.385847
3.959725,0.395961
3.96033,0.388966
3.960935,0.376394
3.96154,0.385422
3.962145,0.373178
3.96275,0.368598
3.963355,0.373063
3.96396,0.361031
3.964565,0.358465
3.96517,0.357349
3.965775,0.351202
3.96638,0.343066
3.966985,0.341397
3.96759,0.346688
3.968195,0.343187
3.9688,0.344795
3.969405,0.343891
3.97001,0.345141
3.970615,0.348872
3.97122,0.34809
3.971825,0.350086
3.97243,0.352847
3.973035,0.350832
3.97364,0.353975
3.974245,0.358192
3.97485,0.353156
3.975455,0.361802
3.97606,0.361007
3.976665,0.363568
3.97727,0.37606
3.977875,0.3704
3.97848,0.375472
3.979085,0.383772
3.97969,0.38015
3.980295,0.396677
3.9809,0.397084
3.981505,0.385161
3.98211,0.404262
3.982715,0.396338
3.98332,0.375272
3.983925,0.39695
3.98453,0.398655
3.985135,0.385805
3.98574,0.404674
3.986345,0.392333
3.98695,0.392473
3.987555,0.419891
3.98816,0.396708
3.988765,0.397442
3.98937,0.41713
3.989975,0.399092
3.99058,0.395215
3.991185,0.404019
3.99179,0.380235
3.992395,0.381206
3.993,0.386272
3.993605,0.379294
3.99421,0.391453
3.994815,0.381121
3.99542,0.361214
3.996025,0.389718
3.99663,0.379039
3.997235,0.359721
3.99784,0.377407
3.998445,0.369805
3.99905,0.353235
3.999655,0.355274
4.00026,0.338898
4.000865,0.332842
4.00147,0.34289
4.002075,0.321145
4.00268,0.324676
4.003285,0.339031
4.00389,0.317541
4.004495,0.322928
4.0051,0.329499
4.005705,0.315811
4.00631,0.324894
4.006915,0.325986
4.00752,0.311752
4.008125,0.31609
4.00873,0.302718
4.009335,0.293872
4.00994,0.301978
4.010545,0.300758
4.01115,0.299296
4.011755,0.295795
4.01236,0.290814
4.012965,0.303349
4.01357,0.293787
4.014175,0.285832
4.01478,0.301832
4.015385,0.293429
4.01599,0.286597
4.016595,0.283084
4.0172,0.273558
4.017805,0.267485
4.01841,0.268249
4.019015,0.260944
4.01962,0.266811
4.020225,0.258547
4.02083,0.253439
4.021435,0.255465
4.02204,0.260143
4.022645,0.241413
4.02325,0.252559
4.023855,0.240527
4.02446,0.243573
4.025065,0.228132
4.02567,0.239993
4.026275,0.196672
4.02688,0.214134
4.027485,0.266799
4.02809,0.103763
4.028695,0.229988
4.0293,0.326284
4.029905,0.06532
4.03051,0.162289
4.031115,0.266514
4.03172,0.119775
4.032325,0.262224
4.03293,0.152502
4.033535,0.097944
4.03414,0.264281
4.034745,0.102131
4.03535,0.149104
4.035955,0.217532
4.03656,0.028885
4.037165,0.220984
4.03777,0.197036
4.038375,0.014342
4.03898,0.208783
4.039585,0.137661
4.04019,0.076957
4.040795,0.242548
4.0414,0.058403
4.042005,0.090821
4.04261,0.219953
4.043215,0.04267
4.04382,0.132983
4.044425,0.182517
4.04503,0.03187
4.045635,0.162101
4.04624,0.118543
4.046845,0.052669
4.04745,0.199051
4.048055,0.075234
4.04866,0.057001
4.049265,0.18998
4.04987,0.062656
4.050475,0.109782
4.05108,0.167804
4.051685,0.048137
4.05229,0.13177
4.052895,0.132358
4.0535,0.040626
4.054105,0.141641
4.05471,0.08968
4.055315,0.047106
4.05592,0.136684
4.056525,0.045419
4.05713,0.043841
4.057735,0.10025
4.05834,0.001048
4.058945,0.04625
4.05955,0.055946
4.060155,-0.049099
4.06076,-0.015771
4.061365,-0.066991
4.06197,-0.128988
4.062575,-0.093287
4.06318,-0.179923
4.063785,-0.23618
4.06439,-0.230234
4.064995,-0.311931
4.0656,-0.348621
4.066205,-0.369407
4.06681,-0.46182
4.067415,-0.452943
4.06802,-0.494723
4.068625,-0.58833
4.06923,-0.593579
4.069835,-0.67189
4.07044,-0.716443
4.071045,-0.716989
4.07165,-0.789027
4.072255,-0.802126
4.07286,-0.815651
4.073465,-0.863498
4.07407,-0.853032
4.074675,-0.876822
4.07528,-0.900843
4.075885,-0.838215
4.07649,-0.852607
4.077095,-0.885971
4.0777,-0.868146
4.078305,-0.934092
4.07891,-0.867836
4.079515,-0.839271
4.08012,-0.903803
4.080725,-0.805791
4.08133,-0.813557
4.081935,-0.827033
4.08254,-0.721843
4.083145,-0.768501
4.08375,-0.726691
4.084355,-0.609797
4.08496,-0.640862
4.085565,-0.604427
4.08617,-0.545835
4.086775,-0.645473
4.08738,-0.543226
4.087985,-0.511439
4.08859,-0.564965
4.089195,-0.457682
4.0898,-0.476454
4.090405,-0.488097
4.09101,-0.38804
4.091615,-0.448508
4.09222,-0.395194
4.092825,-0.316269
4.09343,-0.326996
4.094035,-0.30533
4.09464,-0.295786
4.095245,-0.383411
4.09585,-0.335005
4.096455,-0.296647
4.09706,-0.376433
4.097665,-0.30357
4.09827,-0.302648
4.098875,-0.363043
4.09948,-0.295355
4.100085,-0.303904
4.10069,-0.350568
4.101295,-0.242939
4.1019,-0.24911
4.102505,-0.297357
4.10311,-0.239614
4.103715,-0.326693
4.10432,-0.363971
4.104925,-0.262379
4.10553,-0.355477
4.106135,-0.347704
4.10674,-0.294287
4.107345,-0.364499
4.10795,-0.323253
4.108555,-0.304074
4.10916,-0.365755
4.109765,-0.271759
4.11037,-0.250111
4.110975,-0.306938
4.11158,-0.249219
4.112185,-0.300913
4.11279,-0.38744
4.113395,-0.279786
4.114,-0.338852
4.114605,-0.364341
4.11521,-0.281091
4.115815,-0.360215
4.11642,-0.332129
4.117025,-0.281127
4.11763,-0.365876
4.118235,-0.29237
4.11884,-0.231083
4.119445,-0.292807
4.12005,-0.253879
4.120655,-0.273725
4.12126,-0.351527
4.121865,-0.273883
4.12247,-0.30843
4.123075,-0.351976
4.12368,-0.258326
4.124285,-0.324491
4.12489,-0.322343
4.125495,-0.262949
4.1261,-0.326487
4.126705,-0.290313
4.12731,-0.216121
4.127915,-0.260892
4.12852,-0.238091
4.129125,-0.235865
4.12973,-0.32116
4.130335,-0.269047
4.13094,-0.269636
4.131545,-0.326129
4.13215,-0.251124
4.132755,-0.288954
4.13336,-0.312326
4.133965,-0.241713
4.13457,-0.307077
4.135175,-0.286163
4.13578,-0.228208
4.136385,-0.259703
4.13699,-0.233686
4.137595,-0.234293
4.1382,-0.315681
4.138805,-0.276959
4.13941,-0.2814
4.140015,-0.332785
4.14062,-0.273458
4.141225,-0.302885
4.14183,-0.336613
4.142435,-0.270279
4.14304,-0.319327
4.143645,-0.319922
4.14425,-0.264939
4.144855,-0.29112
4.14546,-0.283063
4.146065,-0.262846
4.14667,-0.330855
4.147275,-0.320966
4.14788,-0.283791
4.148485,-0.34276
4.14909,-0.302296
4.149695,-0.295331
4.1503,-0.336031
4.150905,-0.279944
4.15151,-0.290343
4.152115,-0.313078
4.15272,-0.256227
4.153325,-0.266875
4.15393,-0.24263
4.154535,-0.213452
4.15514,-0.248618
4.155745,-0.227061
4.15635,-0.189091
4.156955,-0.205358
4.15756,-0.160611
4.158165,-0.132313
4.15877,-0.141954
4.159375,-0.077288
4.15998,-0.055081
4.160585,-0.043717
4.16119,0.022581
4.161795,0.044023
4.1624,0.097786
4.163005,0.158697
4.16361,0.152478
4.164215,0.196454
4.16482,0.249732
4.165425,0.261496
4.16603,0.319367
4.166635,0.360018
4.16724,0.375921
4.167845,0.439968
4.16845,0.457782
4.169055,0.482306
4.16966,0.537592
4.170265,0.539886
4.17087,0.572801
4.171475,0.620867
4.17208,0.605328
4.172685,0.624932
4.17329,0.650184
4.173895,0.637789
4.1745,0.661767
4.175105,0.6696
4.17571,0.650882
4.176315,0.669897
4.17692,0.662659
4.177525,0.646338
4.17813,0.657781
4.178735,0.635532
4.17934,0.627037
4.179945,0.636357
4.18055,0.605334
4.181155,0.58294
4.18176,0.583959
4.182365,0.561977
4.18297,0.554132
4.183575,0.544418
4.18418,0.515889
4.184785,0.513068
4.18539,0.510962
4.185995,0.48881
4.1866,0.476111
4.187205,0.459869
4.18781,0.455094
4.188415,0.460779
4.18902,0.432366
4.189625,0.412046
4.19023,0.410954
4.190835,0.415874
4.19144,0.40633
4.192045,0.381527
4.19265,0.394536
4.193255,0.397144
4.19386,0.386587
4.194465,0.3843
4.19507,0.383177
4.195675,0.38737
4.19628,0.395603
4.196885,0.365273
4.19749,0.392873
4.198095,0.39152
4.1987,0.345808
4.199305,0.406112
4.19991,0.383742
4.200515,0.344377
4.20112,0.410705
4.201725,0.395537
4.20233,0.367251
4.202935,0.421772
4.20354,0.350644
4.204145,0.383699
4.20475,0.451174
4.205355,0.361614
4.20596,0.37009
4.206565,0.430649
4.20717,0.353526
4.207775,0.362797
4.20838,0.419042
4.208985,0.360825
4.20959,0.386794
4.210195,0.394487
4.2108,0.348775
4.211405,0.392703
4.21201,0.395203
4.212615,0.344832
4.21322,0.394347
4.213825,0.375581
4.21443,0.335718
4.215035,0.368385
4.21564,0.351184
4.216245,0.340912
4.21685,0.348108
4.217455,0.311637
4.21806,0.338157
4.218665,0.355049
4.21927,0.30088
4.219875,0.334596
4.22048,0.328359
4.221085,0.295892
4.22169,0.335834
4.222295,0.316612
4.2229,0.289697
4.223505,0.321618
4.22411,0.281676
4.224715,0.27209
4.22532,0.301213
4.225925,0.276913
4.22653,0.276398
4.227135,0.282993
4.22774,0.267752
4.228345,0.280123
4.22895,0.270622
4.229555,0.260562
4.23016,0.274232
4.230765,0.264961
4.23137,0.255156
4.231975,0.259245
4.23258,0.237008
4.233185,0.240813
4.23379,0.240594
4.234395,0.222974
4.235,0.224419
4.235605,0.245806
4.23621,0.194603
4.236815,0.246564
4.23742,0.183027
4.238025,0.222416
4.23863,0.241073
4.239235,0.096573
4.23984,0.260544
4.240445,0.301389
4.24105,0.029249
4.241655,0.149353
4.24226,0.250199
4.242865,0.105449
4.24347,0.225371
4.244075,0.139105
4.24468,0.067632
4.245285,0.235146
4.24589,0.099479
4.246495,0.137097
4.2471,0.172172
4.247705,0.03329
4.24831,0.192334
4.248915,0.175036
4.24952,0.00498
4.250125,0.152356
4.25073,0.104169
4.251335,0.057038
4.25194,0.193002
4.252545,0.02209
4.25315,0.042689
4.253755,0.158211
4.25436,0.009075
4.254965,0.078547
4.25557,0.13649
4.256175,-0.011074
4.25678,0.099236
4.257385,0.072043
4.25799,-0.013095
4.258595,0.116152
4.2592,0.016793
4.259805,-0.002356
4.26041,0.102046
4.261015,-0.022997
4.26162,0.016126
4.262225,0.073098
4.26283,-0.041836
4.263435,0.046365
4.26404,0.02695
4.264645,-0.0478
4.26525,0.053677
4.265855,-0.006348
4.26646,-0.033111
4.267065,0.036439
4.26767,-0.066257
4.268275,-0.033026
4.26888,-0.006136
4.269485,-0.097201
4.27009,-0.044748
4.270695,-0.062465
4.2713,-0.134758
4.271905,-0.069394
4.27251,-0.126737
4.273115,-0.167285
4.27372,-0.116744
4.274325,-0.178049
4.27493,-0.194946
4.275535,-0.18573
4.27614,-0.269739
4.276745,-0.259054
4.27735,-0.280472
4.277955,-0.345654
4.27856,-0.327743
4.279165,-0.380341
4.27977,-0.430542
4.280375,-0.410399
4.28098,-0.48362
4.281585,-0.504103
4.28219,-0.495663
4.282795,-0.539203
4.2834,-0.538366
4.284005,-0.567974
4.28461,-0.657596
4.285215,-0.64446
4.28582,-0.658117
4.286425,-0.717141
4.28703,-0.704072
4.287635,-0.731296
4.28824,-0.756967
4.288845,-0.729415
4.28945,-0.766869
4.290055,-0.765837
4.29066,-0.745038
4.291265,-0.736878
4.29187,-0.723827
4.292475,-0.729652
4.29308,-0.754898
4.293685,-0.747223
4.29429,-0.7268
4.294895,-0.730331
4.2955,-0.714095
4.296105,-0.688369
4.29671,-0.688515
4.297315,-0.670422
4.29792,-0.635583
4.298525,-0.646547
4.29913,-0.603766
4.299735,-0.53663
4.30034,-0.552472
4.300945,-0.526364
4.30155,-0.518422
4.302155,-0.563891
4.30276,-0.498133
4.303365,-0.496131
4.30397,-0.506281
4.304575,-0.429553
4.30518,-0.487843
4.305785,-0.440177
4.30639,-0.395418
4.306995,-0.452051
4.3076,-0.37428
4.308205,-0.330061
4.30881,-0.367551
4.309415,-0.316536
4.31002,-0.335691
4.310625,-0.380001
4.31123,-0.325832
4.311835,-0.35285
4.31244,-0.353408
4.313045,-0.304511
4.31365,-0.36064
4.314255,-0.325431
4.31486,-0.301635
4.315465,-0.354391
4.31607,-0.305755
4.316675,-0.286357
4.31728,-0.282365
4.317885,-0.264824
4.31849,-0.306398
4.319095,-0.351739
4.3197,-0.303758
4.320305,-0.331923
4.32091,-0.353875
4.321515,-0.315274
4.32212,-0.354955
4.322725,-0.348839
4.32333,-0.316203
4.323935,-0.363716
4.32454,-0.346206
4.325145,-0.31636
4.32575,-0.318144
4.326355,-0.30337
4.32696,-0.323095
4.327565,-0.371798
4.32817,-0.354257
4.328775,-0.353347
4.32938,-0.38767
4.329985,-0.354973
4.33059,-0.367508
4.331195,-0.388356
4.3318,-0.349391
4.332405,-0.376797
4.33301,-0.380905
4.333615,-0.345605
4.33422,-0.339677
4.334825,-0.341971
4.33543,-0.347134
4.336035,-0.366343
4.33664,-0.389903
4.337245,-0.360719
4.33785,-0.374013
4.338455,-0.386208
4.33906,-0.35393
4.339665,-0.368752
4.34027,-0.3732
4.340875,-0.350198
4.34148,-0.367011
4.342085,-0.354421
4.34269,-0.316063
4.343295,-0.319303
4.3439,-0.31613
4.344505,-0.307029
4.34511,-0.332093
4.345715,-0.30661
4.34632,-0.289506
4.346925,-0.299056
4.34753,-0.263247
4.348135,-0.258532
4.34874,-0.247016
4.349345,-0.212293
4.34995,-0.205388
4.350555,-0.181094
4.35116,-0.139594
4.351765,-0.108516
4.35237,-0.08165
4.352975,-0.066609
4.35358,-0.053249
4.354185,-0.008101
4.35479,0.010835
4.355395,0.041135
4.356,0.093849
4.356605,0.098775
4.35721,0.14388
4.357815,0.191643
4.35842,0.194974
4.359025,0.248385
4.35963,0.27863
4.360235,0.295716
4.36084,0.35406
4.361445,0.359933
4.36205,0.36972
4.362655,0.418623
4.36326,0.415334
4.363865,0.43671
4.36447,0.475444
4.365075,0.461343
4.36568,0.486268
4.366285,0.507055
4.36689,0.490685
4.367495,0.516842
4.3681,0.519026
4.368705,0.506127
4.36931,0.531658
4.369915,0.514827
4.37052,0.497189
4.371125,0.51601
4.37173,0.496413
4.372335,0.490315
4.37294,0.49236
4.373545,0.461289
4.37415,0.476488
4.374755,0.47221
4.37536,0.438839
4.375965,0.456429
4.37657,0.43495
4.377175,0.419715
4.37778,0.436406
4.378385,0.40323
4.37899,0.391556
4.379595,0.403115
4.3802,0.378457
4.380805,0.382589
4.38141,0.379058
4.382015,0.358538
4.38262,0.369787
4.383225,0.362469
4.38383,0.350098
4.384435,0.364229
4.38504,0.361323
4.385645,0.359126
4.38625,0.360303
4.386855,0.344753
4.38746,0.350759
4.388065,0.352155
4.38867,0.35278
4.389275,0.347137
4.38988,0.355832
4.390485,0.363683
4.39109,0.350547
4.391695,0.366122
4.3923,0.375144
4.392905,0.358884
4.39351,0.375065
4.394115,0.382219
4.39472,0.36975
4.395325,0.379416
4.39593,0.380732
4.396535,0.362627
4.39714,0.366535
4.397745,0.390634
4.39835,0.377747
4.398955,0.372062
4.39956,0.384361
4.400165,0.391799
4.40077,0.387425
4.401375,0.394147
4.40198,0.383153
4.402585,0.391174
4.40319,0.398273
4.403795,0.390665
4.4044,0.376303
4.405005,0.377171
4.40561,0.37995
4.406215,0.368379
4.40682,0.370794
4.407425,0.387995
4.40803,0.363361
4.408635,0.356068
4.40924,0.389057
4.409845,0.359509
4.41045,0.349243
4.411055,0.376212
4.41166,0.355783
4.412265,0.338406
4.41287,0.353793
4.413475,0.319603
4.41408,0.329384
4.414685,0.335585
4.41529,0.295989
4.415895,0.317541
4.4165,0.338036
4.417105,0.297615
4.41771,0.316655
4.418315,0.316521
4.41892,0.289097
4.419525,0.322874
4.42013,0.304308
4.420735,0.293629
4.42134,0.312577
4.421945,0.270306
4.42255,0.272945
4.423155,0.30563
4.42376,0.257128
4.424365,0.281664
4.42497,0.296092
4.425575,0.248518
4.42618,0.277302
4.426785,0.284382
4.42739,0.249847
4.427995,0.289048
4.4286,0.2618
4.429205,0.239599
4.42981,0.278321
4.430415,0.244192
4.43102,0.219334
4.431625,0.260744
4.43223,0.221834
4.432835,0.220244
4.43344,0.2435
4.434045,0.215451
4.43465,0.223241
4.435255,0.23352
4.43586,0.194549
4.436465,0.195708
4.43707,0.281543
4.437675,0.119653
4.43828,0.17304
4.438885,0.334693
4.43949,0.105449
4.440095,0.066879
4.4407,0.286215
4.441305,0.110498
4.44191,0.174921
4.442515,0.21354
4.44312,0.041821
4.443725,0.209826
4.44433,0.154917
4.444935,0.07467
4.44554,0.210415
4.446145,0.053027
4.44675,0.116098
4.447355,0.221045
4.44796,0.013201
4.448565,0.077722
4.44917,0.158048
4.449775,0.02968
4.45038,0.15195
4.450985,0.077345
4.45159,-0.005705
4.452195,0.148516
4.4528,0.046784
4.453405,0.021586
4.45401,0.137334
4.454615,0.010216
4.45522,0.053203
4.455825,0.097538
4.45643,-0.026407
4.457035,0.0716
4.45764,0.056443
4.458245,-0.028397
4.45885,0.06768
4.459455,0.007449
4.46006,0.003997
4.460665,0.062954
4.46127,-0.048765
4.461875,0.010125
4.46248,0.054987
4.463085,-0.048783
4.46369,0.018413
4.464295,0.008657
4.4649,-0.055008
4.465505,0.0207
4.46611,-0.026625
4.466715,-0.060202
4.46732,0.002759
4.467925,-0.053504
4.46853,-0.050355
4.469135,-0.027796
4.46974,-0.090636
4.470345,-0.06187
4.47095,-0.05644
4.471555,-0.114353
4.47216,-0.073605
4.472765,-0.095739
4.47337,-0.148379
4.473975,-0.128357
4.47458,-0.166569
4.475185,-0.195462
4.47579,-0.185608
4.476395,-0.232194
4.477,-0.248491
4.477605,-0.25619
4.47821,-0.310918
4.478815,-0.317234
4.47942,-0.331037
4.480025,-0.389381
4.48063,-0.375663
4.481235,-0.40228
4.48184,-0.466922
4.482445,-0.479294
4.48305,-0.522463
4.483655,-0.557484
4.48426,-0.569461
4.484865,-0.613862
4.48547,-0.630796
4.486075,-0.646177
4.48668,-0.684698
4.487285,-0.686355
4.48789,-0.707239
4.488495,-0.729069
4.4891,-0.705497
4.489705,-0.716043
4.49031,-0.739657
4.490915,-0.745821
4.49152,-0.782128
4.492125,-0.767106
4.49273,-0.768968
4.493335,-0.780017
4.49394,-0.751197
4.494545,-0.763835
4.49515,-0.754534
4.495755,-0.730513
4.49636,-0.727734
4.496965,-0.714265
4.49757,-0.663554
4.498175,-0.645691
4.49878,-0.638823
4.499385,-0.629188
4.49999,-0.646959
4.500595,-0.623078
4.5012,-0.584654
4.501805,-0.594046
4.50241,-0.568709
4.503015,-0.534489
4.50362,-0.545543
4.504225,-0.501761
4.50483,-0.490621
4.505435,-0.497702
4.50604,-0.41666
4.506645,-0.388344
4.50725,-0.424651
4.507855,-0.366974
4.50846,-0.422139
4.509065,-0.424002
4.50967,-0.350392
4.510275,-0.406886
4.51088,-0.364924
4.511485,-0.347595
4.51209,-0.391299
4.512695,-0.317531
4.5133,-0.332888
4.513905,-0.374067
4.51451,-0.282838
4.515115,-0.287753
4.51572,-0.309959
4.516325,-0.263022
4.51693,-0.346715
4.517535,-0.347789
4.51814,-0.285914
4.518745,-0.36493
4.51935,-0.324503
4.519955,-0.300961
4.52056,-0.377805
4.521165,-0.310402
4.52177,-0.317744
4.522375,-0.379807
4.52298,-0.287225
4.523585,-0.292249
4.52419,-0.330734
4.524795,-0.279107
4.5254,-0.348869
4.526005,-0.382301
4.52661,-0.310675
4.527215,-0.385777
4.52782,-0.37343
4.528425,-0.330728
4.52903,-0.402632
4.529635,-0.357916
4.53024,-0.351836
4.530845,-0.400029
4.53145,-0.345623
4.532055,-0.337171
4.53266,-0.351466
4.533265,-0.329181
4.53387,-0.371106
4.534475,-0.394108
4.53508,-0.354749
4.535685,-0.387895
4.53629,-0.380414
4.536895,-0.353705
4.5375,-0.390219
4.538105,-0.363067
4.53871,-0.358365
4.539315,-0.379637
4.53992,-0.343852
4.540525,-0.34265
4.54113,-0.323526
4.541735,-0.307023
4.54234,-0.336571
4.542945,-0.341722
4.54355,-0.322677
4.544155,-0.330382
4.54476,-0.316494
4.545365,-0.293984
4.54597,-0.302612
4.546575,-0.276807
4.54718,-0.262883
4.547785,-0.256779
4.54839,-0.222073
4.548995,-0.214774
4.5496,-0.178
4.550205,-0.134194
4.55081,-0.145436
4.551415,-0.12465
4.55202,-0.086377
4.552625,-0.073526
4.55323,-0.037498
4.553835,-0.002046
4.55444,0.014827
4.555045,0.06606
4.55565,0.088309
4.556255,0.112979
4.55686,0.164218
4.557465,0.181838
4.55807,0.221518
4.558675,0.278855
4.55928,0.279619
4.559885,0.304926
4.56049,0.342581
4.561095,0.35031
4.5617,0.385629
4.562305,0.411336
4.56291,0.412483
4.563515,0.444337
4.56412,0.457272
4.564725,0.459499
4.56533,0.486996
4.565935,0.484757
4.56654,0.490467
4.567145,0.512218
4.56775,0.499968
4.568355,0.498876
4.56896,0.508717
4.569565,0.494174
4.57017,0.496631
4.570775,0.495715
4.57138,0.481997
4.571985,0.483435
4.57259,0.472119
4.573195,0.459839
4.5738,0.462806
4.574405,0.452145
4.57501,0.439343
4.575615,0.443099
4.57622,0.427269
4.576825,0.421165
4.57743,0.409819
4.578035,0.399541
4.57864,0.396186
4.579245,0.392285
4.57985,0.385155
4.580455,0.380089
4.58106,0.368822
4.581665,0.370393
4.58227,0.367712
4.582875,0.362803
4.58348,0.364642
4.584085,0.359945
4.58469,0.357276
4.585295,0.349892
4.5859,0.344061
4.586505,0.342283
4.58711,0.356414
4.587715,0.355723
4.58832,0.338309
4.588925,0.345408
4.58953,0.372481
4.590135,0.355874
4.59074,0.359072
4.591345,0.366207
4.59195,0.3575
4.592555,0.384197
4.59316,0.371795
4.593765,0.355128
4.59437,0.374786
4.594975,0.371953
4.59558,0.359806
4.596185,0.380945
4.59679,0.376327
4.597395,0.376813
4.598,0.38089
4.598605,0.380035
4.59921,0.384051
4.599815,0.385938
4.60042,0.394657
4.601025,0.395931
4.60163,0.383287
4.602235,0.375454
4.60284,0.388007
4.603445,0.372924
4.60405,0.370151
4.604655,0.379319
4.60526,0.37168
4.605865,0.372693
4.60647,0.384379
4.607075,0.371097
4.60768,0.368045
4.608285,0.376218
4.60889,0.377492
4.609495,0.36418
4.6101,0.364654
4.610705,0.356875
4.61131,0.34164
4.611915,0.340154
4.61252,0.348357
4.613125,0.327576
4.61373,0.324227
4.614335,0.344261
4.61494,0.321314
4.615545,0.315945
4.61615,0.332739
4.616755,0.322613
4.61736,0.307111
4.617965,0.320052
4.61857,0.317534
4.619175,0.301911
4.61978,0.291609
4.620385,0.287908
4.62099,0.285984
4.621595,0.289983
4.6222,0.284625
4.622805,0.275239
4.62341,0.280845
4.624015,0.289703
4.62462,0.267594
4.625225,0.272278
4.62583,0.288168
4.626435,0.269002
4.62704,0.272509
4.627645,0.264621
4.62825,0.250988
4.628855,0.259998
4.62946,0.246267
4.630065,0.229133
4.63067,0.254968
4.631275,0.236942
4.63188,0.229903
4.632485,0.240546
4.63309,0.232282
4.633695,0.217132
4.6343,0.238015
4.634905,0.205191
4.63551,0.234284
4.636115,0.181237
4.63672,0.234715
4.637325,0.204026
4.63793,0.07868
4.638535,0.277435
4.63914,0.263492
4.639745,0.00484
4.64035,0.189434
4.640955,0.238276
4.64156,0.08897
4.642165,0.238204
4.64277,0.114162
4.643375,0.090317
4.64398,0.231068
4.644585,0.082126
4.64519,0.148473
4.645795,0.146908
4.6464,0.027654
4.647005,0.199931
4.64761,0.121995
4.648215,0.002146
4.64882,0.168702
4.649425,0.07564
4.65003,0.080755
4.650635,0.160839
4.65124,-0.006439
4.651845,0.075568
4.65245,0.135938
4.653055,-0.007841
4.65366,0.10332
4.654265,0.085864
4.65487,-0.011323
4.655475,0.099503
4.65608,0.021295
4.656685,0.001079
4.65729,0.10133
4.657895,-0.013435
4.6585,0.023388
4.659105,0.069209
4.65971,-0.033354
4.660315,0.039339
4.66092,0.034079
4.661525,-0.034464
4.66213,0.064155
4.662735,0.002171
4.66334,-0.044075
4.663945,0.041869
4.66455,-0.0343
4.665155,-0.025897
4.66576,0.026386
4.666365,-0.065007
4.66697,-0.021431
4.667575,-0.005359
4.66818,-0.078798
4.668785,-0.028106
4.66939,-0.055366
4.669995,-0.097692
4.6706,-0.033251
4.671205,-0.097128
4.67181,-0.127034
4.672415,-0.087815
4.67302,-0.161072
4.673625,-0.165265
4.67423,-0.142251
4.674835,-0.219731
4.67544,-0.204326
4.676045,-0.219798
4.67665,-0.281054
4.677255,-0.259436
4.67786,-0.316027
4.678465,-0.344264
4.67907,-0.298632
4.679675,-0.396298
4.68028,-0.431998
4.680885,-0.439449
4.68149,-0.508629
4.682095,-0.515783
4.6827,-0.532383
4.683305,-0.598524
4.68391,-0.593099
4.684515,-0.627143
4.68512,-0.67132
4.685725,-0.658324
4.68633,-0.698805
4.686935,-0.709229
4.68754,-0.67712
4.688145,-0.732054
4.68875,-0.747745
4.689355,-0.760389
4.68996,-0.7835
4.690565,-0.76315
4.69117,-0.773761
4.691775,-0.784919
4.69238,-0.765904
4.692985,-0.768004
4.69359,-0.764563
4.694195,-0.739226
4.6948,-0.748151
4.695405,-0.701796
4.69601,-0.654507
4.696615,-0.681944
4.69722,-0.65586
4.697825,-0.669172
4.69843,-0.673019
4.699035,-0.617023
4.69964,-0.625141
4.700245,-0.61672
4.70085,-0.558825
4.701455,-0.589198
4.70206,-0.545859
4.702665,-0.515219
4.70327,-0.533736
4.703875,-0.466783
4.70448,-0.420131
4.705085,-0.454897
4.70569,-0.400387
4.706295,-0.431671
4.7069,-0.462226
4.707505,-0.371288
4.70811,-0.420167
4.708715,-0.407153
4.70932,-0.346734
4.709925,-0.385492
4.71053,-0.37039
4.711135,-0.333689
4.71174,-0.362084
4.712345,-0.305918
4.71295,-0.272742
4.713555,-0.312028
4.71416,-0.275521
4.714765,-0.304268
4.71537,-0.362242
4.715975,-0.291939
4.71658,-0.332973
4.717185,-0.348451
4.71779,-0.291666
4.718395,-0.348693
4.719,-0.334029
4.719605,-0.297752
4.72021,-0.364171
4.720815,-0.310542
4.72142,-0.278106
4.722025,-0.318909
4.72263,-0.282571
4.723235,-0.315547
4.72384,-0.385899
4.724445,-0.312847
4.72505,-0.347462
4.725655,-0.378278
4.72626,-0.315905
4.726865,-0.379831
4.72747,-0.368479
4.728075,-0.326936
4.72868,-0.392633
4.729285,-0.35976
4.72989,-0.314382
4.730495,-0.345672
4.7311,-0.326365
4.731705,-0.333112
4.73231,-0.400157
4.732915,-0.358262
4.73352,-0.362509
4.734125,-0.402013
4.73473,-0.35069
4.735335,-0.384891
4.73594,-0.391966
4.736545,-0.346097
4.73715,-0.3848
4.737755,-0.372453
4.73836,-0.339871
4.738965,-0.341965
4.73957,-0.324545
4.740175,-0.335363
4.74078,-0.367266
4.741385,-0.344434
4.74199,-0.33776
4.742595,-0.354172
4.7432,-0.32429
4.743805,-0.328786
4.74441,-0.325546
4.745015,-0.293298
4.74562,-0.302509
4.746225,-0.2893
4.74683,-0.255717
4.747435,-0.235331
4.74804,-0.208088
4.748645,-0.202391
4.74925,-0.20247
4.749855,-0.177921
4.75046,-0.154974
4.751065,-0.137488
4.75167,-0.104287
4.752275,-0.081559
4.75288,-0.055081
4.753485,-0.016887
4.75409,0.007049
4.754695,0.039515
4.7553,0.07598
4.755905,0.109102
4.75651,0.156543
4.757115,0.180181
4.75772,0.199542
4.758325,0.238234
4.75893,0.264372
4.759535,0.289861
4.76014,0.325823
4.760745,0.345724
4.76135,0.370011
4.761955,0.402108
4.76256,0.415759
4.763165,0.435848
4.76377,0.455391
4.764375,0.463473
4.76498,0.489023
4.765585,0.501922
4.76619,0.491868
4.766795,0.502693
4.7674,0.509215
4.768005,0.502911
4.76861,0.514494
4.769215,0.506776
4.76982,0.501
4.770425,0.505854
4.77103,0.498646
4.771635,0.489781
4.77224,0.480862
4.772845,0.47548
4.77345,0.475414
4.774055,0.465409
4.77466,0.446521
4.775265,0.435205
4.77587,0.4331
4.776475,0.422658
4.77708,0.416463
4.777685,0.412022
4.77829,0.400791
4.778895,0.398837
4.7795,0.388832
4.780105,0.38572
4.78071,0.382704
4.781315,0.376424
4.78192,0.37336
4.782525,0.369356
4.78313,0.358592
4.783735,0.354703
4.78434,0.363301
4.784945,0.35838
4.78555,0.338831
4.786155,0.359114
4.78676,0.356366
4.787365,0.356081
4.78797,0.375338
4.788575,0.339541
4.78918,0.344819
4.789785,0.397715
4.79039,0.358605
4.790995,0.356718
4.7916,0.37762
4.792205,0.34036
4.79281,0.375114
4.793415,0.378736
4.79402,0.339195
4.794625,0.386897
4.79523,0.387188
4.795835,0.35224
4.79644,0.39604
4.797045,0.385829
4.79765,0.371006
4.798255,0.402866
4.79886,0.381867
4.799465,0.378324
4.80007,0.392194
4.800675,0.374404
4.80128,0.387224
4.801885,0.386053
4.80249,0.358629
4.803095,0.396325
4.8037,0.392412
4.804305,0.358896
4.80491,0.393146
4.805515,0.376782
4.80612,0.366905
4.806725,0.401234
4.80733,0.369641
4.807935,0.361832
4.80854,0.380411
4.809145,0.353241
4.80975,0.342842
4.810355,0.356809
4.81096,0.340208
4.811565,0.339893
4.81217,0.346003
4.812775,0.341319
4.81338,0.333953
4.813985,0.323638
4.81459,0.338564
4.815195,0.333467
4.8158,0.316291
4.816405,0.331186
4.81701,0.325622
4.817615,0.293326
4.81822,0.305054
4.818825,0.306807
4.81943,0.292998
4.820035,0.294685
4.82064,0.294369
4.821245,0.287889
4.82185,0.296572
4.822455,0.293247
4.82306,0.280378
4.823665,0.285669
4.82427,0.295176
4.824875,0.273255
4.82548,0.271999
4.826085,0.277114
4.82669,0.254768
4.827295,0.25407
4.8279,0.256697
4.828505,0.244319
4.82911,0.259907
4.829715,0.246122
4.83032,0.228805
4.830925,0.252583
4.83153,0.241965
4.832135,0.223781
4.83274,0.249665
4.833345,0.220432
4.83395,0.231523
4.834555,0.212102
4.83516,0.216039
4.835765,0.179071
4.83637,0.219055
4.836975,0.230431
4.83758,0.085294
4.838185,0.23318
4.83879,0.300206
4.839395,0.050546
4.84,0.129573
4.840605,0.269978
4.84121,0.100583
4.841815,0.202315
4.84242,0.165231
4.843025,0.070841
4.84363,0.205088
4.844235,0.106214
4.84484,0.115461
4.845445,0.150409
4.84605,0.047045
4.846655,0.161864
4.84726,0.148971
4.847865,0.018352
4.84847,0.126279
4.849075,0.103059
4.84968,0.078195
4.850285,0.156039
4.85089,0.024905
4.851495,0.057711
4.8521,0.133347
4.852705,0.010265
4.85331,0.081562
4.853915,0.096907
4.85452,-0.002089
4.855125,0.093952
4.85573,0.042337
4.856335,-0.003078
4.85694,0.096725
4.857545,0.018995
4.85815,-0.001537
4.858755,0.073359
4.85936,0.00856
4.859965,0.022363
4.86057,0.034176
4.861175,-0.025248
4.86178,0.03363
4.862385,0.027259
4.86299,-0.035963
4.863595,0.015543
4.8642,-0.013283
4.864805,-0.03052
4.86541,0.02013
4.866015,-0.043972
4.86662,-0.040319
4.867225,-0.00693
4.86783,-0.060766
4.868435,-0.028409
4.86904,-0.036855
4.869645,-0.102777
4.87025,-0.063023
4.870855,-0.085327
4.87146,-0.135577
4.872065,-0.101545
4.87267,-0.151122
4.873275,-0.181829
4.87388,-0.156382
4.874485,-0.210606
4.87509,-0.223153
4.875695,-0.227941
4.8763,-0.281995
4.876905,-0.265243
4.87751,-0.29706
4.878115,-0.369869
4.87872,-0.367927
4.879325,-0.406552
4.87993,-0.461832
4.880535,-0.462511
4.88114,-0.502544
4.881745,-0.545191
4.88235,-0.548352
4.882955,-0.598627
4.88356,-0.622842
4.884165,-0.630359
4.88477,-0.661897
4.885375,-0.64517
4.88598,-0.671945
4.886585,-0.724015
4.88719,-0.734251
4.887795,-0.752192
4.8884,-0.76477
4.889005,-0.767615
4.88961,-0.77671
4.890215,-0.781091
4.89082,-0.774362
4.891425,-0.776783
4.89203,-0.768653
4.892635,-0.758053
4.89324,-0.750184
4.893845,-0.698089
4.89445,-0.70497
4.895055,-0.701711
4.89566,-0.700249
4.896265,-0.707251
4.89687,-0.66606
4.897475,-0.661491
4.89808,-0.657177
4.898685,-0.616689
4.89929,-0.613443
4.899895,-0.597577
4.9005,-0.556725
4.901105,-0.56755
4.90171,-0.515091
4.902315,-0.459259
4.90292,-0.469398
4.903525,-0.451311
4.90413,-0.444704
4.904735,-0.493376
4.90534,-0.417376
4.905945,-0.435038
4.90655,-0.435518
4.907155,-0.379309
4.90776,-0.41268
4.908365,-0.390364
4.90897,-0.343014
4.909575,-0.39327
4.91018,-0.338094
4.910785,-0.278009
4.91139,-0.332585
4.911995,-0.286879
4.9126,-0.29217
4.913205,-0.373078
4.91381,-0.303734
4.914415,-0.320777
4.91502,-0.36209
4.915625,-0.279058
4.91623,-0.341218
4.916835,-0.344495
4.91744,-0.282547
4.918045,-0.355228
4.91865,-0.320401
4.919255,-0.252447
4.91986,-0.303637
4.920465,-0.289621
4.92107,-0.285939
4.921675,-0.365464
4.92228,-0.328689
4.922885,-0.314886
4.92349,-0.375639
4.924095,-0.320668
4.9247,-0.347528
4.925305,-0.373315
4.92591,-0.319928
4.926515,-0.361872
4.92712,-0.367787
4.927725,-0.312204
4.92833,-0.330849
4.928935,-0.332251
4.92954,-0.320061
4.930145,-0.387828
4.93075,-0.36499
4.931355,-0.3462
4.93196,-0.397281
4.932565,-0.350629
4.93317,-0.366817
4.933775,-0.398203
4.93438,-0.344398
4.934985,-0.381245
4.93559,-0.382998
4.936195,-0.335321
4.9368,-0.344677
4.937405,-0.329709
4.93801,-0.320784
4.938615,-0.376397
4.93922,-0.361605
4.939825,-0.336759
4.94043,-0.379091
4.941035,-0.34066
4.94164,-0.337093
4.942245,-0.365106
4.94285,-0.316409
4.943455,-0.328671
4.94406,-0.334126
4.944665,-0.29183
4.94527,-0.291563
4.945875,-0.258878
4.94648,-0.244122
4.947085,-0.273676
4.94769,-0.240488
4.948295,-0.217851
4.9489,-0.226952
4.949505,-0.177721
4.95011,-0.16123
4.950715,-0.156685
4.95132,-0.103335
4.951925,-0.092656
4.95253,-0.071251
4.953135,-0.015243
4.95374,-0.003041
4.954345,0.05415
4.95495,0.094559
4.955555,0.08547
4.95616,0.132989
4.956765,0.171444
4.95737,0.17989
4.957975,0.232852
4.95858,0.262952
4.959185,0.275384
4.95979,0.32561
4.960395,0.341343
4.961,0.359442
4.961605,0.402799
4.96221,0.408266
4.962815,0.434793
4.96342,0.470772
4.964025,0.459681
4.96463,0.475341
4.965235,0.497408
4.96584,0.488968
4.966445,0.507395
4.96705,0.515203
4.967655,0.50282
4.96826,0.521095
4.968865,0.513608
4.96947,0.505174
4.970075,0.516866
4.97068,0.498184
4.971285,0.500205
4.97189,0.50657
4.972495,0.47616
4.9731,0.474485
4.973705,0.475401
4.97431,0.447607
4.974915,0.452564
4.97552,0.443426
4.976125,0.423064
4.97673,0.434089
4.977335,0.420619
4.97794,0.404601
4.978545,0.408697
4.97915,0.394445
4.979755,0.396295
4.98036,0.391071
4.980965,0.367153
4.98157,0.3708
4.982175,0.367032
4.98278,0.350486
4.983385,0.363064
4.98399,0.359169
4.984595,0.353368
4.9852,0.35764
4.985805,0.351912
4.98641,0.351566
4.987015,0.366613
4.98762,0.370921
4.988225,0.351032
4.98883,0.348254
4.989435,0.371613
4.99004,0.365503
4.990645,0.347786
4.99125,0.367105
4.991855,0.35102
4.99246,0.370733
4.993065,0.378299
4.99367,0.356742
4.994275,0.375733
4.99488,0.390847
4.995485,0.369599
4.99609,0.388723
4.996695,0.39439
4.9973,0.384257
4.997905,0.393644
4.99851,0.377996
4.999115,0.370788
4.99972,0.385598
5.000325,0.384354
5.00093,0.381618
5.001535,0.390082
5.00214,0.375338
5.002745,0.390725
5.00335,0.398837
5.003955,0.37495
5.00456,0.39112
5.005165,0.392746
5.00577,0.371589
5.006375,0.387588
5.00698,0.377771
5.007585,0.351609
5.00819,0.360376
5.008795,0.367008
5.0094,0.349631
5.010005,0.35565
5.01061,0.350389
5.011215,0.343564
5.01182,0.349868
5.012425,0.344577
5.01303,0.338649
5.013635,0.331065
5.01424,0.338139
5.014845,0.330494
5.01545,0.307366
5.016055,0.307772
5.01666,0.3162
5.017265,0.293653
5.01787,0.296978
5.018475,0.307038
5.01908,0.290972
5.019685,0.29736
5.02029,0.300418
5.020895,0.280317
5.0215,0.296996
5.022105,0.29872
5.02271,0.281919
5.023315,0.286633
5.02392,0.282993
5.024525,0.26618
5.02513,0.258942
5.025735,0.270075
5.02634,0.264342
5.026945,0.259773
5.02755,0.261763
5.028155,0.249719
5.02876,0.256594
5.029365,0.263286
5.02997,0.240339
5.030575,0.240655
5.03118,0.256557
5.031785,0.231111
5.03239,0.234763
5.032995,0.220135
5.0336,0.219546
5.034205,0.201235
5.03481,0.225244
5.035415,0.167003
5.03602,0.236122
5.036625,0.216009
5.03723,0.090402
5.037835,0.262267
5.03844,0.277223
5.039045,0.02894
5.03965,0.182099
5.040255,0.25211
5.04086,0.093485
5.041465,0.225681
5.04207,0.123451
5.042675,0.079724
5.04328,0.223775
5.043885,0.085561
5.04449,0.135337
5.045095,0.152174
5.0457,0.037804
5.046305,0.196587
5.04691,0.134342
5.047515,0.002183
5.04812,0.165195
5.048725,0.093321
5.04933,0.079457
5.049935,0.16437
5.05054,-0.002119
5.051145,0.067292
5.05175,0.138213
5.052355,-0.01352
5.05296,0.103338
5.053565,0.095226
5.05417,-0.008647
5.054775,0.104964
5.05538,0.029201
5.055985,0.009506
5.05659,0.111274
5.057195,-0.000299
5.0578,0.016235
5.058405,0.087848
5.05901,-0.005244
5.059615,0.030087
5.06022,0.033126
5.060825,-0.031576
5.06143,0.054271
5.062035,0.024201
5.06264,-0.036958
5.063245,0.031252
5.06385,-0.018022
5.064455,-0.022032
5.06506,0.029383
5.065665,-0.053437
5.06627,-0.022979
5.066875,0.012928
5.06748,-0.073599
5.068085,-0.044797
5.06869,-0.046471
5.069295,-0.110155
5.0699,-0.056483
5.070505,-0.095459
5.07111,-0.141232
5.071715,-0.098481
5.07232,-0.161818
5.072925,-0.178485
5.07353,-0.150636
5.074135,-0.226588
5.07474,-0.199387
5.075345,-0.205182
5.07595,-0.300834
5.076555,-0.291697
5.07716,-0.327136
5.077765,-0.386724
5.07837,-0.365257
5.078975,-0.435596
5.07958,-0.467256
5.080185,-0.452676
5.08079,-0.536096
5.081395,-0.548905
5.082,-0.555112
5.082605,-0.624516
5.08321,-0.584538
5.083815,-0.61979
5.08442,-0.686203
5.085025,-0.671132
5.08563,-0.732303
5.086235,-0.745008
5.08684,-0.724082
5.087445,-0.778694
5.08805,-0.769357
5.088655,-0.759976
5.08926,-0.801708
5.089865,-0.768022
5.09047,-0.771134
5.091075,-0.786454
5.09168,-0.70287
5.092285,-0.729257
5.09289,-0.742223
5.093495,-0.712985
5.0941,-0.760104
5.094705,-0.710661
5.09531,-0.688903
5.095915,-0.717329
5.09652,-0.651073
5.097125,-0.655393
5.09773,-0.66629
5.098335,-0.58449
5.09894,-0.617891
5.099545,-0.585812
5.10015,-0.497041
5.100755,-0.51912
5.10136,-0.501349
5.101965,-0.470575
5.10257,-0.541029
5.103175,-0.460436
5.10378,-0.45014
5.104385,-0.486617
5.10499,-0.4085
5.105595,-0.428667
5.1062,-0.427242
5.106805,-0.367508
5.10741,-0.405326
5.108015,-0.369432
5.10862,-0.298298
5.109225,-0.331407
5.10983,-0.297442
5.110435,-0.29888
5.11104,-0.382598
5.111645,-0.309814
5.11225,-0.307781
5.112855,-0.363413
5.11346,-0.298085
5.114065,-0.333695
5.11467,-0.342584
5.115275,-0.280314
5.11588,-0.34569
5.116485,-0.3273
5.11709,-0.267324
5.117695,-0.300512
5.1183,-0.27944
5.118905,-0.277141
5.11951,-0.356648
5.120115,-0.333209
5.12072,-0.304244
5.121325,-0.367284
5.12193,-0.323247
5.122535,-0.328532
5.12314,-0.371495
5.123745,-0.319218
5.12435,-0.346806
5.124955,-0.363128
5.12556,-0.308552
5.126165,-0.309747
5.12677,-0.324363
5.127375,-0.307563
5.12798,-0.363753
5.128585,-0.375997
5.12919,-0.339598
5.129795,-0.386129
5.1304,-0.364189
5.131005,-0.354391
5.13161,-0.390856
5.132215,-0.354658
5.13282,-0.373588
5.133425,-0.389563
5.13403,-0.344671
5.134635,-0.347092
5.13524,-0.335339
5.135845,-0.327524
5.13645,-0.367715
5.137055,-0.370069
5.13766,-0.346327
5.138265,-0.377034
5.13887,-0.351205
5.139475,-0.343912
5.14008,-0.372265
5.140685,-0.334745
5.14129,-0.341946
5.141895,-0.349094
5.1425,-0.315159
5.143105,-0.315924
5.14371,-0.283506
5.144315,-0.274374
5.14492,-0.298122
5.145525,-0.285914
5.14613,-0.270922
5.146735,-0.271128
5.14734,-0.236332
5.147945,-0.229142
5.14855,-0.224373
5.149155,-0.180099
5.14976,-0.167303
5.150365,-0.15262
5.15097,-0.107976
5.151575,-0.097231
5.15218,-0.048189
5.152785,-0.003326
5.15339,-0.010795
5.153995,0.029359
5.1546,0.069949
5.155205,0.077054
5.15581,0.131205
5.156415,0.162586
5.15702,0.175455
5.157625,0.232464
5.15823,0.253997
5.158835,0.274468
5.15944,0.327667
5.160045,0.33368
5.16065,0.369483
5.161255,0.419994
5.16186,0.408478
5.162465,0.430254
5.16307,0.461319
5.163675,0.454493
5.16428,0.482761
5.164885,0.497863
5.16549,0.488841
5.166095,0.514002
5.1667,0.512419
5.167305,0.506909
5.16791,0.525306
5.168515,0.510125
5.16912,0.511739
5.169725,0.522296
5.17033,0.500745
5.170935,0.497226
5.17154,0.496037
5.172145,0.474
5.17275,0.480183
5.173355,0.476299
5.17396,0.453947
5.174565,0.456489
5.17517,0.445489
5.175775,0.430515
5.17638,0.437389
5.176985,0.424399
5.17759,0.411118
5.178195,0.410535
5.1788,0.397854
5.179405,0.392903
5.18001,0.385659
5.180615,0.373251
5.18122,0.37333
5.181825,0.369817
5.18243,0.362124
5.183035,0.368306
5.18364,0.358186
5.184245,0.365837
5.18485,0.355098
5.185455,0.359248
5.18606,0.356978
5.186665,0.365643
5.18727,0.369483
5.187875,0.335093
5.18848,0.332424
5.189085,0.376097
5.18969,0.350693
5.190295,0.345669
5.1909,0.370217
5.191505,0.345875
5.19211,0.376461
5.192715,0.383723
5.19332,0.35264
5.193925,0.383572
5.19453,0.394384
5.195135,0.363446
5.19574,0.390853
5.196345,0.379046
5.19695,0.364623
5.197555,0.392788
5.19816,0.372893
5.198765,0.372226
5.19937,0.399025
5.199975,0.378882
5.20058,0.387012
5.201185,0.397794
5.20179,0.369004
5.202395,0.400882
5.203,0.400172
5.203605,0.373427
5.20421,0.398431
5.204815,0.374883
5.20542,0.354788
5.206025,0.38825
5.20663,0.364338
5.207235,0.352877
5.20784,0.37188
5.208445,0.360121
5.20905,0.35568
5.209655,0.362542
5.21026,0.344856
5.210865,0.354272
5.21147,0.350759
5.212075,0.346858
5.21268,0.342611
5.213285,0.320556
5.21389,0.326617
5.214495,0.3218
5.2151,0.301056
5.215705,0.31765
5.21631,0.321478
5.216915,0.293374
5.21752,0.308446
5.218125,0.310751
5.21873,0.293635
5.219335,0.307026
5.21994,0.297142
5.220545,0.287046
5.22115,0.305576
5.221755,0.285305
5.22236,0.270342
5.222965,0.275791
5.22357,0.273127
5.224175,0.267576
5.22478,0.259197
5.225385,0.268698
5.22599,0.267934
5.226595,0.257267
5.2272,0.260313
5.227805,0.254331
5.22841,0.256236
5.229015,0.263826
5.22962,0.240982
5.230225,0.235461
5.23083,0.250551
5.231435,0.21559
5.23204,0.230595
5.232645,0.22474
5.23325,0.214341
5.233855,0.213194
5.23446,0.221737
5.235065,0.18947
5.23567,0.200416
5.236275,0.261357
5.23688,0.106815
5.237485,0.189046
5.23809,0.324342
5.238695,0.099188
5.2393,0.078965
5.239905,0.269802
5.24051,0.117263
5.241115,0.163168
5.24172,0.188372
5.242325,0.057208
5.24293,0.192607
5.243535,0.141969
5.24414,0.093309
5.244745,0.175158
5.24535,0.058652
5.245955,0.134488
5.24656,0.190799
5.247165,0.025791
5.24777,0.106384
5.248375,0.128833
5.24898,0.051953
5.249585,0.162537
5.25019,0.045322
5.250795,0.018668
5.2514,0.147193
5.252005,0.027077
5.25261,0.054435
5.253215,0.127213
5.25382,-0.000238
5.254425,0.072576
5.25503,0.075113
5.255635,-0.009734
5.25624,0.091561
5.256845,0.045886
5.25745,-0.030332
5.258055,0.081404
5.25866,0.019663
5.259265,-0.007992
5.25987,0.051001
5.260475,-0.019114
5.26108,0.013984
5.261685,0.05475
5.26229,-0.04234
5.262895,0.007122
5.2635,0.011654
5.264105,-0.035223
5.26471,0.035996
5.265315,-0.020855
5.26592,-0.066081
5.266525,0.009312
5.26713,-0.060748
5.267735,-0.066488
5.26834,-0.031934
5.268945,-0.10902
5.26955,-0.078392
5.270155,-0.07278
5.27076,-0.148701
5.271365,-0.107333
5.27197,-0.150133
5.272575,-0.195061
5.27318,-0.143022
5.273785,-0.215709
5.27439,-0.256997
5.274995,-0.232983
5.2756,-0.310827
5.276205,-0.315499
5.27681,-0.319
5.277415,-0.399835
5.27802,-0.380948
5.278625,-0.417376
5.27923,-0.489414
5.279835,-0.458137
5.28044,-0.527541
5.281045,-0.536418
5.28165,-0.518252
5.282255,-0.603111
5.28286,-0.62559
5.283465,-0.642391
5.28407,-0.693247
5.284675,-0.683
5.28528,-0.711013
5.285885,-0.747302
5.28649,-0.72936
5.287095,-0.758235
5.2877,-0.769023
5.288305,-0.752265
5.28891,-0.783779
5.289515,-0.744699
5.29012,-0.719428
5.290725,-0.756852
5.29133,-0.742976
5.291935,-0.763277
5.29254,-0.761924
5.293145,-0.726102
5.29375,-0.737139
5.294355,-0.714981
5.29496,-0.689152
5.295565,-0.696263
5.29617,-0.65768
5.296775,-0.653991
5.29738,-0.634442
5.297985,-0.570389
5.29859,-0.545865
5.299195,-0.560384
5.2998,-0.521225
5.300405,-0.561155
5.30101,-0.537844
5.301615,-0.488977
5.30222,-0.518744
5.302825,-0.472595
5.30343,-0.450043
5.304035,-0.478256
5.30464,-0.420871
5.305245,-0.410083
5.30585,-0.434462
5.306455,-0.351964
5.30706,-0.326032
5.307665,-0.361708
5.30827,-0.32153
5.308875,-0.355634
5.30948,-0.382889
5.310085,-0.315462
5.31069,-0.352783
5.311295,-0.335145
5.3119,-0.306871
5.312505,-0.361405
5.31311,-0.321196
5.313715,-0.298298
5.31432,-0.346175
5.314925,-0.284094
5.31553,-0.24823
5.316135,-0.307811
5.31674,-0.270273
5.317345,-0.308194
5.31795,-0.359518
5.318555,-0.286928
5.31916,-0.349379
5.319765,-0.34006
5.32037,-0.302618
5.320975,-0.367284
5.32158,-0.328999
5.322185,-0.313697
5.32279,-0.374267
5.323395,-0.313709
5.324,-0.291957
5.324605,-0.32619
5.32521,-0.296332
5.325815,-0.339004
5.32642,-0.38329
5.327025,-0.3163
5.32763,-0.37235
5.328235,-0.382464
5.32884,-0.32696
5.329445,-0.390801
5.33005,-0.369917
5.330655,-0.336844
5.33126,-0.395115
5.331865,-0.354554
5.33247,-0.321415
5.333075,-0.350902
5.33368,-0.324697
5.334285,-0.345775
5.33489,-0.398652
5.335495,-0.34299
5.3361,-0.363407
5.336705,-0.386584
5.33731,-0.34009
5.337915,-0.371743
5.33852,-0.364808
5.339125,-0.33293
5.33973,-0.367781
5.340335,-0.340988
5.34094,-0.319655
5.341545,-0.317416
5.34215,-0.294779
5.342755,-0.313484
5.34336,-0.328598
5.343965,-0.297388
5.34457,-0.304675
5.345175,-0.304578
5.34578,-0.264587
5.346385,-0.271431
5.34699,-0.253642
5.347595,-0.221509
5.3482,-0.221867
5.348805,-0.183218
5.34941,-0.163432
5.350015,-0.130808
5.35062,-0.082439
5.351225,-0.082797
5.35183,-0.06903
5.352435,-0.027111
5.35304,-0.010856
5.353645,0.026331
5.35425,0.064119
5.354855,0.079226
5.35546,0.129919
5.356065,0.159267
5.35667,0.179417
5.357275,0.232118
5.35788,0.249095
5.358485,0.281798
5.35909,0.33297
5.359695,0.340675
5.3603,0.365048
5.360905,0.398491
5.36151,0.403734
5.362115,0.431638
5.36272,0.454499
5.363325,0.458358
5.36393,0.484424
5.364535,0.492105
5.36514,0.493513
5.365745,0.514275
5.36635,0.508287
5.366955,0.512685
5.36756,0.530517
5.368165,0.523473
5.36877,0.51021
5.369375,0.51493
5.36998,0.507789
5.370585,0.501964
5.37119,0.497359
5.371795,0.480371
5.3724,0.479776
5.373005,0.480528
5.37361,0.459887
5.374215,0.458546
5.37482,0.448693
5.375425,0.435175
5.37603,0.437195
5.376635,0.421202
5.37724,0.406731
5.377845,0.409061
5.37845,0.393698
5.379055,0.38464
5.37966,0.386933
5.380265,0.377929
5.38087,0.371231
5.381475,0.370588
5.38208,0.367778
5.382685,0.360856
5.38329,0.365345
5.383895,0.369131
5.3845,0.361013
5.385105,0.344504
5.38571,0.362281
5.386315,0.347908
5.38692,0.359181
5.387525,0.368142
5.38813,0.325537
5.388735,0.355413
5.38934,0.396392
5.389945,0.33985
5.39055,0.367032
5.391155,0.378857
5.39176,0.346967
5.392365,0.398322
5.39297,0.378014
5.393575,0.343181
5.39418,0.401501
5.394785,0.363452
5.39539,0.346124
5.395995,0.401671
5.3966,0.363604
5.397205,0.368834
5.39781,0.408806
5.398415,0.362476
5.39902,0.381885
5.399625,0.401822
5.40023,0.374453
5.400835,0.405621
5.40144,0.390604
5.402045,0.36216
5.40265,0.413836
5.403255,0.373172
5.40386,0.34994
5.404465,0.4011
5.40507,0.358416
5.405675,0.369932
5.40628,0.401113
5.406885,0.336926
5.40749,0.376437
5.408095,0.39061
5.4087,0.331271
5.409305,0.374428
5.40991,0.375047
5.410515,0.324112
5.41112,0.362706
5.411725,0.33601
5.41233,0.316728
5.412935,0.335081
5.41354,0.310794
5.414145,0.317613
5.41475,0.334863
5.415355,0.292683
5.41596,0.321921
5.416565,0.32237
5.41717,0.277921
5.417775,0.329378
5.41838,0.318487
5.418985,0.271847
5.41959,0.312893
5.420195,0.290043
5.4208,0.259615
5.421405,0.311625
5.42201,0.269026
5.422615,0.254743
5.42322,0.309016
5.423825,0.261891
5.42443,0.248542
5.425035,0.299514
5.42564,0.25461
5.426245,0.256563
5.42685,0.28508
5.427455,0.239441
5.42806,0.262607
5.428665,0.263013
5.42927,0.21172
5.429875,0.238555
5.43048,0.246504
5.431085,0.204827
5.43169,0.246128
5.432295,0.214504
5.4329,0.210712
5.433505,0.229382
5.43411,0.214256
5.434715,0.17699
5.43532,0.241613
5.435925,0.230055
5.43653,0.093527
5.437135,0.241025
5.43774,0.284103
5.438345,0.050704
5.43895,0.142169
5.439555,0.24489
5.44016,0.102118
5.440765,0.215906
5.44137,0.138589
5.441975,0.082412
5.44258,0.22099
5.443185,0.096706
5.44379,0.131679
5.444395,0.172567
5.445,0.037003
5.445605,0.178816
5.44621,0.150524
5.446815,0.004052
5.44742,0.144705
5.448025,0.095608
5.44863,0.063627
5.449235,0.172688
5.44984,0.013765
5.450445,0.048841
5.45105,0.147775
5.451655,0.007188
5.45226,0.083152
5.452865,0.113458
5.45347,-0.00099
5.454075,0.099874
5.45468,0.049781
5.455285,-0.007932
5.45589,0.105061
5.456495,0.021829
5.4571,-0.006694
5.457705,0.077139
5.45831,0.008141
5.458915,0.019991
5.45952,0.041038
5.460125,-0.025569
5.46073,0.034225
5.461335,0.037762
5.46194,-0.029659
5.462545,0.019232
5.46315,-0.002441
5.463755,-0.033439
5.46436,0.020925
5.464965,-0.040083
5.46557,-0.050373
5.466175,-0.00187
5.46678,-0.057915
5.467385,-0.056592
5.46799,-0.050452
5.468595,-0.102795
5.4692,-0.070583
5.469805,-0.092432
5.47041,-0.123139
5.471015,-0.085193
5.47162,-0.149344
5.472225,-0.192082
5.47283,-0.167934
5.473435,-0.224743
5.47404,-0.250347
5.474645,-0.246622
5.47525,-0.30354
5.475855,-0.311488
5.47646,-0.333628
5.477065,-0.390085
5.47767,-0.388999
5.478275,-0.426975
5.47888,-0.47697
5.479485,-0.449466
5.48009,-0.508205
5.480695,-0.564067
5.4813,-0.569934
5.481905,-0.622702
5.48251,-0.645054
5.483115,-0.644793
5.48372,-0.695134
5.484325,-0.699102
5.48493,-0.710612
5.485535,-0.754018
5.48614,-0.733947
5.486745,-0.751907
5.48735,-0.755954
5.487955,-0.711413
5.48856,-0.751506
5.489165,-0.76048
5.48977,-0.764867
5.490375,-0.78478
5.49098,-0.751385
5.491585,-0.755238
5.49219,-0.757683
5.492795,-0.729555
5.4934,-0.736417
5.494005,-0.71168
5.49461,-0.687168
5.495215,-0.686822
5.49582,-0.643992
5.496425,-0.584114
5.49703,-0.618516
5.497635,-0.57406
5.49824,-0.590812
5.498845,-0.60473
5.49945,-0.531437
5.500055,-0.553407
5.50066,-0.533372
5.501265,-0.485573
5.50187,-0.516274
5.502475,-0.4689
5.50308,-0.442501
5.503685,-0.469198
5.50429,-0.395558
5.504895,-0.355204
5.5055,-0.381639
5.506105,-0.343142
5.50671,-0.379655
5.507315,-0.399781
5.50792,-0.328598
5.508525,-0.383101
5.50913,-0.351515
5.509735,-0.315911
5.51034,-0.379485
5.510945,-0.316931
5.51155,-0.30604
5.512155,-0.354379
5.51276,-0.294864
5.513365,-0.276643
5.51397,-0.292734
5.514575,-0.258678
5.51518,-0.315141
5.515785,-0.348924
5.51639,-0.288954
5.516995,-0.343105
5.5176,-0.333149
5.518205,-0.297127
5.51881,-0.355216
5.519415,-0.330825
5.52002,-0.306853
5.520625,-0.354075
5.52123,-0.321967
5.521835,-0.280077
5.52244,-0.308242
5.523045,-0.295822
5.52365,-0.311901
5.524255,-0.372314
5.52486,-0.330164
5.525465,-0.343846
5.52607,-0.379868
5.526675,-0.332251
5.52728,-0.368673
5.527885,-0.375724
5.52849,-0.339016
5.529095,-0.383921
5.5297,-0.364905
5.530305,-0.332803
5.53091,-0.340345
5.531515,-0.327251
5.53212,-0.348305
5.532725,-0.392148
5.53333,-0.358328
5.533935,-0.36726
5.53454,-0.385674
5.535145,-0.350404
5.53575,-0.374983
5.536355,-0.372641
5.53696,-0.342462
5.537565,-0.376961
5.53817,-0.354039
5.538775,-0.328307
5.53938,-0.328671
5.539985,-0.305809
5.54059,-0.318557
5.541195,-0.344932
5.5418,-0.324199
5.542405,-0.321251
5.54301,-0.332506
5.543615,-0.302114
5.54422,-0.303376
5.544825,-0.29703
5.54543,-0.267245
5.546035,-0.272548
5.54664,-0.242757
5.547245,-0.222553
5.54785,-0.208452
5.548455,-0.157565
5.54906,-0.149975
5.549665,-0.1512
5.55027,-0.111738
5.550875,-0.091825
5.55148,-0.071894
5.552085,-0.022602
5.55269,-0.008241
5.553295,0.022533
5.5539,0.069792
5.554505,0.086398
5.55511,0.125739
5.555715,0.167883
5.55632,0.185812
5.556925,0.24401
5.55753,0.276919
5.558135,0.277193
5.55874,0.322127
5.559345,0.344995
5.55995,0.358623
5.560555,0.401489
5.56116,0.410226
5.561765,0.425867
5.56237,0.462696
5.562975,0.460324
5.56358,0.478083
5.564185,0.50032
5.56479,0.490679
5.565395,0.509998
5.566,0.525057
5.566605,0.508687
5.56721,0.514967
5.567815,0.519693
5.56842,0.506297
5.569025,0.51524
5.56963,0.507334
5.570235,0.496461
5.57084,0.500745
5.571445,0.483744
5.57205,0.481281
5.572655,0.483222
5.57326,0.45979
5.573865,0.456398
5.57447,0.456156
5.575075,0.433452
5.57568,0.425145
5.576285,0.428658
5.57689,0.408788
5.577495,0.402168
5.5781,0.401895
5.578705,0.393716
5.57931,0.389063
5.579915,0.382771
5.58052,0.370078
5.581125,0.377953
5.58173,0.37023
5.582335,0.367329
5.58294,0.36878
5.583545,0.359357
5.58415,0.348891
5.584755,0.35295
5.58536,0.346197
5.585965,0.355067
5.58657,0.374173
5.587175,0.341306
5.58778,0.340433
5.588385,0.37961
5.58899,0.36361
5.589595,0.356736
5.5902,0.377092
5.590805,0.355486
5.59141,0.378542
5.592015,0.37637
5.59262,0.343849
5.593225,0.368258
5.59383,0.38319
5.594435,0.353023
5.59504,0.384282
5.595645,0.384403
5.59625,0.369963
5.596855,0.397345
5.59746,0.376983
5.598065,0.377377
5.59867,0.403673
5.599275,0.385847
5.59988,0.388365
5.600485,0.394068
5.60109,0.361863
5.601695,0.381776
5.6023,0.387467
5.602905,0.360783
5.60351,0.384452
5.604115,0.378554
5.60472,0.358101
5.605325,0.392515
5.60593,0.376261
5.606535,0.357094
5.60714,0.378226
5.607745,0.373639
5.60835,0.361687
5.608955,0.361153
5.60956,0.342204
5.610165,0.339413
5.61077,0.340706
5.611375,0.336362
5.61198,0.334778
5.612585,0.321472
5.61319,0.330731
5.613795,0.330234
5.6144,0.309817
5.615005,0.320781
5.61561,0.331095
5.616215,0.303033
5.61682,0.315132
5.617425,0.311849
5.61803,0.287677
5.618635,0.296626
5.61924,0.286912
5.619845,0.272606
5.62045,0.293496
5.621055,0.287556
5.62166,0.27246
5.622265,0.282599
5.62287,0.282586
5.623475,0.277017
5.62408,0.268449
5.624685,0.275518
5.62529,0.280305
5.625895,0.263838
5.6265,0.258723
5.627105,0.251612
5.62771,0.244186
5.628315,0.25731
5.62892,0.237245
5.629525,0.227452
5.63013,0.251163
5.630735,0.228751
5.63134,0.227058
5.631945,0.233022
5.63255,0.22582
5.633155,0.209948
5.63376,0.236772
5.634365,0.172166
5.63497,0.255599
5.635575,0.182026
5.63618,0.096197
5.636785,0.291961
5.63739,0.22403
5.637995,0.008857
5.6386,0.2319
5.639205,0.202527
5.63981,0.10204
5.640415,0.241789
5.64102,0.087648
5.641625,0.121504
5.64223,0.223375
5.642835,0.071988
5.64344,0.166548
5.644045,0.125508
5.64465,0.043762
5.645255,0.217605
5.64586,0.089662
5.646465,0.012382
5.64707,0.181692
5.647675,0.059756
5.64828,0.102161
5.648885,0.148783
5.64949,-0.017688
5.650095,0.108046
5.6507,0.120563
5.651305,-0.009988
5.65191,0.13646
5.652515,0.070022
5.65312,-0.004279
5.653725,0.112263
5.65433,0.005132
5.654935,0.023467
5.65554,0.106542
5.656145,-0.020637
5.65675,0.031161
5.657355,0.062808
5.65796,-0.00849
5.658565,0.051474
5.65917,0.010459
5.659775,-0.019987
5.66038,0.074633
5.660985,0.007079
5.66159,-0.026322
5.662195,0.028606
5.6628,-0.029804
5.663405,-0.010243
5.66401,0.020488
5.664615,-0.058928
5.66522,-0.024586
5.665825,-0.01446
5.66643,-0.064722
5.667035,-0.039476
5.66764,-0.072664
5.668245,-0.091303
5.66885,-0.043492
5.669455,-0.103614
5.67006,-0.124741
5.670665,-0.116659
5.67127,-0.172521
5.671875,-0.176247
5.67248,-0.180931
5.673085,-0.238407
5.67369,-0.232467
5.674295,-0.259988
5.6749,-0.307945
5.675505,-0.306774
5.67611,-0.349585
5.676715,-0.368188
5.67732,-0.355841
5.677925,-0.422515
5.67853,-0.454721
5.679135,-0.488916
5.67974,-0.541891
5.680345,-0.549687
5.68095,-0.582591
5.681555,-0.620433
5.68216,-0.632197
5.682765,-0.665228
5.68337,-0.683843
5.683975,-0.69454
5.68458,-0.725034
5.685185,-0.726442
5.68579,-0.702907
5.686395,-0.733959
5.687,-0.74388
5.687605,-0.769059
5.68821,-0.785296
5.688815,-0.761712
5.68942,-0.778118
5.690025,-0.770248
5.69063,-0.755377
5.691235,-0.768999
5.69184,-0.748096
5.692445,-0.727443
5.69305,-0.731472
5.693655,-0.694807
5.69426,-0.638368
5.694865,-0.649417
5.69547,-0.625711
5.696075,-0.644866
5.69668,-0.644411
5.697285,-0.592899
5.69789,-0.600392
5.698495,-0.590606
5.6991,-0.536685
5.699705,-0.55388
5.70031,-0.525108
5.700915,-0.494286
5.70152,-0.50312
5.702125,-0.460109
5.70273,-0.399605
5.703335,-0.416587
5.70394,-0.393829
5.704545,-0.387761
5.70515,-0.442101
5.705755,-0.382222
5.70636,-0.369322
5.706965,-0.399847
5.70757,-0.352801
5.708175,-0.352188
5.70878,-0.370475
5.709385,-0.329308
5.70999,-0.337839
5.710595,-0.331001
5.7112,-0.25758
5.711805,-0.286994
5.71241,-0.303479
5.713015,-0.267846
5.71362,-0.350198
5.714225,-0.32446
5.71483,-0.290592
5.715435,-0.360185
5.71604,-0.311585
5.716645,-0.31161
5.71725,-0.361805
5.717855,-0.29396
5.71846,-0.338136
5.719065,-0.350975
5.71967,-0.262361
5.720275,-0.306695
5.72088,-0.310202
5.721485,-0.27836
5.72209,-0.376349
5.722695,-0.341049
5.7233,-0.308054
5.723905,-0.392585
5.72451,-0.325176
5.725115,-0.342256
5.72572,-0.39594
5.726325,-0.317204
5.72693,-0.365057
5.727535,-0.386087
5.72814,-0.30766
5.728745,-0.334738
5.72935,-0.342086
5.729955,-0.307642
5.73056,-0.386596
5.731165,-0.377956
5.73177,-0.342129
5.732375,-0.405982
5.73298,-0.362114
5.733585,-0.357194
5.73419,-0.403184
5.734795,-0.345259
5.7354,-0.368176
5.736005,-0.384539
5.73661,-0.335594
5.737215,-0.342935
5.73782,-0.326378
5.738425,-0.317076
5.73903,-0.36138
5.739635,-0.349519
5.74024,-0.327609
5.740845,-0.354633
5.74145,-0.325298
5.742055,-0.319546
5.74266,-0.338506
5.743265,-0.297012
5.74387,-0.299445
5.744475,-0.296447
5.74508,-0.26466
5.745685,-0.248697
5.74629,-0.211759
5.746895,-0.202166
5.7475,-0.212451
5.748105,-0.184237
5.74871,-0.159689
5.749315,-0.151607
5.74992,-0.112011
5.750525,-0.091346
5.75113,-0.069382
5.751735,-0.022979
5.75234,-0.009521
5.752945,0.02917
5.75355,0.069233
5.754155,0.086428
5.75476,0.149687
5.755365,0.177566
5.75597,0.1833
5.756575,0.234411
5.75718,0.25765
5.757785,0.277993
5.75839,0.325416
5.758995,0.342217
5.7596,0.363622
5.760205,0.401683
5.76081,0.409643
5.761415,0.43586
5.76202,0.460385
5.762625,0.462096
5.76323,0.491073
5.763835,0.509257
5.76444,0.499902
5.765045,0.50879
5.76565,0.516708
5.766255,0.510386
5.76686,0.519851
5.767465,0.518953
5.76807,0.509361
5.768675,0.515106
5.76928,0.506145
5.769885,0.498154
5.77049,0.494684
5.771095,0.482239
5.7717,0.482245
5.772305,0.475675
5.77291,0.458698
5.773515,0.450847
5.77412,0.441643
5.774725,0.433057
5.77533,0.42338
5.775935,0.420188
5.77654,0.411991
5.777145,0.399031
5.77775,0.397466
5.778355,0.396319
5.77896,0.386369
5.779565,0.379859
5.78017,0.376455
5.780775,0.37293
5.78138,0.36668
5.781985,0.35929
5.78259,0.356699
5.783195,0.360328
5.7838,0.34923
5.784405,0.353465
5.78501,0.352756
5.785615,0.358101
5.78622,0.374719
5.786825,0.343151
5.78743,0.343697
5.788035,0.386636
5.78864,0.36543
5.789245,0.359478
5.78985,0.372766
5.790455,0.343515
5.79106,0.37401
5.791665,0.370139
5.79227,0.344128
5.792875,0.376752
5.79348,0.381169
5.794085,0.356056
5.79469,0.389845
5.795295,0.379889
5.7959,0.379179
5.796505,0.403266
5.79711,0.376655
5.797715,0.385987
5.79832,0.399019
5.798925,0.374119
5.79953,0.381697
5.800135,0.388219
5.80074,0.364472
5.801345,0.392873
5.80195,0.390695
5.802555,0.365151
5.80316,0.395209
5.803765,0.379658
5.80437,0.364987
5.804975,0.400645
5.80558,0.375775
5.806185,0.364915
5.80679,0.374762
5.807395,0.358107
5.808,0.351785
5.808605,0.349328
5.80921,0.3386
5.809815,0.34761
5.81042,0.336513
5.811025,0.338892
5.81163,0.339504
5.812235,0.319185
5.81284,0.337375
5.813445,0.333298
5.81405,0.306965
5.814655,0.334171
5.81526,0.325889
5.815865,0.290359
5.81647,0.310229
5.817075,0.298113
5.81768,0.285535
5.818285,0.306207
5.81889,0.287222
5.819495,0.278351
5.8201,0.302572
5.820705,0.285177
5.82131,0.279195
5.821915,0.290838
5.82252,0.283223
5.823125,0.281173
5.82373,0.272181
5.824335,0.266993
5.82494,0.267163
5.825545,0.251977
5.82615,0.251339
5.826755,0.249082
5.82736,0.248457
5.827965,0.254768
5.82857,0.23588
5.829175,0.233234
5.82978,0.251898
5.830385,0.227282
5.83099,0.235334
5.831595,0.231354
5.8322,0.231566
5.832805,0.204985
5.83341,0.230286
5.834015,0.163994
5.83462,0.231942
5.835225,0.218843
5.83583,0.082412
5.836435,0.260483
5.83704,0.275099
5.837645,0.023643
5.83825,0.178404
5.838855,0.249192
5.83946,0.093533
5.840065,0.226251
5.84067,0.132261
5.841275,0.085937
5.84188,0.224394
5.842485,0.081829
5.84309,0.130854
5.843695,0.146113
5.8443,0.038053
5.844905,0.187899
5.84551,0.131436
5.846115,0.005763
5.84672,0.155548
5.847325,0.087084
5.84793,0.084414
5.848535,0.160377
5.84914,0.006545
5.849745,0.078207
5.85035,0.139172
5.850955,-0.006815
5.85156,0.104467
5.852165,0.095511
5.85277,-0.007968
5.853375,0.103265
5.85398,0.029547
5.854585,0.012467
5.85519,0.10551
5.855795,-0.00076
5.8564,0.01851
5.857005,0.066916
5.85761,-0.000657
5.858215,0.046299
5.85882,0.022508
5.859425,-0.02691
5.86003,0.053258
5.860635,0.012085
5.86124,-0.03046
5.861845,0.025354
5.86245,-0.024829
5.863055,-0.017749
5.86366,0.01939
5.864265,-0.049293
5.86487,-0.032116
5.865475,-0.014745
5.86608,-0.063266
5.866685,-0.029058
5.86729,-0.045847
5.867895,-0.095393
5.8685,-0.07014
5.869105,-0.104579
5.86971,-0.131208
5.870315,-0.116695
5.87092,-0.166696
5.871525,-0.188321
5.87213,-0.178813
5.872735,-0.231272
5.87334,-0.245069
5.873945,-0.255565
5.87455,-0.306367
5.875155,-0.293189
5.87576,-0.319091
5.876365,-0.379006
5.87697,-0.391323
5.877575,-0.44585
5.87818,-0.47896
5.878785,-0.480325
5.87939,-0.536145
5.879995,-0.567258
5.8806,-0.575449
5.881205,-0.624504
5.88181,-0.63599
5.882415,-0.652596
5.88302,-0.689055
5.883625,-0.655454
5.88423,-0.687756
5.884835,-0.727049
5.88544,-0.723602
5.886045,-0.775357
5.88665,-0.763847
5.887255,-0.758563
5.88786,-0.792388
5.888465,-0.768422
5.88907,-0.771086
5.889675,-0.783754
5.89028,-0.748036
5.890885,-0.758878
5.89149,-0.750766
5.892095,-0.68974
5.8927,-0.685475
5.893305,-0.689577
5.89391,-0.665732
5.894515,-0.704405
5.89512,-0.647451
5.895725,-0.637494
5.89633,-0.653263
5.896935,-0.585382
5.89754,-0.598463
5.898145,-0.5879
5.89875,-0.533663
5.899355,-0.54288
5.89996,-0.522863
5.900565,-0.439971
5.90117,-0.450528
5.901775,-0.437192
5.90238,-0.416751
5.902985,-0.473718
5.90359,-0.426817
5.904195,-0.392985
5.9048,-0.436349
5.905405,-0.37988
5.90601,-0.383332
5.906615,-0.3871
5.90722,-0.350095
5.907825,-0.359615
5.90843,-0.347856
5.909035,-0.307909
5.90964,-0.285926
5.910245,-0.291254
5.91085,-0.289743
5.911455,-0.340132
5.91206,-0.338124
5.912665,-0.304056
5.91327,-0.333216
5.913875,-0.321499
5.91448,-0.314273
5.915085,-0.337815
5.91569,-0.318435
5.916295,-0.317167
5.9169,-0.335509
5.917505,-0.28771
5.91811,-0.269678
5.918715,-0.310178
5.91932,-0.273118
5.919925,-0.340357
5.92053,-0.35879
5.921135,-0.303055
5.92174,-0.364912
5.922345,-0.349658
5.92295,-0.316858
5.923555,-0.381233
5.92416,-0.337542
5.924765,-0.337426
5.92537,-0.384582
5.925975,-0.325522
5.92658,-0.312168
5.927185,-0.342201
5.92779,-0.316828
5.928395,-0.358826
5.929,-0.390467
5.929605,-0.339325
5.93021,-0.374929
5.930815,-0.378769
5.93142,-0.350477
5.932025,-0.390916
5.93263,-0.369589
5.933235,-0.356308
5.93384,-0.386263
5.934445,-0.353426
5.93505,-0.326827
5.935655,-0.333974
5.93626,-0.327864
5.936865,-0.343633
5.93747,-0.371222
5.938075,-0.339447
5.93868,-0.350787
5.939285,-0.359833
5.93989,-0.326378
5.940495,-0.345447
5.9411,-0.338063
5.941705,-0.311998
5.94231,-0.332008
5.942915,-0.306137
5.94352,-0.280241
5.944125,-0.268246
5.94473,-0.250639
5.945335,-0.245245
5.94594,-0.254607
5.946545,-0.220733
5.94715,-0.208889
5.947755,-0.193666
5.94836,-0.154883
5.948965,-0.146395
5.94957,-0.118212
5.950175,-0.0798
5.95078,-0.065954
5.951385,-0.027189
5.95199,0.004331
5.952595,0.048343
5.9532,0.092526
5.953805,0.104218
5.95441,0.127523
5.955015,0.169321
5.95562,0.18907
5.956225,0.224497
5.95683,0.264591
5.957435,0.281519
5.95804,0.317528
5.958645,0.351081
5.95925,0.362912
5.959855,0.398012
5.96046,0.416833
5.961065,0.431425
5.96167,0.465099
5.962275,0.474212
5.96288,0.474922
5.963485,0.496844
5.96409,0.498749
5.964695,0.503475
5.9653,0.519026
5.965905,0.511314
5.96651,0.51834
5.967115,0.523206
5.96772,0.510726
5.968325,0.514221
5.96893,0.50967
5.969535,0.495442
5.97014,0.501989
5.970745,0.494138
5.97135,0.472877
5.971955,0.477859
5.97256,0.463461
5.973165,0.446873
5.97377,0.451332
5.974375,0.435193
5.97498,0.425024
5.975585,0.425971
5.97619,0.409128
5.976795,0.407859
5.9774,0.400087
5.978005,0.388571
5.97861,0.395913
5.979215,0.375848
5.97982,0.363367
5.980425,0.372001
5.98103,0.354376
5.981635,0.355407
5.98224,0.365333
5.982845,0.355601
5.98345,0.350013
5.984055,0.351809
5.98466,0.353101
5.985265,0.360892
5.98587,0.372851
5.986475,0.350128
5.98708,0.340894
5.987685,0.375854
5.98829,0.367044
5.988895,0.33908
5.9895,0.367851
5.990105,0.349528
5.99071,0.362336
5.991315,0.384828
5.99192,0.350238
5.992525,0.36884
5.99313,0.396441
5.993735,0.362202
5.99434,0.384646
5.994945,0.396028
5.99555,0.376097
5.996155,0.396283
5.99676,0.37981
5.997365,0.366007
5.99797,0.385434
5.998575,0.376619
5.99918,0.382534
5.999785,0.392436
6.00039,0.366347
6.000995,0.385817
6.0016,0.40252
6.002205,0.368974
6.00281,0.388062
6.003415,0.391769
6.00402,0.370794
6.004625,0.390483
6.00523,0.376886
6.005835,0.349661
6.00644,0.363507
6.007045,0.362409
6.00765,0.352434
6.008255,0.354643
6.00886,0.348436
6.009465,0.345268
6.01007,0.345584
6.010675,0.343175
6.01128,0.346488
6.011885,0.322965
6.01249,0.335876
6.013095,0.341397
6.0137,0.304101
6.014305,0.308118
6.01491,0.319185
6.015515,0.288636
6.01612,0.301147
6.016725,0.30705
6.01733,0.287628
6.017935,0.300261
6.01854,0.296475
6.019145,0.278879
6.01975,0.298277
6.020355,0.296135
6.02096,0.282289
6.021565,0.287616
6.02217,0.279401
6.022775,0.272824
6.02338,0.257079
6.023985,0.26365
6.02459,0.268067
6.025195,0.2564
6.0258,0.257813
6.026405,0.251
6.02701,0.251461
6.027615,0.261806
6.02822,0.24054
6.028825,0.23625
6.02943,0.254731
6.030035,0.234387
6.03064,0.230049
6.031245,0.224491
6.03185,0.21664
6.032455,0.199761
6.03306,0.223945
6.033665,0.16281
6.03427,0.253396
6.034875,0.182463
6.03548,0.100541
6.036085,0.298155
6.03669,0.226657
6.037295,0.015161
6.0379,0.237524
6.038505,0.208498
6.03911,0.106815
6.039715,0.242093
6.04032,0.081611
6.040925,0.11344
6.04153,0.218964
6.042135,0.063063
6.04274,0.163253
6.043345,0.121935
6.04395,0.048811
6.044555,0.218818
6.04516,0.089777
6.045765,0.018043
6.04637,0.181061
6.046975,0.063852
6.04758,0.110764
6.048185,0.143601
6.04879,-0.017221
6.049395,0.101827
6.05,0.110443
6.050605,-0.014812
6.05121,0.128257
6.051815,0.061261
6.05242,0.005411
6.053025,0.107391
6.05363,0.003196
6.054235,0.034467
6.05484,0.10261
6.055445,-0.018877
6.05605,0.039649
6.056655,0.068505
6.05726,-0.004158
6.057865,0.045643
6.05847,0.010149
6.059075,-0.022851
6.05968,0.063257
6.060285,-8.64E-05
6.06089,-0.026346
6.061495,0.025767
6.0621,-0.029993
6.062705,-0.005796
6.06331,0.019147
6.063915,-0.065814
6.06452,-0.013799
6.065125,0.002462
6.06573,-0.071063
6.066335,-0.043049
6.06694,-0.069825
6.067545,-0.101757
6.06815,-0.057714
6.068755,-0.114863
6.06936,-0.130887
6.069965,-0.112606
6.07057,-0.17112
6.071175,-0.172303
6.07178,-0.177697
6.072385,-0.238194
6.07299,-0.209987
6.073595,-0.229415
6.0742,-0.295191
6.074805,-0.306422
6.07541,-0.349173
6.076015,-0.37272
6.07662,-0.400363
6.077225,-0.449855
6.07783,-0.462845
6.078435,-0.493795
6.07904,-0.538839
6.079645,-0.553716
6.08025,-0.58645
6.080855,-0.617345
6.08146,-0.61496
6.082065,-0.629461
6.08267,-0.666326
6.083275,-0.689552
6.08388,-0.735877
6.084485,-0.733856
6.08509,-0.741477
6.085695,-0.770728
6.0863,-0.761572
6.086905,-0.771407
6.08751,-0.786382
6.088115,-0.76838
6.08872,-0.776431
6.089325,-0.771608
6.08993,-0.721442
6.090535,-0.715515
6.09114,-0.725429
6.091745,-0.710285
6.09235,-0.738255
6.092955,-0.711322
6.09356,-0.67746
6.094165,-0.700637
6.09477,-0.647184
6.095375,-0.64952
6.09598,-0.645546
6.096585,-0.587784
6.09719,-0.598257
6.097795,-0.581074
6.0984,-0.512555
6.099005,-0.489566
6.09961,-0.492957
6.100215,-0.46398
6.10082,-0.506105
6.101425,-0.477431
6.10203,-0.435044
6.102635,-0.467044
6.10324,-0.426683
6.103845,-0.399047
6.10445,-0.427187
6.105055,-0.382034
6.10566,-0.375918
6.106265,-0.373818
6.10687,-0.331244
6.107475,-0.286381
6.10808,-0.311094
6.108685,-0.309158
6.10929,-0.325346
6.109895,-0.345684
6.1105,-0.3059
6.111105,-0.332821
6.11171,-0.343257
6.112315,-0.303449
6.11292,-0.328471
6.113525,-0.330825
6.11413,-0.304675
6.114735,-0.33341
6.11534,-0.315778
6.115945,-0.255274
6.11655,-0.30047
6.117155,-0.291745
6.11776,-0.304869
6.118365,-0.373709
6.11897,-0.299499
6.119575,-0.338336
6.12018,-0.364014
6.120785,-0.306883
6.12139,-0.362139
6.121995,-0.355228
6.1226,-0.311324
6.123205,-0.374795
6.12381,-0.334908
6.124415,-0.285168
6.12502,-0.338634
6.125625,-0.310609
6.12623,-0.32605
6.126835,-0.403658
6.12744,-0.336996
6.128045,-0.35919
6.12865,-0.401813
6.129255,-0.335175
6.12986,-0.378266
6.130465,-0.386293
6.13107,-0.342517
6.131675,-0.392245
6.13228,-0.372939
6.132885,-0.329035
6.13349,-0.349798
6.134095,-0.333203
6.1347,-0.336971
6.135305,-0.386657
6.13591,-0.350332
6.136515,-0.352152
6.13712,-0.375535
6.137725,-0.335454
6.13833,-0.357661
6.138935,-0.35754
6.13954,-0.321099
6.140145,-0.347838
6.14075,-0.333118
6.141355,-0.300458
6.14196,-0.296726
6.142565,-0.271783
6.14317,-0.274265
6.143775,-0.295986
6.14438,-0.268507
6.144985,-0.244929
6.14559,-0.257373
6.146195,-0.216218
6.1468,-0.205334
6.147405,-0.193721
6.14801,-0.148549
6.148615,-0.144696
6.14922,-0.116422
6.149825,-0.073908
6.15043,-0.053273
6.151035,-0.002077
6.15164,0.017843
6.152245,0.02786
6.15285,0.071005
6.153455,0.100984
6.15406,0.1262
6.154665,0.172221
6.15527,0.191181
6.155875,0.224673
6.15648,0.267412
6.157085,0.283757
6.15769,0.318827
6.158295,0.35227
6.1589,0.367742
6.159505,0.41258
6.16011,0.430394
6.160715,0.427214
6.16132,0.457612
6.161925,0.470056
6.16253,0.472174
6.163135,0.499252
6.16374,0.497711
6.164345,0.500478
6.16495,0.520233
6.165555,0.508669
6.16616,0.514105
6.166765,0.523637
6.16737,0.504919
6.167975,0.513571
6.16858,0.51578
6.169185,0.493409
6.16979,0.487724
6.170395,0.483162
6.171,0.469607
6.171605,0.476306
6.17221,0.458207
6.172815,0.446824
6.17342,0.447934
6.174025,0.433312
6.17463,0.425467
6.175235,0.427506
6.17584,0.410905
6.176445,0.405596
6.17705,0.399031
6.177655,0.392624
6.17826,0.380999
6.178865,0.378317
6.17947,0.371504
6.180075,0.368173
6.18068,0.364557
6.181285,0.363865
6.18189,0.363647
6.182495,0.368379
6.1831,0.353277
6.183705,0.353987
6.18431,0.361881
6.184915,0.363234
6.18552,0.372893
6.186125,0.342696
6.18673,0.33186
6.187335,0.376018
6.18794,0.361541
6.188545,0.34195
6.18915,0.373099
6.189755,0.346264
6.19036,0.373864
6.190965,0.381697
6.19157,0.348812
6.192175,0.383268
6.19278,0.392721
6.193385,0.364253
6.19399,0.390756
6.194595,0.379507
6.1952,0.368324
6.195805,0.391029
6.19641,0.370958
6.197015,0.374101
6.19762,0.392861
6.198225,0.376303
6.19883,0.390313
6.199435,0.392679
6.20004,0.366862
6.200645,0.399038
6.20125,0.397527
6.201855,0.372165
6.20246,0.394026
6.203065,0.374107
6.20367,0.359769
6.204275,0.380823
6.20488,0.362524
6.205485,0.356105
6.20609,0.36341
6.206695,0.359418
6.2073,0.358332
6.207905,0.353921
6.20851,0.34934
6.209115,0.353854
6.20972,0.344122
6.210325,0.352234
6.21093,0.347435
6.211535,0.312723
6.21214,0.333801
6.212745,0.32467
6.21335,0.296723
6.213955,0.321005
6.21456,0.319767
6.215165,0.293174
6.21577,0.312104
6.216375,0.307068
6.21698,0.294175
6.217585,0.308967
6.21819,0.294667
6.218795,0.288029
6.2194,0.305485
6.220005,0.287525
6.22061,0.27371
6.221215,0.274935
6.22182,0.269178
6.222425,0.272709
6.22303,0.255229
6.223635,0.265931
6.22424,0.269475
6.224845,0.25575
6.22545,0.258026
6.226055,0.253973
6.22666,0.250842
6.227265,0.26399
6.22787,0.241407
6.228475,0.233507
6.22908,0.245521
6.229685,0.224036
6.23029,0.214595
6.230895,0.231954
6.2315,0.209632
6.232105,0.210682
6.23271,0.215584
6.233315,0.172627
6.23392,0.269269
6.234525,0.141405
6.23513,0.140555
6.235735,0.329463
6.23634,0.155657
6.236945,0.040541
6.23755,0.279419
6.238155,0.138244
6.23876,0.138735
6.239365,0.223775
6.23997,0.048495
6.240575,0.168131
6.24118,0.185502
6.241785,0.063852
6.24239,0.190514
6.242995,0.079875
6.2436,0.091215
6.244205,0.226063
6.24481,0.037871
6.245415,0.068942
6.24602,0.178628
6.246625,0.04008
6.24723,0.14246
6.247835,0.098806
6.24844,-0.011796
6.249045,0.14328
6.24965,0.069761
6.250255,0.009118
6.25086,0.147933
6.251465,0.023467
6.25207,0.040971
6.252675,0.105631
6.25328,-0.016183
6.253885,0.074864
6.25449,0.081174
6.255095,-0.026243
6.2557,0.061237
6.256305,0.032386
6.25691,0.003724
6.257515,0.057147
6.25812,-0.022232
6.258725,0.003675
6.25933,0.064222
6.259935,-0.022669
6.26054,-0.000554
6.261145,0.016781
6.26175,-0.038645
6.262355,0.020597
6.26296,0.008226
6.263565,-0.05152
6.26417,-0.00866
6.264775,-0.033694
6.26538,-0.05394
6.265985,-0.042097
6.26659,-0.090964
6.267195,-0.081195
6.2678,-0.067671
6.268405,-0.125086
6.26901,-0.110858
6.269615,-0.132628
6.27022,-0.181107
6.270825,-0.154798
6.27143,-0.178194
6.272035,-0.224549
6.27264,-0.22751
6.273245,-0.284124
6.27385,-0.291866
6.274455,-0.314176
6.27506,-0.366695
6.275665,-0.365943
6.27627,-0.412771
6.276875,-0.455394
6.27748,-0.452858
6.278085,-0.508908
6.27869,-0.542467
6.279295,-0.528518
6.2799,-0.558121
6.280505,-0.59208
6.28111,-0.624037
6.281715,-0.675877
6.28232,-0.674881
6.282925,-0.698902
6.28353,-0.739062
6.284135,-0.723323
6.28474,-0.751791
6.285345,-0.771098
6.28595,-0.749686
6.286555,-0.778585
6.28716,-0.782031
6.287765,-0.747696
6.28837,-0.738716
6.288975,-0.736763
6.28958,-0.735725
6.290185,-0.768804
6.29079,-0.749698
6.291395,-0.723742
6.292,-0.735598
6.292605,-0.702415
6.29321,-0.689856
6.293815,-0.691876
6.29442,-0.641839
6.295025,-0.654853
6.29563,-0.627495
6.296235,-0.573053
6.29684,-0.541903
6.297445,-0.53913
6.29805,-0.51304
6.298655,-0.539591
6.29926,-0.535817
6.299865,-0.484566
6.30047,-0.502071
6.301075,-0.475053
6.30168,-0.441142
6.302285,-0.467286
6.30289,-0.425585
6.303495,-0.399756
6.3041,-0.422837
6.304705,-0.372757
6.30531,-0.319521
6.305915,-0.335485
6.30652,-0.334647
6.307125,-0.327524
6.30773,-0.37562
6.308335,-0.333986
6.30894,-0.325759
6.309545,-0.34768
6.31015,-0.308594
6.310755,-0.333355
6.31136,-0.346515
6.311965,-0.294014
6.31257,-0.322852
6.313175,-0.32375
6.31378,-0.244632
6.314385,-0.284513
6.31499,-0.298067
6.315595,-0.272566
6.3162,-0.365348
6.316805,-0.312471
6.31741,-0.308819
6.318015,-0.374237
6.31862,-0.295373
6.319225,-0.342456
6.31983,-0.363747
6.320435,-0.300288
6.32104,-0.3599
6.321645,-0.349895
6.32225,-0.27725
6.322855,-0.325122
6.32346,-0.312872
6.324065,-0.305912
6.32467,-0.392014
6.325275,-0.34134
6.32588,-0.338628
6.326485,-0.398652
6.32709,-0.337293
6.327695,-0.364681
6.3283,-0.393568
6.328905,-0.335224
6.32951,-0.373345
6.330115,-0.380899
6.33072,-0.325225
6.331325,-0.337026
6.33193,-0.342062
6.332535,-0.326305
6.33314,-0.386991
6.333745,-0.370433
6.33435,-0.341467
6.334955,-0.388617
6.33556,-0.354463
6.336165,-0.351096
6.33677,-0.379855
6.337375,-0.336589
6.33798,-0.351484
6.338585,-0.360585
6.33919,-0.318787
6.339795,-0.317762
6.3404,-0.307763
6.341005,-0.296387
6.34161,-0.33023
6.342215,-0.30826
6.34282,-0.282638
6.343425,-0.303061
6.34403,-0.272329
6.344635,-0.247374
6.34524,-0.257173
6.345845,-0.21748
6.34645,-0.204951
6.347055,-0.191476
6.34766,-0.14878
6.348265,-0.12755
6.34887,-0.084162
6.349475,-0.05783
6.35008,-0.058685
6.350685,-0.025236
6.35129,0.01132
6.351895,0.030135
6.3525,0.072789
6.353105,0.102622
6.35371,0.127183
6.354315,0.174169
6.35492,0.19595
6.355525,0.227555
6.35613,0.271447
6.356735,0.288017
6.35734,0.329214
6.357945,0.362658
6.35855,0.367044
6.359155,0.398164
6.35976,0.421954
6.360365,0.43057
6.36097,0.460439
6.361575,0.469006
6.36218,0.471737
6.362785,0.501831
6.36339,0.498427
6.363995,0.504161
6.3646,0.521368
6.365205,0.508505
6.36581,0.520355
6.366415,0.534037
6.36702,0.508687
6.367625,0.506752
6.36823,0.5124
6.368835,0.486335
6.36944,0.4906
6.370045,0.490552
6.37065,0.468794
6.371255,0.478229
6.37186,0.458474
6.372465,0.442019
6.37307,0.453753
6.373675,0.429999
6.37428,0.422263
6.374885,0.434853
6.37549,0.398655
6.376095,0.396156
6.3767,0.399038
6.377305,0.381994
6.37791,0.384931
6.378515,0.378287
6.37912,0.364854
6.379725,0.375314
6.38033,0.362639
6.380935,0.362852
6.38154,0.371261
6.382145,0.360388
6.38275,0.357876
6.383355,0.366383
6.38396,0.341482
6.384565,0.367117
6.38517,0.366365
6.385775,0.327078
6.38638,0.354103
6.386985,0.38157
6.38759,0.348957
6.388195,0.364326
6.3888,0.363738
6.389405,0.355723
6.39001,0.392078
6.390615,0.364235
6.39122,0.361201
6.391825,0.392976
6.39243,0.368167
6.393035,0.363343
6.39364,0.38376
6.394245,0.362803
6.39485,0.386332
6.395455,0.384561
6.39606,0.364769
6.396665,0.392424
6.39727,0.386903
6.397875,0.379755
6.39848,0.403145
6.399085,0.381794
6.39969,0.382122
6.400295,0.408982
6.4009,0.375508
6.401505,0.373973
6.40211,0.382182
6.402715,0.361596
6.40332,0.375508
6.403925,0.382486
6.40453,0.362682
6.405135,0.367263
6.40574,0.366019
6.406345,0.367093
6.40695,0.360218
6.407555,0.354843
6.40816,0.358635
6.408765,0.353593
6.40937,0.336525
6.409975,0.346494
6.41058,0.31836
6.411185,0.309162
6.41179,0.337921
6.412395,0.309313
6.413,0.300516
6.413605,0.330555
6.41421,0.30634
6.414815,0.29716
6.41542,0.318687
6.416025,0.299381
6.41663,0.303889
6.417235,0.311588
6.41784,0.282605
6.418445,0.289151
6.41905,0.29318
6.419655,0.268565
6.42026,0.280081
6.420865,0.278139
6.42147,0.276379
6.422075,0.272915
6.42268,0.26092
6.423285,0.278236
6.42389,0.271793
6.424495,0.25984
6.4251,0.263371
6.425705,0.26186
6.42631,0.259561
6.426915,0.252656
6.42752,0.226894
6.428125,0.235758
6.42873,0.237724
6.429335,0.222568
6.42994,0.226451
6.430545,0.226063
6.43115,0.215317
6.431755,0.214905
6.43236,0.21721
6.432965,0.175679
6.43357,0.273285
6.434175,0.149195
6.43478,0.136666
6.435385,0.323292
6.43599,0.162495
6.436595,0.025136
6.4372,0.26433
6.437805,0.159425
6.43841,0.127134
6.439015,0.225492
6.43962,0.062134
6.440225,0.158357
6.44083,0.190599
6.441435,0.068857
6.44204,0.183537
6.442645,0.086471
6.44325,0.092338
6.443855,0.21613
6.44446,0.04656
6.445065,0.054022
6.44567,0.159843
6.446275,0.046013
6.44688,0.138268
6.447485,0.095905
6.44809,-0.007125
6.448695,0.131236
6.4493,0.071436
6.449905,0.014682
6.45051,0.14132
6.451115,0.02877
6.45172,0.042846
6.452325,0.099267
6.45293,0.000812
6.453535,0.06296
6.45414,0.071727
6.454745,-0.015922
6.45535,0.054732
6.455955,0.038727
6.45656,0.010125
6.457165,0.044679
6.45777,-0.009145
6.458375,0.008608
6.45898,0.055849
6.459585,-0.013963
6.46019,-0.000311
6.460795,0.015519
6.4614,-0.020606
6.462005,0.010082
6.46261,-0.010419
6.463215,-0.053255
6.46382,-0.01267
6.464425,-0.032207
6.46503,-0.052624
6.465635,-0.046296
6.46624,-0.084126
6.466845,-0.075116
6.46745,-0.071366
6.468055,-0.120512
6.46866,-0.110203
6.469265,-0.110282
6.46987,-0.155757
6.470475,-0.163936
6.47108,-0.199909
6.471685,-0.232097
6.47229,-0.230131
6.472895,-0.27509
6.4735,-0.299372
6.474105,-0.312823
6.47471,-0.367423
6.475315,-0.377744
6.47592,-0.398464
6.476525,-0.470017
6.47713,-0.458125
6.477735,-0.46708
6.47834,-0.532674
6.478945,-0.539797
6.47955,-0.593445
6.480155,-0.632507
6.48076,-0.624559
6.481365,-0.67834
6.48197,-0.689583
6.482575,-0.691118
6.48318,-0.74533
6.483785,-0.731975
6.48439,-0.737849
6.484995,-0.776243
6.4856,-0.743103
6.486205,-0.722971
6.48681,-0.756779
6.487415,-0.738504
6.48802,-0.771419
6.488625,-0.787
6.48923,-0.735282
6.489835,-0.770952
6.49044,-0.752052
6.491045,-0.719531
6.49165,-0.740682
6.492255,-0.704745
6.49286,-0.676884
6.493465,-0.697306
6.49407,-0.63349
6.494675,-0.600083
6.49528,-0.598621
6.495885,-0.56346
6.49649,-0.582615
6.497095,-0.597886
6.4977,-0.53191
6.498305,-0.542109
6.49891,-0.532298
6.499515,-0.482145
6.50012,-0.506063
6.500725,-0.468767
6.50133,-0.439571
6.501935,-0.458701
6.50254,-0.41339
6.503145,-0.345739
6.50375,-0.368522
6.504355,-0.351885
6.50496,-0.350568
6.505565,-0.390431
6.50617,-0.359463
6.506775,-0.338185
6.50738,-0.364159
6.507985,-0.339956
6.50859,-0.332724
6.509195,-0.33722
6.5098,-0.316269
6.510405,-0.32608
6.51101,-0.335612
6.511615,-0.27111
6.51222,-0.258065
6.512825,-0.305682
6.51343,-0.279641
6.514035,-0.333264
6.51464,-0.343633
6.515245,-0.288681
6.51585,-0.349707
6.516455,-0.32642
6.51706,-0.311852
6.517665,-0.365227
6.51827,-0.30718
6.518875,-0.328574
6.51948,-0.358298
6.520085,-0.282268
6.52069,-0.289088
6.521295,-0.324764
6.5219,-0.280975
6.522505,-0.363722
6.52311,-0.364905
6.523715,-0.310372
6.52432,-0.387974
6.524925,-0.352079
6.52553,-0.334399
6.526135,-0.401959
6.52674,-0.343111
6.527345,-0.353687
6.52795,-0.397063
6.528555,-0.328562
6.52916,-0.325322
6.529765,-0.353153
6.53037,-0.323496
6.530975,-0.375463
6.53158,-0.390097
6.532185,-0.337906
6.53279,-0.391578
6.533395,-0.369711
6.534,-0.341983
6.534605,-0.389879
6.53521,-0.352419
6.535815,-0.346145
6.53642,-0.375353
6.537025,-0.332045
6.53763,-0.318472
6.538235,-0.319716
6.53884,-0.300974
6.539445,-0.329211
6.54005,-0.346982
6.540655,-0.305664
6.54126,-0.328665
6.541865,-0.312374
6.54247,-0.28177
6.543075,-0.303661
6.54368,-0.27705
6.544285,-0.242454
6.54489,-0.259224
6.545495,-0.2191
6.5461,-0.194552
6.546705,-0.1699
6.54731,-0.132513
6.547915,-0.137852
6.54852,-0.120014
6.549125,-0.072403
6.54973,-0.063472
6.550335,-0.027857
6.55094,0.012716
6.551545,0.028036
6.55215,0.073268
6.552755,0.104103
6.55336,0.127844
6.553965,0.179587
6.55457,0.196187
6.555175,0.243027
6.55578,0.293611
6.556385,0.289176
6.55699,0.320071
6.557595,0.361159
6.5582,0.36108
6.558805,0.402921
6.55941,0.426559
6.560015,0.423459
6.56062,0.463133
6.561225,0.472422
6.56183,0.472246
6.562435,0.507346
6.56304,0.496819
6.563645,0.502978
6.56425,0.530493
6.564855,0.509591
6.56546,0.511084
6.566065,0.525615
6.56667,0.500945
6.567275,0.511866
6.56788,0.511126
6.568485,0.486802
6.56909,0.49529
6.569695,0.486402
6.5703,0.473005
6.570905,0.481432
6.57151,0.456186
6.572115,0.45186
6.57272,0.451356
6.573325,0.43219
6.57393,0.423507
6.574535,0.417937
6.57514,0.407386
6.575745,0.3982
6.57635,0.395203
6.576955,0.393789
6.57756,0.383881
6.578165,0.375969
6.57877,0.376303
6.579375,0.369404
6.57998,0.363956
6.580585,0.371285
6.58119,0.365521
6.581795,0.359678
6.5824,0.348072
6.583005,0.346967
6.58361,0.347131
6.584215,0.363895
6.58482,0.360376
6.585425,0.332927
6.58603,0.351111
6.586635,0.380829
6.58724,0.35423
6.587845,0.361851
6.58845,0.367408
6.589055,0.361869
6.58966,0.389057
6.590265,0.361286
6.59087,0.355183
6.591475,0.379046
6.59208,0.371079
6.592685,0.366019
6.59329,0.385107
6.593895,0.375344
6.5945,0.385768
6.595105,0.387461
6.59571,0.376819
6.596315,0.390495
6.59692,0.390446
6.597525,0.388565
6.59813,0.401786
6.598735,0.37947
6.59934,0.369914
6.599945,0.392181
6.60055,0.37117
6.601155,0.370181
6.60176,0.381861
6.602365,0.365643
6.60297,0.374677
6.603575,0.386096
6.60418,0.363634
6.604785,0.366431
6.60539,0.373366
6.605995,0.367724
6.6066,0.362961
6.607205,0.355765
6.60781,0.346112
6.608415,0.339589
6.60902,0.332145
6.609625,0.344419
6.61023,0.322771
6.610835,0.317838
6.61144,0.339911
6.612045,0.31603
6.61265,0.308682
6.613255,0.330646
6.61386,0.313463
6.614465,0.302427
6.61507,0.320853
6.615675,0.303464
6.61628,0.29247
6.616885,0.29605
6.61749,0.273843
6.618095,0.279419
6.6187,0.292998
6.619305,0.27195
6.61991,0.274383
6.620515,0.280481
6.62112,0.276422
6.621725,0.270646
6.62233,0.263559
6.622935,0.278497
6.62354,0.272357
6.624145,0.260726
6.62475,0.255471
6.625355,0.250259
6.62596,0.247384
6.626565,0.250314
6.62717,0.229048
6.627775,0.237967
6.62838,0.242384
6.628985,0.225353
6.62959,0.230116
6.630195,0.229873
6.6308,0.219164
6.631405,0.218321
6.63201,0.221998
6.632615,0.178343
6.63322,0.26865
6.633825,0.145003
6.63443,0.123882
6.635035,0.313755
6.63564,0.167215
6.636245,0.025324
6.63685,0.261241
6.637455,0.164916
6.63806,0.1266
6.638665,0.227671
6.63927,0.068766
6.639875,0.158102
6.64048,0.194828
6.641085,0.074166
6.64169,0.184459
6.642295,0.091434
6.6429,0.081987
6.643505,0.211701
6.64411,0.053604
6.644715,0.052184
6.64532,0.166123
6.645925,0.049575
6.64653,0.136338
6.647135,0.107573
6.64774,-0.002623
6.648345,0.129865
6.64895,0.078219
6.649555,0.013741
6.65016,0.143953
6.650765,0.03997
6.65137,0.032046
6.651975,0.090396
6.65258,-0.002574
6.653185,0.061412
6.65379,0.070077
6.654395,-0.014733
6.655,0.055345
6.655605,0.030784
6.65621,0.015052
6.656815,0.052214
6.65742,-0.018428
6.658025,0.008911
6.65863,0.063087
6.659235,-0.00565
6.65984,0.000132
6.660445,0.00251
6.66105,-0.025952
6.661655,0.009852
6.66226,-0.012798
6.662865,-0.049948
6.66347,-0.015164
6.664075,-0.038463
6.66468,-0.051459
6.665285,-0.04669
6.66589,-0.086559
6.666495,-0.076869
6.6671,-0.064103
6.667705,-0.105992
6.66831,-0.108504
6.668915,-0.142275
6.66952,-0.175045
6.670125,-0.168893
6.67073,-0.206213
6.671335,-0.23135
6.67194,-0.236314
6.672545,-0.279804
6.67315,-0.298504
6.673755,-0.318872
6.67436,-0.359524
6.674965,-0.37465
6.67557,-0.381318
6.676175,-0.430263
6.67678,-0.453428
6.677385,-0.498272
6.67799,-0.549384
6.678595,-0.552836
6.6792,-0.594501
6.679805,-0.624892
6.68041,-0.632841
6.681015,-0.677854
6.68162,-0.682247
6.682225,-0.693387
6.68283,-0.736763
6.683435,-0.729118
6.68404,-0.710764
6.684645,-0.733947
6.68525,-0.738188
6.685855,-0.760013
6.68646,-0.794154
6.687065,-0.758799
6.68767,-0.777074
6.688275,-0.77668
6.68888,-0.744286
6.689485,-0.769496
6.69009,-0.746185
6.690695,-0.722504
6.6913,-0.731041
6.691905,-0.696839
6.69251,-0.639023
6.693115,-0.64304
6.69372,-0.615555
6.694325,-0.625159
6.69493,-0.648136
6.695535,-0.590023
6.69614,-0.5858
6.696745,-0.592772
6.69735,-0.533123
6.697955,-0.544014
6.69856,-0.528269
6.699165,-0.482461
6.69977,-0.498382
6.700375,-0.464253
6.70098,-0.406249
6.701585,-0.400181
6.70219,-0.39429
6.702795,-0.370706
6.7034,-0.42604
6.704005,-0.39088
6.70461,-0.361174
6.705215,-0.385468
6.70582,-0.364293
6.706425,-0.335406
6.70703,-0.362946
6.707635,-0.341485
6.70824,-0.318223
6.708845,-0.334908
6.70945,-0.286145
6.710055,-0.256597
6.71066,-0.309086
6.711265,-0.267251
6.71187,-0.309862
6.712475,-0.357455
6.71308,-0.280988
6.713685,-0.335618
6.71429,-0.344841
6.714895,-0.284962
6.7155,-0.357133
6.716105,-0.322519
6.71671,-0.304559
6.717315,-0.365112
6.71792,-0.29203
6.718525,-0.276959
6.71913,-0.324897
6.719735,-0.280878
6.72034,-0.337202
6.720945,-0.375651
6.72155,-0.298486
6.722155,-0.369553
6.72276,-0.359724
6.723365,-0.317562
6.72397,-0.389709
6.724575,-0.348639
6.72518,-0.334957
6.725785,-0.393537
6.72639,-0.332997
6.726995,-0.307623
6.7276,-0.352564
6.728205,-0.313861
6.72881,-0.346928
6.729415,-0.403342
6.73002,-0.338173
6.730625,-0.379
6.73123,-0.39409
6.731835,-0.337074
6.73244,-0.395254
6.733045,-0.372459
6.73365,-0.337317
6.734255,-0.390358
6.73486,-0.353948
6.735465,-0.324121
6.73607,-0.340108
6.736675,-0.314152
6.73728,-0.334217
6.737885,-0.366659
6.73849,-0.318757
6.739095,-0.338628
6.7397,-0.349482
6.740305,-0.304396
6.74091,-0.332688
6.741515,-0.310329
6.74212,-0.276655
6.742725,-0.302223
6.74333,-0.271905
6.743935,-0.231751
6.74454,-0.222917
6.745145,-0.192167
6.74575,-0.188466
6.746355,-0.191925
6.74696,-0.148895
6.747565,-0.134697
6.74817,-0.121228
6.748775,-0.069928
6.74938,-0.057884
6.749985,-0.029392
6.75059,0.017661
6.751195,0.032186
6.7518,0.072473
6.752405,0.108969
6.75301,0.138523
6.753615,0.192996
6.75422,0.206957
6.754825,0.225159
6.75543,0.275354
6.756035,0.290529
6.75664,0.319258
6.757245,0.3602
6.75785,0.365176
6.758455,0.401319
6.75906,0.42611
6.759665,0.428962
6.76027,0.462824
6.760875,0.474479
6.76148,0.477604
6.762085,0.518856
6.76269,0.510586
6.763295,0.497717
6.7639,0.525099
6.764505,0.512607
6.76511,0.511593
6.765715,0.527211
6.76632,0.505217
6.766925,0.509021
6.76753,0.514906
6.768135,0.490303
6.76874,0.496777
6.769345,0.489332
6.76995,0.472271
6.770555,0.48429
6.77116,0.458868
6.771765,0.44515
6.77237,0.448341
6.772975,0.428252
6.77358,0.419315
6.774185,0.420492
6.77479,0.407793
6.775395,0.398273
6.776,0.396962
6.776605,0.391714
6.77721,0.386866
6.777815,0.378481
6.77842,0.375399
6.779025,0.377881
6.77963,0.362093
6.780235,0.358865
6.78084,0.363064
6.781445,0.357118
6.78205,0.347004
6.782655,0.354224
6.78326,0.350699
6.783865,0.363616
6.78447,0.369677
6.785075,0.337059
6.78568,0.350954
6.786285,0.387667
6.78689,0.357082
6.787495,0.364193
6.7881,0.367784
6.788705,0.348375
6.78931,0.379349
6.789915,0.35744
6.79052,0.348466
6.791125,0.382352
6.79173,0.370952
6.792335,0.360934
6.79294,0.391217
6.793545,0.375884
6.79415,0.385768
6.794755,0.395458
6.79536,0.375593
6.795965,0.395063
6.79657,0.391726
6.797175,0.374343
6.79778,0.389676
6.798385,0.375005
6.79899,0.366298
6.799595,0.397339
6.8002,0.380386
6.800805,0.371146
6.80141,0.3897
6.802015,0.371765
6.80262,0.376127
6.803225,0.393923
6.80383,0.367997
6.804435,0.369951
6.80504,0.37589
6.805645,0.357069
6.80625,0.349054
6.806855,0.345281
6.80746,0.339438
6.808065,0.342368
6.80867,0.33314
6.809275,0.342247
6.80988,0.327625
6.810485,0.31748
6.81109,0.341865
6.811695,0.321745
6.8123,0.309174
6.812905,0.33692
6.81351,0.316503
6.814115,0.292858
6.81472,0.31225
6.815325,0.29213
6.81593,0.289467
6.816535,0.301049
6.81714,0.28036
6.817745,0.286943
6.81835,0.300006
6.818955,0.278139
6.81956,0.282532
6.820165,0.286706
6.82077,0.28417
6.821375,0.278188
6.82198,0.269378
6.822585,0.275997
6.82319,0.263268
6.823795,0.249986
6.8244,0.249683
6.825005,0.249853
6.82561,0.249895
6.826215,0.247972
6.82682,0.230632
6.827425,0.23949
6.82803,0.242869
6.828635,0.226063
6.82924,0.233981
6.829845,0.227622
6.83045,0.227713
6.831055,0.209893
6.83166,0.220596
6.832265,0.164527
6.83287,0.253621
6.833475,0.170304
6.83408,0.104715
6.834685,0.302336
6.83529,0.20962
6.835895,0.015853
6.8365,0.237591
6.837105,0.201654
6.83771,0.109697
6.838315,0.232027
6.83892,0.09107
6.839525,0.131466
6.84013,0.206526
6.840735,0.068481
6.84134,0.161354
6.841945,0.105146
6.84255,0.064422
6.843155,0.20419
6.84376,0.080191
6.844365,0.033788
6.84497,0.159886
6.845575,0.063208
6.84618,0.119823
6.846785,0.123008
6.84739,0.002978
6.847995,0.112263
6.8486,0.098436
6.849205,0.009445
6.84981,0.121158
6.850415,0.057353
6.85102,0.020731
6.851625,0.090038
6.85223,0.012461
6.852835,0.047178
6.85344,0.073784
6.854045,-0.005062
6.85465,0.050127
6.855255,0.026701
6.85586,0.017072
6.856465,0.060678
6.85707,-0.014788
6.857675,0.001612
6.85828,0.052481
6.858885,-0.012561
6.85949,2.89E-05
6.860095,0.001831
6.8607,-0.031952
6.861305,0.007267
6.86191,-0.013641
6.862515,-0.046702
6.86312,-0.013046
6.863725,-0.046526
6.86433,-0.050585
6.864935,-0.03376
6.86554,-0.070061
6.866145,-0.070262
6.86675,-0.081286
6.867355,-0.120675
6.86796,-0.109694
6.868565,-0.145127
6.86917,-0.175027
6.869775,-0.162898
6.87038,-0.208034
6.870985,-0.229706
6.87159,-0.232273
6.872195,-0.289185
6.8728,-0.29817
6.873405,-0.302418
6.87401,-0.347164
6.874615,-0.363037
6.87522,-0.404089
6.875825,-0.472346
6.87643,-0.457439
6.877035,-0.503939
6.87764,-0.55513
6.878245,-0.550725
6.87885,-0.600762
6.879455,-0.630535
6.88006,-0.625056
6.880665,-0.678134
6.88127,-0.684383
6.881875,-0.661054
6.88248,-0.69889
6.883085,-0.711298
6.88369,-0.720563
6.884295,-0.782608
6.8849,-0.753569
6.885505,-0.760613
6.88611,-0.79871
6.886715,-0.754898
6.88732,-0.775994
6.887925,-0.780988
6.88853,-0.737381
6.889135,-0.767318
6.88974,-0.746094
6.890345,-0.692792
6.89095,-0.688205
6.891555,-0.676847
6.89216,-0.65313
6.892765,-0.702931
6.89337,-0.646462
6.893975,-0.635389
6.89458,-0.646201
6.895185,-0.586219
6.89579,-0.59171
6.896395,-0.589878
6.897,-0.528451
6.897605,-0.542868
6.89821,-0.521826
6.898815,-0.450146
6.89942,-0.439571
6.900025,-0.431016
6.90063,-0.406946
6.901235,-0.455552
6.90184,-0.436021
6.902445,-0.381512
6.90305,-0.430099
6.903655,-0.385723
6.90426,-0.366161
6.904865,-0.387063
6.90547,-0.3597
6.906075,-0.334047
6.90668,-0.362133
6.907285,-0.321609
6.90789,-0.264114
6.908495,-0.297454
6.9091,-0.289288
6.909705,-0.31042
6.91031,-0.361004
6.910915,-0.289882
6.91152,-0.315735
6.912125,-0.349446
6.91273,-0.290653
6.913335,-0.336516
6.91394,-0.339865
6.914545,-0.287019
6.91515,-0.349476
6.915755,-0.308091
6.91636,-0.254965
6.916965,-0.31329
6.91757,-0.2787
6.918175,-0.307909
6.91878,-0.378521
6.919385,-0.304147
6.91999,-0.342565
6.920595,-0.373818
6.9212,-0.304754
6.921805,-0.372854
6.92241,-0.361229
6.923015,-0.319752
6.92362,-0.384673
6.924225,-0.34765
6.92483,-0.307551
6.925435,-0.346558
6.92604,-0.320468
6.926645,-0.335903
6.92725,-0.40239
6.927855,-0.341552
6.92846,-0.359548
6.929065,-0.399544
6.92967,-0.341309
6.930275,-0.382331
6.93088,-0.389205
6.931485,-0.339829
6.93209,-0.390376
6.932695,-0.367794
6.9333,-0.319473
6.933905,-0.340278
6.93451,-0.328665
6.935115,-0.323041
6.93572,-0.377028
6.936325,-0.343239
6.93693,-0.335661
6.937535,-0.369195
6.93814,-0.321797
6.938745,-0.33563
6.93935,-0.353826
6.939955,-0.302424
6.94056,-0.328434
6.941165,-0.313436
6.94177,-0.272202
6.942375,-0.276267
6.94298,-0.246082
6.943585,-0.224968
6.94419,-0.260759
6.944795,-0.216637
6.9454,-0.191184
6.946005,-0.196578
6.94661,-0.145576
6.947215,-0.133296
6.94782,-0.122435
6.948425,-0.063248
6.94903,-0.055736
6.949635,-0.026407
6.95024,0.024128
6.950845,0.045959
6.95145,0.100298
6.952055,0.126801
6.95266,0.131915
6.953265,0.180764
6.95387,0.206502
6.954475,0.226494
6.95508,0.280402
6.955685,0.291293
6.95629,0.317844
6.956895,0.364029
6.9575,0.368397
6.958105,0.400573
6.95871,0.429144
6.959315,0.42986
6.95992,0.468066
6.960525,0.482306
6.96113,0.472301
6.961735,0.501467
6.96234,0.500702
6.962945,0.499022
6.96355,0.522029
6.964155,0.510052
6.96476,0.51166
6.965365,0.522102
6.96597,0.506187
6.966575,0.511557
6.96718,0.510489
6.967785,0.492979
6.96839,0.495218
6.968995,0.488228
6.9696,0.471876
6.970205,0.470942
6.97081,0.457169
6.971415,0.444519
6.97202,0.443536
6.972625,0.431419
6.97323,0.423513
6.973835,0.422318
6.97444,0.408636
6.975045,0.40192
6.97565,0.398146
6.976255,0.389748
6.97686,0.388335
6.977465,0.381224
6.97807,0.368773
6.978675,0.364271
6.97928,0.357288
6.979885,0.358714
6.98049,0.359988
6.981095,0.360837
6.9817,0.345378
6.982305,0.354248
6.98291,0.359763
6.983515,0.36196
6.98412,0.372274
6.984725,0.344261
6.98533,0.346986
6.985935,0.388881
6.98654,0.358222
6.987145,0.345463
6.98775,0.369398
6.988355,0.349528
6.98896,0.376667
6.989565,0.376255
6.99017,0.347762
6.990775,0.383827
6.99138,0.386484
6.991985,0.355619
6.99259,0.389421
6.993195,0.383645
6.9938,0.374823
6.994405,0.396944
6.99501,0.370927
6.995615,0.372511
6.99622,0.382625
6.996825,0.369944
6.99743,0.388359
6.998035,0.380666
6.99864,0.361007
6.999245,0.395816
6.99985,0.388456
7.000455,0.36554
7.00106,0.390798
7.001665,0.378069
7.00227,0.374459
7.002875,0.395804
7.00348,0.363525
7.004085,0.353939
7.00469,0.366286
7.005295,0.354758
7.0059,0.348897
7.006505,0.354394
7.00711,0.343867
7.007715,0.34394
7.00832,0.342429
7.008925,0.346039
7.00953,0.335197
7.010135,0.320562
7.01074,0.342126
7.011345,0.33152
7.01195,0.303865
7.012555,0.318074
7.01316,0.309162
7.013765,0.284291
7.01437,0.306213
7.014975,0.299527
7.01558,0.286809
7.016185,0.300249
7.01679,0.286791
7.017395,0.282398
7.018,0.301377
7.018605,0.285711
7.01921,0.281258
7.019815,0.290195
7.02042,0.27934
7.021025,0.269141
7.02163,0.253518
7.022235,0.266211
7.02284,0.264512
7.023445,0.251182
7.02405,0.253317
7.024655,0.252195
7.02526,0.250623
7.025865,0.254494
7.02647,0.234612
7.027075,0.239205
7.02768,0.249422
7.028285,0.230565
7.02889,0.231796
7.029495,0.222544
7.0301,0.214407
7.030705,0.201417
7.03131,0.21559
7.031915,0.164734
7.03252,0.257322
7.033125,0.162962
7.03373,0.110267
7.034335,0.306892
7.03494,0.201902
7.035545,0.020992
7.03615,0.250059
7.036755,0.190648
7.03736,0.118537
7.037965,0.235607
7.03857,0.074676
7.039175,0.129258
7.03978,0.20655
7.040385,0.062377
7.04099,0.169011
7.041595,0.107664
7.0422,0.062735
7.042805,0.214802
7.04341,0.073474
7.044015,0.035074
7.04462,0.173592
7.045225,0.056546
7.04583,0.12319
7.046435,0.126788
7.04704,-0.010577
7.047645,0.111486
7.04825,0.093272
7.048855,-0.002459
7.04946,0.129094
7.050065,0.050085
7.05067,0.018728
7.051275,0.101566
7.05188,-0.000899
7.052485,0.05196
7.05309,0.084129
7.053695,-0.018373
7.0543,0.058075
7.054905,0.040189
7.05551,0.009391
7.056115,0.062541
7.05672,-0.018768
7.057325,-0.008223
7.05793,0.06501
7.058535,-0.017263
7.05914,-0.004868
7.059745,0.012631
7.06035,-0.042212
7.060955,0.010095
7.06156,-0.004764
7.062165,-0.063254
7.06277,-0.005201
7.063375,-0.028621
7.06398,-0.054365
7.064585,-0.041084
7.06519,-0.093773
7.065795,-0.085418
7.0664,-0.074145
7.067005,-0.131742
7.06761,-0.115142
7.068215,-0.138598
7.06882,-0.187768
7.069425,-0.167637
7.07003,-0.20048
7.070635,-0.238134
7.07124,-0.217007
7.071845,-0.259297
7.07245,-0.283584
7.073055,-0.309183
7.07366,-0.380068
7.074265,-0.37451
7.07487,-0.408894
7.075475,-0.479676
7.07608,-0.456875
7.076685,-0.507555
7.07729,-0.561082
7.077895,-0.545167
7.0785,-0.602261
7.079105,-0.630153
7.07971,-0.61135
7.080315,-0.650054
7.08092,-0.661782
7.081525,-0.680245
7.08213,-0.749874
7.082735,-0.728098
7.08334,-0.738322
7.083945,-0.782662
7.08455,-0.745827
7.085155,-0.771347
7.08576,-0.791563
7.086365,-0.752277
7.08697,-0.780605
7.087575,-0.767288
7.08818,-0.719355
7.088785,-0.719113
7.08939,-0.708822
7.089995,-0.695832
7.0906,-0.732594
7.091205,-0.70753
7.09181,-0.668019
7.092415,-0.697634
7.09302,-0.640049
7.093625,-0.64162
7.09423,-0.637003
7.094835,-0.586886
7.09544,-0.589562
7.096045,-0.579072
7.09665,-0.515625
7.097255,-0.491853
7.09786,-0.480167
7.098465,-0.460376
7.09907,-0.484512
7.099675,-0.481623
7.10028,-0.431762
7.100885,-0.455503
7.10149,-0.430712
7.102095,-0.391881
7.1027,-0.423031
7.103305,-0.385268
7.10391,-0.363716
7.104515,-0.376688
7.10512,-0.347249
7.105725,-0.276904
7.10633,-0.31113
7.106935,-0.311197
7.10754,-0.297357
7.108145,-0.35737
7.10875,-0.31002
7.109355,-0.31434
7.10996,-0.362181
7.110565,-0.292649
7.11117,-0.318114
7.111775,-0.350101
7.11238,-0.287528
7.112985,-0.332603
7.11359,-0.335655
7.114195,-0.246476
7.1148,-0.299111
7.115405,-0.294876
7.11601,-0.283542
7.116615,-0.373891
7.11722,-0.311021
7.117825,-0.319576
7.11843,-0.374043
7.119035,-0.306968
7.11964,-0.347559
7.120245,-0.368418
7.12085,-0.307162
7.121455,-0.367102
7.12206,-0.353214
7.122665,-0.292758
7.12327,-0.327482
7.123875,-0.319333
7.12448,-0.312404
7.125085,-0.393616
7.12569,-0.355962
7.126295,-0.341977
7.1269,-0.404119
7.127505,-0.346661
7.12811,-0.360919
7.128715,-0.402123
7.12932,-0.345132
7.129925,-0.381099
7.13053,-0.389648
7.131135,-0.332924
7.13174,-0.351424
7.132345,-0.339058
7.13295,-0.323878
7.133555,-0.382865
7.13416,-0.365142
7.134765,-0.338707
7.13537,-0.379079
7.135975,-0.342753
7.13658,-0.342547
7.137185,-0.366337
7.13779,-0.320116
7.138395,-0.335922
7.139,-0.346552
7.139605,-0.301186
7.14021,-0.295464
7.140815,-0.272948
7.14142,-0.262361
7.142025,-0.287067
7.14263,-0.276109
7.143235,-0.232151
7.14384,-0.252058
7.144445,-0.221412
7.14505,-0.19096
7.145655,-0.190572
7.14626,-0.14958
7.146865,-0.127483
7.14747,-0.114966
7.148075,-0.067756
7.14868,-0.043286
7.149285,-0.002422
7.14989,0.033393
7.150495,0.042652
7.1511,0.074773
7.151705,0.114435
7.15231,0.136484
7.152915,0.180011
7.15352,0.206453
7.154125,0.231954
7.15473,0.279219
7.155335,0.296311
7.15594,0.32561
7.156545,0.362973
7.15715,0.374647
7.157755,0.417792
7.15836,0.445981
7.158965,0.438166
7.15957,0.462484
7.160175,0.481396
7.16078,0.477355
7.161385,0.504883
7.16199,0.504191
7.162595,0.50245
7.1632,0.520943
7.163805,0.514245
7.16441,0.513778
7.165015,0.522284
7.16562,0.509081
7.166225,0.510623
7.16683,0.512801
7.167435,0.493877
7.16804,0.483058
7.168645,0.482998
7.16925,0.472938
7.169855,0.465591
7.17046,0.455252
7.171065,0.444106
7.17167,0.442061
7.172275,0.430606
7.17288,0.422779
7.173485,0.42301
7.17409,0.407417
7.174695,0.399869
7.1753,0.398255
7.175905,0.390125
7.17651,0.376619
7.177115,0.374052
7.17772,0.369574
7.178325,0.36543
7.17893,0.362955
7.179535,0.361311
7.18014,0.362997
7.180745,0.360067
7.18135,0.352155
7.181955,0.360485
7.18256,0.352768
7.183165,0.373476
7.18377,0.369611
7.184375,0.324615
7.18498,0.354636
7.185585,0.376855
7.18619,0.338716
7.186795,0.362281
7.1874,0.357124
7.188005,0.353963
7.18861,0.38862
7.189215,0.357343
7.18982,0.360922
7.190425,0.393935
7.19103,0.367184
7.191635,0.374713
7.19224,0.39439
7.192845,0.364114
7.19345,0.383026
7.194055,0.377492
7.19466,0.364575
7.195265,0.390519
7.19587,0.377074
7.196475,0.378736
7.19708,0.398595
7.197685,0.37131
7.19829,0.378135
7.198895,0.405263
7.1995,0.376012
7.200105,0.382795
7.20071,0.393383
7.201315,0.361523
7.20192,0.377031
7.202525,0.376315
7.20313,0.346112
7.203735,0.36591
7.20434,0.362027
7.204945,0.35227
7.20555,0.357907
7.206155,0.349576
7.20676,0.347902
7.207365,0.351142
7.20797,0.339626
7.208575,0.355456
7.20918,0.333413
7.209785,0.319337
7.21039,0.340239
7.210995,0.308427
7.2116,0.299472
7.212205,0.329815
7.21281,0.302463
7.213415,0.295565
7.21402,0.317559
7.214625,0.295983
7.21523,0.299745
7.215835,0.307754
7.21644,0.285329
7.217045,0.296723
7.21765,0.307208
7.218255,0.279444
7.21886,0.279717
7.219465,0.277733
7.22007,0.270537
7.220675,0.264924
7.22128,0.257722
7.221885,0.271871
7.22249,0.263371
7.223095,0.253487
7.2237,0.25751
7.224305,0.256551
7.22491,0.255556
7.225515,0.256017
7.22612,0.237427
7.226725,0.247475
7.22733,0.239375
7.227935,0.225262
7.22854,0.22167
7.229145,0.226566
7.22975,0.210209
7.230355,0.21553
7.23096,0.206957
7.231565,0.182056
7.23217,0.268007
7.232775,0.127201
7.23338,0.155621
7.233985,0.328243
7.23459,0.134512
7.235195,0.055879
7.2358,0.279474
7.236405,0.133717
7.23701,0.143874
7.237615,0.206963
7.23822,0.052512
7.238825,0.176371
7.23943,0.165468
7.240035,0.071333
7.24064,0.184422
7.241245,0.066491
7.24185,0.107336
7.242455,0.209711
7.24306,0.030099
7.243665,0.086277
7.24427,0.155578
7.244875,0.046044
7.24548,0.150639
7.246085,0.073153
7.24669,0.004804
7.247295,0.141368
7.2479,0.051517
7.248505,0.028885
7.24911,0.137285
7.249715,0.015598
7.25032,0.054975
7.250925,0.08263
7.25153,-0.005626
7.252135,0.082982
7.25274,0.055824
7.253345,-0.005116
7.25395,0.060648
7.254555,0.012807
7.25516,0.026495
7.255765,0.044127
7.25637,-0.031024
7.256975,0.022411
7.25758,0.042925
7.258185,-0.02384
7.25879,0.013122
7.259395,-0.006287
7.26,-0.030878
7.260605,0.023783
7.26121,-0.016347
7.261815,-0.032996
7.26242,-0.009873
7.263025,-0.054007
7.26363,-0.042455
7.264235,-0.053279
7.26484,-0.095787
7.265445,-0.0669
7.26605,-0.091376
7.266655,-0.124801
7.26726,-0.105859
7.267865,-0.1539
7.26847,-0.176077
7.269075,-0.163645
7.26968,-0.196505
7.270285,-0.202634
7.27089,-0.233256
7.271495,-0.29726
7.2721,-0.287419
7.272705,-0.327015
7.27331,-0.379382
7.273915,-0.366635
7.27452,-0.427442
7.275125,-0.468833
7.27573,-0.456098
7.276335,-0.52077
7.27694,-0.548723
7.277545,-0.544839
7.27815,-0.572155
7.278755,-0.592305
7.27936,-0.624449
7.279965,-0.683588
7.28057,-0.681179
7.281175,-0.702015
7.28178,-0.74479
7.282385,-0.726679
7.28299,-0.752338
7.283595,-0.772936
7.2842,-0.7488
7.284805,-0.779368
7.28541,-0.779095
7.286015,-0.75133
7.28662,-0.741956
7.287225,-0.726703
7.28783,-0.730974
7.288435,-0.755923
7.28904,-0.748012
7.289645,-0.719653
7.29025,-0.72717
7.290855,-0.702992
7.29146,-0.680403
7.292065,-0.68448
7.29267,-0.644296
7.293275,-0.643392
7.29388,-0.619589
7.294485,-0.584356
7.29509,-0.531273
7.295695,-0.529501
7.2963,-0.51045
7.296905,-0.513817
7.29751,-0.539057
7.298115,-0.48541
7.29872,-0.479542
7.299325,-0.487745
7.29993,-0.431968
7.300535,-0.45324
7.30114,-0.43647
7.301745,-0.386317
7.30235,-0.420434
7.302955,-0.386596
7.30356,-0.312738
7.304165,-0.333325
7.30477,-0.33651
7.305375,-0.30067
7.30598,-0.382986
7.306585,-0.342098
7.30719,-0.302594
7.307795,-0.361854
7.3084,-0.309031
7.309005,-0.320098
7.30961,-0.362296
7.310215,-0.285028
7.31082,-0.317841
7.311425,-0.34549
7.31203,-0.244899
7.312635,-0.278039
7.31324,-0.30621
7.313845,-0.251979
7.31445,-0.361605
7.315055,-0.32929
7.31566,-0.293074
7.316265,-0.375875
7.31687,-0.308339
7.317475,-0.325461
7.31808,-0.377259
7.318685,-0.303576
7.31929,-0.348912
7.319895,-0.364851
7.3205,-0.288056
7.321105,-0.319176
7.32171,-0.321287
7.322315,-0.299135
7.32292,-0.37971
7.323525,-0.36098
7.32413,-0.329217
7.324735,-0.396741
7.32534,-0.347929
7.325945,-0.351145
7.32655,-0.402918
7.327155,-0.337766
7.32776,-0.363285
7.328365,-0.392336
7.32897,-0.33148
7.329575,-0.340144
7.33018,-0.34276
7.330785,-0.317313
7.33139,-0.378193
7.331995,-0.376039
7.3326,-0.335157
7.333205,-0.386384
7.33381,-0.359827
7.334415,-0.338518
7.33502,-0.381579
7.335625,-0.339234
7.33623,-0.340411
7.336835,-0.363346
7.33744,-0.317119
7.338045,-0.317786
7.33865,-0.309965
7.339255,-0.285059
7.33986,-0.317386
7.340465,-0.31275
7.34107,-0.275946
7.341675,-0.29598
7.34228,-0.271959
7.342885,-0.233371
7.34349,-0.257841
7.344095,-0.215569
7.3447,-0.188521
7.345305,-0.189267
7.34591,-0.144235
7.346515,-0.120433
7.34712,-0.085679
7.347725,-0.04271
7.34833,-0.045713
7.348935,-0.020485
7.34954,0.024577
7.350145,0.039497
7.35075,0.076514
7.351355,0.115849
7.35196,0.137734
7.352565,0.181534
7.35317,0.20763
7.353775,0.235042
7.35438,0.278588
7.354985,0.296111
7.35559,0.332879
7.356195,0.372693
7.3568,0.378518
7.357405,0.401586
7.35801,0.429004
7.358615,0.436661
7.35922,0.459675
7.359825,0.477774
7.36043,0.479327
7.361035,0.500799
7.36164,0.503239
7.362245,0.504761
7.36285,0.519724
7.363455,0.515155
7.36406,0.51439
7.364665,0.531057
7.36527,0.514275
7.365875,0.503821
7.36648,0.511897
7.367085,0.493962
7.36769,0.483259
7.368295,0.490169
7.3689,0.474237
7.369505,0.46792
7.37011,0.461817
7.370715,0.444919
7.37132,0.442001
7.371925,0.435751
7.37253,0.420558
7.373135,0.422985
7.37374,0.409467
7.374345,0.38936
7.37495,0.391144
7.375555,0.387218
7.37616,0.374137
7.376765,0.376521
7.37737,0.368949
7.377975,0.36344
7.37858,0.365758
7.379185,0.36105
7.37979,0.363519
7.380395,0.361377
7.381,0.353016
7.381605,0.361936
7.38221,0.348866
7.382815,0.362482
7.38342,0.361517
7.384025,0.3243
7.38463,0.353708
7.385235,0.380599
7.38584,0.34232
7.386445,0.364745
7.38705,0.364247
7.387655,0.354436
7.38826,0.392309
7.388865,0.361414
7.38947,0.361723
7.390075,0.400239
7.39068,0.365606
7.391285,0.360649
7.39189,0.38376
7.392495,0.358423
7.3931,0.385525
7.393705,0.383074
7.39431,0.363058
7.394915,0.392218
7.39552,0.383626
7.396125,0.379282
7.39673,0.403224
7.397335,0.376157
7.39794,0.381758
7.398545,0.412671
7.39915,0.372717
7.399755,0.374829
7.40036,0.384706
7.400965,0.355826
7.40157,0.378882
7.402175,0.382941
7.40278,0.353927
7.403385,0.371006
7.40399,0.36554
7.404595,0.361723
7.4052,0.366086
7.405805,0.352586
7.40641,0.355316
7.407015,0.358829
7.40762,0.335712
7.408225,0.34795
7.40883,0.320556
7.409435,0.304787
7.41004,0.34019
7.410645,0.309198
7.41125,0.29693
7.411855,0.333298
7.41246,0.302354
7.413065,0.295923
7.41367,0.323626
7.414275,0.293756
7.41488,0.302669
7.415485,0.317189
7.41609,0.279516
7.416695,0.289758
7.4173,0.297342
7.417905,0.262334
7.41851,0.283339
7.419115,0.277611
7.41972,0.269026
7.420325,0.274857
7.42093,0.257255
7.421535,0.27368
7.42214,0.274256
7.422745,0.252432
7.42335,0.261745
7.423955,0.263614
7.42456,0.252371
7.425165,0.254871
7.42577,0.226906
7.426375,0.229442
7.42698,0.238161
7.427585,0.221803
7.42819,0.2188
7.428795,0.227968
7.4294,0.210706
7.430005,0.210373
7.43061,0.218005
7.431215,0.172749
7.43182,0.269802
7.432425,0.145585
7.43303,0.137479
7.433635,0.32504
7.43424,0.158442
7.434845,0.025918
7.43545,0.265404
7.436055,0.158454
7.43666,0.125684
7.437265,0.221634
7.43787,0.063202
7.438475,0.159061
7.43908,0.18617
7.439685,0.071272
7.44029,0.179993
7.440895,0.083734
7.4415,0.095062
7.442105,0.211483
7.44271,0.049199
7.443315,0.057457
7.44392,0.151901
7.444525,0.050406
7.44513,0.134585
7.445735,0.091707
7.44634,-0.001166
7.446945,0.125065
7.44755,0.070659
7.448155,0.021513
7.44876,0.132643
7.449365,0.032174
7.44997,0.039758
7.450575,0.090214
7.45118,0.01044
7.451785,0.063754
7.45239,0.055855
7.452995,0.001194
7.4536,0.049144
7.454205,0.015998
7.45481,0.030311
7.455415,0.041281
7.45602,-0.02688
7.456625,0.02118
7.45723,0.041566
7.457835,-0.016675
7.45844,0.009051
7.459045,-0.001367
7.45965,-0.015164
7.460255,0.012977
7.46086,-0.030381
7.461465,-0.036618
7.46207,-0.019957
7.462675,-0.055178
7.46328,-0.042297
7.463885,-0.057168
7.46449,-0.092377
7.465095,-0.069637
7.4657,-0.092948
7.466305,-0.121076
7.46691,-0.109627
7.467515,-0.136311
7.46812,-0.151206
7.468725,-0.164009
7.46933,-0.216807
7.469935,-0.222917
7.47054,-0.246962
7.471145,-0.293189
7.47175,-0.286315
7.472355,-0.338931
7.47296,-0.376233
7.473565,-0.368679
7.47417,-0.430973
7.474775,-0.459459
7.47538,-0.458865
7.475985,-0.504406
7.47659,-0.513447
7.477195,-0.545234
7.4778,-0.609851
7.478405,-0.613795
7.47901,-0.641353
7.479615,-0.68502
7.48022,-0.675239
7.480825,-0.708106
7.48143,-0.739475
7.482035,-0.724045
7.48264,-0.754261
7.483245,-0.761026
7.48385,-0.747981
7.484455,-0.742266
7.48506,-0.735076
7.485665,-0.740761
7.48627,-0.763538
