Time,Amplitude
0,0.00613516814044269
0.000605,0.00639794732141859
0.00121,0.00888840693689548
0.001815,0.0125888327595108
0.00242,0.0158930295548968
0.003025,0.0179811183201491
0.00363,0.0191826284679407
0.004235,0.0202728856536875
0.00484,0.0216588428623805
0.005445,0.0231533751752837
0.00605,0.0242771097035815
0.006655,0.0246602119810245
0.00726,0.0243134948001862
0.007865,0.0237033020859412
0.00847,0.0234851875395949
0.009075,0.0240209071197892
0.00968,0.0251444309539426
0.010285,0.0263214740909045
0.01089,0.0269590653342119
0.011495,0.0267308474162538
0.0121,0.0258209896436516
0.012705,0.0248367353385101
0.01331,0.0243454514591978
0.013915,0.0244335429621622
0.01452,0.0246874145537337
0.015125,0.0245626065355657
0.01573,0.023845219547261
0.016335,0.0228681515591462
0.01694,0.0222120206635973
0.017545,0.0221305387227456
0.01815,0.0223661713751117
0.018755,0.022493187202955
0.01936,0.0222708937633934
0.019965,0.0217158262257422
0.02057,0.0210131673638579
0.021175,0.0203662389154783
0.02178,0.0198527199616409
0.022385,0.0194228984651706
0.02299,0.019012751408194
0.023595,0.0185608737340161
0.0242,0.0179448206854582
0.024805,0.0170810289305724
0.02541,0.0161165929725503
0.026015,0.0154085231999937
0.02662,0.01529472906896
0.027225,0.0158389446626756
0.02783,0.0166888717749423
0.028435,0.0172586905706346
0.02904,0.0171992661147145
0.029645,0.0166694530788295
0.03025,0.0161085816328311
0.030855,0.01580852075241
0.03146,0.0157140887267531
0.032065,0.0155494169384344
0.03267,0.0151264476080042
0.033275,0.014576798136261
0.03388,0.0142075032153432
0.034485,0.0141032078461179
0.03509,0.0140725268028216
0.035695,0.0140360697828477
0.0363,0.0141695926359299
0.036905,0.0145150720644575
0.03751,0.0146928356849935
0.038115,0.0142390935399111
0.03872,0.013192958556885
0.039325,0.0121686371922388
0.03993,0.0117235909637709
0.040535,0.0116923796165247
0.04114,0.0113201102407408
0.041745,0.0101680724703318
0.04235,0.00874350395985199
0.042955,0.0080071158908696
0.04356,0.00830423533201771
0.044165,0.00901550885237968
0.04477,0.00929481863044795
0.045375,0.00895529661330413
0.04598,0.00850128564120112
0.046585,0.00838406965057265
0.04719,0.00842518493606746
0.047795,0.00805723201551033
0.0484,0.00703558879925315
0.049005,0.00575923097378556
0.04961,0.00483461873449754
0.050215,0.00443443883347053
0.05082,0.00423247036729191
0.051425,0.00392258098459288
0.05203,0.00361298712927203
0.052635,0.00363314638575873
0.05324,0.00403292020533208
0.053845,0.00439078006610124
0.05445,0.00418020845281129
0.055055,0.00329727191191598
0.05566,0.002171383721489
0.056265,0.00134669890411854
0.05687,0.000979429275836164
0.057475,0.000759186286981033
0.05808,0.000273893503216614
0.058685,-0.000603183260032486
0.05929,-0.00164462079246273
0.059895,-0.0025175308161511
0.0605,-0.00307496217232584
0.061105,-0.00338197238197862
0.06171,-0.0035255953483021
0.062315,-0.00354749042051012
0.06292,-0.00356296270636019
0.063525,-0.00378902836489015
0.06413,-0.00437253392101813
0.064735,-0.00523208713507818
0.06534,-0.00609714718006078
0.065945,-0.00671258234121351
0.06655,-0.00708277410845555
0.067155,-0.00753542371119653
0.06776,-0.00839885874494103
0.068365,-0.00954889061010406
0.06897,-0.0104327379448114
0.069575,-0.0106527520706468
0.07018,-0.0104351001941883
0.070785,-0.0104246131474161
0.07139,-0.0110599219956423
0.071995,-0.0122262239109044
0.0726,-0.0134702904585104
0.073205,-0.0144342672382641
0.07381,-0.0150864846039476
0.074415,-0.015647420545183
0.07502,-0.0163507063729269
0.075625,-0.0172592595760792
0.07623,-0.0182734151148683
0.076835,-0.0192652231680616
0.07744,-0.0201635389429452
0.078045,-0.0208998626359336
0.07865,-0.0213329199112923
0.079255,-0.0213555033244218
0.07986,-0.0211296588035578
0.080465,-0.0211096031161369
0.08107,-0.0216819439731806
0.081675,-0.0227409307455439
0.08228,-0.0237158233883571
0.082885,-0.0241193099820384
0.08349,-0.0240405262626823
0.084095,-0.0240294979275578
0.0847,-0.0245143352219746
0.085305,-0.0253950057125977
0.08591,-0.026238914728749
0.086515,-0.026788282323197
0.08712,-0.0271168220496911
0.087725,-0.0273385148475219
0.08833,-0.0274505513024065
0.088935,-0.0275905818700347
0.08954,-0.0282085666111024
0.090145,-0.0296427725780687
0.09075,-0.0314896583239353
0.091355,-0.0327280284890211
0.09196,-0.0327442022631766
0.092565,-0.0321310117296682
0.09317,-0.0322175490797701
0.093775,-0.0337395542120667
0.09438,-0.0360783498319348
0.094985,-0.0378528977775232
0.09559,-0.0381878099074544
0.096195,-0.0373978080455904
0.0968,-0.0365360284908696
0.097405,-0.0363828362841924
0.09801,-0.0369329730355697
0.098615,-0.0377219045506937
0.09922,-0.0383298194962664
0.099825,-0.0385100424833271
0.10043,-0.0381954271622184
0.101035,-0.0376856025414027
0.10164,-0.0376267817253534
0.102245,-0.0384244520650742
0.10285,-0.0397316542864614
0.103455,-0.040783084333714
0.10406,-0.041126889881203
0.104665,-0.0408822667205549
0.10527,-0.0405021127763958
0.105875,-0.04043795042143
0.10648,-0.0409015945138889
0.107085,-0.0418021566291382
0.10769,-0.042792212405383
0.108295,-0.0433605764145266
0.1089,-0.0431459884170754
0.109505,-0.0424148681021995
0.11011,-0.0420580549221676
0.110715,-0.0427652015060359
0.11132,-0.044266479475131
0.111925,-0.045665121457533
0.11253,-0.0463463187785257
0.113135,-0.0463011173645985
0.11374,-0.0458581063581896
0.114345,-0.0454326420639182
0.11495,-0.0453663906195028
0.115555,-0.0457408376534709
0.11616,-0.0462710435411817
0.116765,-0.0463893289629971
0.11737,-0.0456040079196243
0.117975,-0.0440871060219115
0.11858,-0.0428887696938861
0.119185,-0.0431027106134366
0.11979,-0.0446658798086021
0.120395,-0.0463816454690599
0.121,-0.0471601216969894
0.121605,-0.0468337330888928
0.12221,-0.0459043927195341
0.122815,-0.0450175643852576
0.12342,-0.0446712752293585
0.124025,-0.0450255115292795
0.12463,-0.0457703275544192
0.125235,-0.0462192687222096
0.12584,-0.0457183136257959
0.126445,-0.0442369025430059
0.12705,-0.0426713824532205
0.127655,-0.0422415663923487
0.12826,-0.0432567734962499
0.128865,-0.0447350229883425
0.12947,-0.0454924437446916
0.130075,-0.0452580231071731
0.13068,-0.0445508281653558
0.131285,-0.0439172735816035
0.13189,-0.0435644942381703
0.132495,-0.0434636377558888
0.1331,-0.0434678389582411
0.133705,-0.0432794994745519
0.13431,-0.0424890077915118
0.134915,-0.0409203576051747
0.13552,-0.039112183976046
0.136125,-0.0381947177587441
0.13673,-0.0388208092802748
0.137335,-0.0403341457268424
0.13794,-0.041412494695706
0.138545,-0.0413564288307214
0.13915,-0.0404504501445605
0.139755,-0.0393881997032022
0.14036,-0.0387244158093218
0.140965,-0.0386913948475643
0.14157,-0.0391170759268446
0.142175,-0.0394255776727563
0.14278,-0.0389671098335488
0.143385,-0.0375613118770027
0.14399,-0.0357890681547869
0.144595,-0.034678515425735
0.1452,-0.0348408803658479
0.145805,-0.0358415197711364
0.14641,-0.0366281923199008
0.147015,-0.0365137467452341
0.14762,-0.0355508842779336
0.148225,-0.0341967887442217
0.14883,-0.03295412134139
0.149435,-0.0322218223000242
0.15004,-0.0320998103759107
0.150645,-0.0321582385381672
0.15125,-0.031601113934646
0.151855,-0.0299403262307321
0.15246,-0.027612842617797
0.153065,-0.0258395772841699
0.15367,-0.0256045438836396
0.154275,-0.0266579732662088
0.15488,-0.0277311597902264
0.155485,-0.0277551994616743
0.15609,-0.0266717380258934
0.156695,-0.0251706523323562
0.1573,-0.0239580051046905
0.157905,-0.023344972916144
0.15851,-0.0232835651139352
0.159115,-0.0234562931772432
0.15972,-0.023329172370323
0.160325,-0.0224620589492042
0.16093,-0.0209801564292852
0.161535,-0.0196424996328324
0.16214,-0.0192164822873683
0.162745,-0.019705788344057
0.16335,-0.0203412933704858
0.163955,-0.0203317002790965
0.16456,-0.0194714242586523
0.165165,-0.0181327880101391
0.16577,-0.0168706637859619
0.166375,-0.0160077124044221
0.16698,-0.0155048095564248
0.167585,-0.01510739723328
0.16819,-0.014490171809534
0.168795,-0.0133674106557649
0.1694,-0.0117355753574601
0.170005,-0.0100772889752277
0.17061,-0.00907531468389927
0.171215,-0.00895539584550556
0.17182,-0.00929407770459938
0.172425,-0.00952325571382205
0.17303,-0.00934726191478972
0.173635,-0.00868490445029473
0.17424,-0.00756500321801827
0.174845,-0.00621550811572821
0.17545,-0.00511594843102037
0.176055,-0.0047331493485773
0.17666,-0.0050107441606502
0.177265,-0.00521683113506121
0.17787,-0.00459695727995788
0.178475,-0.00323280869618306
0.17908,-0.00199897310218459
0.179685,-0.0015641348998284
0.18029,-0.00170222917176153
0.180895,-0.00170642567665682
0.1815,-0.00116250984512016
0.182105,-0.00017453682490613
0.18271,0.000909767300084721
0.183315,0.001841918136719
0.18392,0.00257946564257754
0.184525,0.00313425619826403
0.18513,0.00350495795860804
0.185735,0.00383809327360009
0.18634,0.00442168896114167
0.186945,0.00529933464537364
0.18755,0.00603996492781662
0.188155,0.00618916555079097
0.18876,0.0058984640230882
0.189365,0.00583242452736445
0.18997,0.00646305574717353
0.190575,0.0076088500837191
0.19118,0.00863982773379498
0.191785,0.0090989521225339
0.19239,0.00912450515272726
0.192995,0.00920097780939745
0.1936,0.00955630385137579
0.194205,0.00998377823450412
0.19481,0.0102280622990666
0.195415,0.0102955756200296
0.19602,0.0103085412248225
0.196625,0.0102948379593133
0.19723,0.0102633233299384
0.197835,0.0103276775731339
0.19844,0.010668875405846
0.199045,0.0114191659665552
0.19965,0.0125064244495691
0.200255,0.0135904726237997
0.20086,0.0142905515596812
0.201465,0.0145081682276465
0.20207,0.0144822909103936
0.202675,0.0145770443793806
0.20328,0.0150181058659514
0.203885,0.0157143733068463
0.20449,0.0162937405684458
0.205095,0.016438811659325
0.2057,0.0162391384859631
0.206305,0.0160937374121761
0.20691,0.0162820884604812
0.207515,0.0167845161137428
0.20812,0.0174394335260708
0.208725,0.0180602142453339
0.20933,0.0184249232513931
0.209935,0.0183465637500941
0.21054,0.0178655679499247
0.211145,0.0173259301509092
0.21175,0.0171160519867555
0.212355,0.0172567975206652
0.21296,0.017315430118876
0.213565,0.0168415877065056
0.21417,0.0159006716886376
0.214775,0.0150687563638247
0.21538,0.0148741556868706
0.215985,0.0153588681236143
0.21659,0.0161807325220793
0.217195,0.0169696985883473
0.2178,0.0175171544409851
0.218405,0.0177488872301901
0.21901,0.0176893114998529
0.219615,0.0174917428885443
0.22022,0.0173789207656911
0.220825,0.0174477298797776
0.22143,0.0175440804795172
0.222035,0.0173993478799336
0.22264,0.0169626447911436
0.223245,0.016561217776668
0.22385,0.0166019193741745
0.224455,0.0171298498805251
0.22506,0.0178108490348513
0.225665,0.0183130569201391
0.22627,0.0185509643573775
0.226875,0.0185627126364404
0.22748,0.0183377650357358
0.228085,0.0178676540577312
0.22869,0.017268453952138
0.229295,0.0167406158943392
0.2299,0.0163742674483295
0.230505,0.0160118676015688
0.23111,0.0154149775327256
0.231715,0.0146378642030361
0.23232,0.0140946826899805
0.232925,0.0141257517954494
0.23353,0.0145966824312972
0.234135,0.0150429897715347
0.23474,0.0151321074050471
0.235345,0.0148818642445653
0.23595,0.0145116875488539
0.236555,0.0142087649740999
0.23716,0.0140025666033362
0.237765,0.0137723812153785
0.23837,0.0133680369939326
0.238975,0.0127457111456363
0.23958,0.0120055682716339
0.240185,0.011320707752289
0.24079,0.0108257586385626
0.241395,0.0105635075974547
0.242,0.0105213159526354
0.242605,0.0106475957878239
0.24321,0.0107879789544834
0.243815,0.0106822711600514
0.24442,0.0101366207613758
0.245025,0.00922872155764552
0.24563,0.00828810738929696
0.246235,0.00761315419368462
0.24684,0.0072031013552115
0.247445,0.006777182515443
0.24805,0.00604705760064462
0.248655,0.00499278852843982
0.24926,0.00391195022079827
0.249865,0.00320315359012452
0.25047,0.00306354365117703
0.251075,0.00333603285113546
0.25168,0.0036356297699711
0.252285,0.00365531919047786
0.25289,0.00334713588227976
0.253495,0.00282851147453298
0.2541,0.00220663410439753
0.254705,0.00152933174347158
0.25531,0.0008291733994764
0.255915,0.000130779556424869
0.25652,-0.000575805121103788
0.257125,-0.00129261378153158
0.25773,-0.00193965563991473
0.258335,-0.0023989395594976
0.25894,-0.0026482066210235
0.259545,-0.00279818459032946
0.26015,-0.00298653091781092
0.260755,-0.00328612338836414
0.26136,-0.00373513952333119
0.261965,-0.00436518202943653
0.26257,-0.00511770429091328
0.263175,-0.00582067828291185
0.26378,-0.00637912973101201
0.264385,-0.00695528410663286
0.26499,-0.00783043403037771
0.265595,-0.00904852049033714
0.2662,-0.0102780501435576
0.266805,-0.0111007366686363
0.26741,-0.0113964184702681
0.268015,-0.0113869037900744
0.26862,-0.0113595519352931
0.269225,-0.0114455894639161
0.26983,-0.0116804693263659
0.270435,-0.0121672394340789
0.27104,-0.0129980633320046
0.271645,-0.0139817549930313
0.27225,-0.0146678217368227
0.272855,-0.0148294497386499
0.27346,-0.0148232821197679
0.274065,-0.0152650711382367
0.27467,-0.0163570254595243
0.275275,-0.0176837277957981
0.27588,-0.0186487255118959
0.276485,-0.0189866447108526
0.27709,-0.0189056714769964
0.277695,-0.0188736362556095
0.2783,-0.0192744052826797
0.278905,-0.0201927653606578
0.27951,-0.0214197615417474
0.280115,-0.0225724772802737
0.28072,-0.0233035223633407
0.281325,-0.023609994030904
0.28193,-0.02394867131019
0.282535,-0.0248350167365505
0.28314,-0.0262542982480785
0.283745,-0.0276260273676611
0.28435,-0.0283908915136409
0.284955,-0.0284939301141791
0.28556,-0.0283128033386241
0.286165,-0.0282713070124805
0.28677,-0.0285371822261899
0.287375,-0.0290231672532454
0.28798,-0.0295985503832108
0.288585,-0.0301698394088146
0.28919,-0.0305783909543724
0.289795,-0.0306627592262363
0.2904,-0.0305367293942823
0.291005,-0.0306224807963157
0.29161,-0.0312440936445138
0.292215,-0.0322802820636617
0.29282,-0.0333010272860323
0.293425,-0.0339244063821432
0.29403,-0.0340320694361669
0.294635,-0.033850182063584
0.29524,-0.0339007958875825
0.295845,-0.0347201777407974
0.29645,-0.0364087279076769
0.297055,-0.0383345313594202
0.29766,-0.0394319867734182
0.298265,-0.0391062520159457
0.29887,-0.0379250409115369
0.299475,-0.0372170322876853
0.30008,-0.0378370969841186
0.300685,-0.0394167128078005
0.30129,-0.0408807140336881
0.301895,-0.0414673278201247
0.3025,-0.0411580252124862
0.303105,-0.0404700213583425
0.30371,-0.0400642604637661
0.304315,-0.0403425292605364
0.30492,-0.0411831612424278
0.305525,-0.0420289180166649
0.30613,-0.0422805909735148
0.306735,-0.041730835864556
0.30734,-0.0408066129966257
0.307945,-0.0403895723753118
0.30855,-0.0411070220352558
0.309155,-0.0426749785108592
0.30976,-0.0441545298916233
0.310365,-0.0448551068904593
0.31097,-0.0447826766993231
0.311575,-0.0443770386133354
0.31218,-0.0441247319023921
0.312785,-0.0443499079799272
0.31339,-0.0451106839891904
0.313995,-0.0461533944907409
0.3146,-0.0469659076647259
0.315205,-0.0470452214622871
0.31581,-0.0463864298041201
0.316415,-0.045733189541929
0.31702,-0.045986268012456
0.317625,-0.0471929858562065
0.31823,-0.048456698937438
0.318835,-0.0489525675831744
0.31944,-0.0486461767660032
0.320045,-0.0479870834647954
0.32065,-0.0473528688436145
0.321255,-0.0469268733663352
0.32186,-0.0468143828202417
0.322465,-0.0470156253917195
0.32307,-0.0472578436040461
0.323675,-0.0470197344418701
0.32428,-0.0459932741145188
0.324885,-0.0446447496930976
0.32549,-0.0440279333304584
0.326095,-0.0446953240639012
0.3267,-0.0459970383149125
0.327305,-0.0467721840820054
0.32791,-0.0464910677749259
0.328515,-0.0454977868384666
0.32912,-0.0444655661989089
0.329725,-0.0438827874323148
0.33033,-0.0438588643535438
0.330935,-0.04413004071068
0.33154,-0.0442080891245739
0.332145,-0.0436610104987074
0.33275,-0.0424133655899936
0.333355,-0.0409305862374185
0.33396,-0.0400560609493707
0.334565,-0.0403238035254774
0.33517,-0.0413479153218966
0.335775,-0.0421636188901193
0.33638,-0.0421453543160538
0.336985,-0.041394550947078
0.33759,-0.0404158173813265
0.338195,-0.039667940176506
0.3388,-0.0393306501494988
0.339405,-0.0392506730690128
0.34001,-0.0390157755439098
0.340615,-0.0382154912231911
0.34122,-0.0368151463060787
0.341825,-0.0353452412714015
0.34243,-0.0346039845855128
0.343035,-0.0349188175134973
0.34364,-0.0357179704941734
0.344245,-0.0361108751140519
0.34485,-0.0358043157492291
0.345455,-0.0351662564680359
0.34606,-0.034578358637631
0.346665,-0.0340812101480117
0.34727,-0.0336203120152259
0.347875,-0.0333229197596857
0.34848,-0.0332872035227229
0.349085,-0.033197152438045
0.34969,-0.0324912708705652
0.350295,-0.03108198795705
0.3509,-0.0297228450263039
0.351505,-0.0293385906203026
0.35211,-0.0299656349652037
0.352715,-0.0306750709630506
0.35332,-0.0305907131778962
0.353925,-0.0296833214216013
0.35453,-0.0285532340049894
0.355135,-0.0277136493615074
0.35574,-0.0272260718820508
0.356345,-0.0269245360063554
0.35695,-0.0266795443514381
0.357555,-0.026273972219067
0.35816,-0.0253152474290288
0.358765,-0.023644951142261
0.35937,-0.0217981985417382
0.359975,-0.0206991754386992
0.36058,-0.0207364319872821
0.361185,-0.0213657404861626
0.36179,-0.0217075976594561
0.362395,-0.0212877485882561
0.363,-0.0201994484423687
0.363605,-0.018846885957788
0.36421,-0.0176606797814889
0.364815,-0.0169469643375008
0.36542,-0.0167584541962325
0.366025,-0.0167376043106684
0.36663,-0.0162512771198095
0.367235,-0.0149669805867214
0.36784,-0.0133288694303569
0.368445,-0.0122504538408971
0.36905,-0.0122013346405817
0.369655,-0.0127353914983879
0.37026,-0.0129853912501743
0.370865,-0.0124267467717679
0.37147,-0.0111616153208831
0.372075,-0.00970440431114408
0.37268,-0.00854301620176173
0.373285,-0.00782814849318555
0.37389,-0.00742745914640497
0.374495,-0.00712288471426075
0.3751,-0.00665729659157228
0.375705,-0.00577310181393703
0.37631,-0.00446261566210755
0.376915,-0.0031469704445595
0.37752,-0.00237056473632864
0.378125,-0.00229879290989268
0.37873,-0.00260982254687899
0.379335,-0.00274650940102522
0.37994,-0.00223939754289573
0.380545,-0.00103482224486711
0.38115,0.000410130270644175
0.381755,0.00146821269143159
0.38236,0.00180407948339208
0.382965,0.0015807567805226
0.38357,0.00134288087823072
0.384175,0.00161362709966531
0.38478,0.00241343020712768
0.385385,0.00319507050519756
0.38599,0.00341881855501339
0.386595,0.00315106926605568
0.3872,0.00293927564792109
0.387805,0.00320922477968914
0.38841,0.0039518274518581
0.389015,0.00486786033031829
0.38962,0.0056644970862021
0.390225,0.00625545742381184
0.39083,0.00673845930063153
0.391435,0.00721561199228794
0.39204,0.00768332392802959
0.392645,0.00810176577825424
0.39325,0.00849718851944168
0.393855,0.00891388156717811
0.39446,0.0093219140426908
0.395065,0.00967159592401721
0.39567,0.00998204651820497
0.396275,0.0103294823472206
0.39688,0.0108213809178895
0.397485,0.011543288844298
0.39809,0.0124148027193421
0.398695,0.0131535472701072
0.3993,0.0135203572550187
0.399905,0.0135931815449612
0.40051,0.0136835799057577
0.401115,0.0139645473924084
0.40172,0.0142720957559584
0.402325,0.0143078068217319
0.40293,0.0140137467722668
0.403535,0.0137161763255015
0.40414,0.0138150121558222
0.404745,0.0143445981636993
0.40535,0.0149998647280419
0.405955,0.0155663326871753
0.40656,0.0161040455051457
0.407165,0.0167007563722547
0.40777,0.0172466524526212
0.408375,0.0175415981258957
0.40898,0.0175525900981192
0.409585,0.0174923448396377
0.41019,0.0176119814935348
0.410795,0.0178923765977807
0.4114,0.0180095065461474
0.412005,0.017732801725257
0.41261,0.0172903277937294
0.413215,0.017167112591154
0.41382,0.0175881781990741
0.414425,0.0183227211752245
0.41503,0.0189403413181313
0.415635,0.0191690457775763
0.41624,0.0190358044543001
0.416845,0.0187534652604134
0.41745,0.0185229085953936
0.418055,0.0183989542466256
0.41866,0.0182617148318594
0.419265,0.0178891229063071
0.41987,0.0171297031013897
0.420475,0.0161184042167539
0.42108,0.0153027625858593
0.421685,0.0151173088414776
0.42229,0.0156058890692657
0.422895,0.016407094228349
0.4235,0.0170436252904164
0.424105,0.0171948597476479
0.42471,0.0168358935003332
0.425315,0.0162601642671644
0.42592,0.015918781084456
0.426525,0.0160682542717383
0.42713,0.0165112490549576
0.427735,0.0167480475248678
0.42834,0.0164203099512499
0.428945,0.0156200683145963
0.42955,0.0148079791542199
0.430155,0.0144347026292735
0.43076,0.0146005868391619
0.431365,0.0150366156425121
0.43197,0.0153769918482249
0.432575,0.0154497053215078
0.43318,0.0153174386797164
0.433785,0.015073961697064
0.43439,0.0147017294393522
0.434995,0.0141658917630233
0.4356,0.0135449939274729
0.436205,0.0129679173766967
0.43681,0.0124231440451858
0.437415,0.0117320337029975
0.43802,0.0108065964184947
0.438625,0.00987161028826756
0.43923,0.00931729942392951
0.439835,0.00934049902058045
0.44044,0.00976372065445389
0.441045,0.0101801783931914
0.44165,0.0102708489030128
0.442255,0.0100159108166947
0.44286,0.00963269485311732
0.443465,0.00932608476017403
0.44407,0.00909792980311479
0.444675,0.00877290876157745
0.44528,0.00817928789006083
0.445885,0.007333065061108
0.44649,0.00648194490754165
0.447095,0.00591040666115179
0.4477,0.00567276937706265
0.448305,0.00559426203351502
0.44891,0.00550899328519035
0.449515,0.00536846092150594
0.45012,0.00514013642821752
0.450725,0.00474215314645817
0.45133,0.00412259666452799
0.451935,0.00336032153380258
0.45254,0.0026414230027456
0.453145,0.00207373440347244
0.45375,0.00150639844075396
0.454355,0.000649676493870876
0.45496,-0.000520079911042434
0.455565,-0.0015932571741132
0.45617,-0.00213923286809365
0.456775,-0.00220700377842283
0.45738,-0.00224376472656111
0.457985,-0.00256811351759266
0.45859,-0.00306647270068496
0.459195,-0.00341629313360617
0.4598,-0.00353319272254314
0.460405,-0.00371931058183784
0.46101,-0.00432076770601576
0.461615,-0.00528757942311433
0.46222,-0.00620209404558219
0.462825,-0.00678602216662971
0.46343,-0.00722767601985613
0.464035,-0.0078794092088372
0.46464,-0.00875628226959586
0.465245,-0.0094869235827913
0.46585,-0.00971988341566916
0.466455,-0.00952417890080222
0.46706,-0.00940365448276522
0.467665,-0.00987766493079641
0.46827,-0.0109953331829546
0.468875,-0.0122859409615227
0.46948,-0.0132157258324005
0.470085,-0.0136711373538069
0.47069,-0.0140098706985198
0.471295,-0.0147009675324093
0.4719,-0.0158748562786363
0.472505,-0.0171536007712726
0.47311,-0.0180015876744386
0.473715,-0.0182755140680026
0.47432,-0.0182838835875418
0.474925,-0.0183286463587878
0.47553,-0.0184338699537588
0.476135,-0.0185608374922084
0.47674,-0.0188505986381172
0.477345,-0.0194931090207616
0.47795,-0.020409657060323
0.478555,-0.0212037496968464
0.47916,-0.021546518468122
0.479765,-0.0216272878060044
0.48037,-0.0220563153077334
0.480975,-0.023158528867016
0.48158,-0.0245062632656417
0.482185,-0.0253768371935651
0.48279,-0.0255531487493148
0.483395,-0.0254600449601757
0.484,-0.0256282913680345
0.484605,-0.0262334520300092
0.48521,-0.0271152593039301
0.485815,-0.0280606945832935
0.48642,-0.0289717265744904
0.487025,-0.0297995784363554
0.48763,-0.0304378870412919
0.488235,-0.0308240351029096
0.48884,-0.0311677444714803
0.489445,-0.0318746904356347
0.49005,-0.033085402133092
0.490655,-0.0344175890044382
0.49126,-0.0352929866372314
0.491865,-0.0354539222094323
0.49247,-0.0351383904167606
0.493075,-0.0348575188445883
0.49368,-0.0350335402488615
0.494285,-0.0357112686374313
0.49489,-0.0364883351986467
0.495495,-0.0367927521855529
0.4961,-0.0363820448646549
0.496705,-0.0356455051928069
0.49731,-0.0353739035943032
0.497915,-0.0360620649023259
0.49852,-0.037368259471057
0.499125,-0.0384341961515721
0.49973,-0.0387695731935657
0.500335,-0.0386111342128227
0.50094,-0.0384442968324118
0.501545,-0.038484863872169
0.50215,-0.038728070995912
0.502755,-0.0392219615363405
0.50336,-0.0399853090389699
0.503965,-0.0407246828406427
0.50457,-0.0409684208835605
0.505175,-0.0406472322087166
0.50578,-0.0404033510421716
0.506385,-0.0410728093264336
0.50699,-0.042767079107776
0.507595,-0.0446170001475967
0.5082,-0.0455435036531331
0.508805,-0.0452282199068891
0.50941,-0.0443066315443668
0.510015,-0.0436861881297496
0.51062,-0.0437799287152133
0.511225,-0.0444122967877951
0.51183,-0.0451868993146698
0.512435,-0.0456610900323677
0.51304,-0.0454030752695222
0.513645,-0.0443801707377857
0.51425,-0.0433182663947536
0.514855,-0.0432206504841704
0.51546,-0.0443296133015756
0.516065,-0.0458577070298125
0.51667,-0.0468506822052144
0.517275,-0.047022247210308
0.51788,-0.0467217031446993
0.518485,-0.0464309692352931
0.51909,-0.046443237869484
0.519695,-0.0468664031315838
0.5203,-0.0476544880853171
0.520905,-0.0484521781405952
0.52151,-0.0486036078908987
0.522115,-0.04772707304693
0.52272,-0.0463613312605499
0.523325,-0.0456762502997878
0.52393,-0.0462937985031098
0.524535,-0.0476328869365485
0.52514,-0.048586986829251
0.525745,-0.0485563919353829
0.52635,-0.0477323659695762
0.526955,-0.04674354433462
0.52756,-0.046167988407262
0.528165,-0.0461714945416691
0.52877,-0.0464465116314063
0.529375,-0.0464408015188162
0.52998,-0.0456827371097494
0.530585,-0.0440916667209801
0.53119,-0.0422054805340676
0.531795,-0.0410140168647463
0.5324,-0.041176624476732
0.533005,-0.0423176525608181
0.53361,-0.0433505859084978
0.534215,-0.0434568972325733
0.53482,-0.0426028831372371
0.535425,-0.041356798378222
0.53603,-0.04043022857941
0.536635,-0.0402323560807123
0.53724,-0.0406321016440795
0.537845,-0.0410499528704939
0.53845,-0.04081689794709
0.539055,-0.0396466452841295
0.53966,-0.0379908248432665
0.540265,-0.0368670079417018
0.54087,-0.0369728905601937
0.541475,-0.0379095205426129
0.54208,-0.0386036262355851
0.542685,-0.0384306913657367
0.54329,-0.0375704272696965
0.543895,-0.0364648690108268
0.5445,-0.035405646768886
0.545105,-0.0346078199435135
0.54571,-0.0342624945465172
0.546315,-0.0342811062487318
0.54692,-0.0341192381332101
0.547525,-0.0331273390861861
0.54813,-0.0312475577356429
0.548735,-0.0293261592966257
0.54934,-0.0284698006985057
0.549945,-0.0289393704400376
0.55055,-0.0298966094052562
0.551155,-0.0303003397461718
0.55176,-0.0297644854869782
0.552365,-0.0285883321184288
0.55297,-0.0273452641624403
0.553575,-0.0265152919458745
0.55418,-0.026248124184828
0.554785,-0.0262760084380248
0.55539,-0.0260789070715198
0.555995,-0.0252879529193737
0.5566,-0.0240263297612403
0.557205,-0.0228723523955871
0.55781,-0.0224176491876082
0.558415,-0.0227398229974644
0.55902,-0.023337458901332
0.559625,-0.0236197937272542
0.56023,-0.0233205810543103
0.560835,-0.0224821477445536
0.56144,-0.0213353735957253
0.562045,-0.0202774736578793
0.56265,-0.019738112644127
0.563255,-0.0197998436782037
0.56386,-0.0199130040098683
0.564465,-0.0192295725239994
0.56507,-0.0174355821147943
0.565675,-0.0152381268477746
0.56628,-0.0138516731238654
0.566885,-0.0138287360695358
0.56749,-0.0144829561752172
0.568095,-0.014641148613739
0.5687,-0.0138163194183387
0.569305,-0.0124580906840807
0.56991,-0.0112363983185035
0.570515,-0.0103651046155358
0.57112,-0.00965985129015539
0.571725,-0.00899790092563768
0.57233,-0.00843754667753822
0.572935,-0.00793188348584686
0.57354,-0.00719957180218085
0.574145,-0.00605169360060451
0.57475,-0.00479090455342779
0.575355,-0.00404558169624357
0.57596,-0.00408714729329993
0.576565,-0.00445787942295442
0.57717,-0.00435856735012792
0.577775,-0.00335425797000816
0.57838,-0.00174000569751933
0.578985,-0.000272280378970163
0.57959,0.000479307158335463
0.580195,0.000559560970916677
0.5808,0.000493940088792169
0.581405,0.00080704267081213
0.58201,0.00164860377261986
0.582615,0.00275381825808491
0.58322,0.00364737045326634
0.583825,0.00396122841722349
0.58443,0.00369531650526421
0.585035,0.00318424302222789
0.58564,0.00285952829482281
0.586245,0.00308331226795555
0.58685,0.0039934490685965
0.587455,0.00530490666677288
0.58806,0.00636982935447771
0.588665,0.00662482144579519
0.58927,0.00607699761684591
0.589875,0.00537392771870512
0.59048,0.00531003852123807
0.591085,0.00611478076399441
0.59169,0.00718196105388413
0.592295,0.00763403337957105
0.5929,0.00724203372705889
0.593505,0.00665127155862309
0.59411,0.00664960384653736
0.594715,0.00741530540880269
0.59532,0.00852674167645357
0.595925,0.00948409819945128
0.59653,0.0100949811165303
0.597135,0.0104492197851007
0.59774,0.0106990129162348
0.598345,0.0109593495472081
0.59895,0.011343137024295
0.599555,0.0119303205572274
0.60016,0.0126100214717286
0.600765,0.0130534840463033
0.60137,0.0130393668588527
0.601975,0.0127735510890431
0.60258,0.0127137620157266
0.603185,0.0131275654508612
0.60379,0.0139202712919106
0.604395,0.0147825470475709
0.605,0.0154135642755597
0.605605,0.0156792715915437
0.60621,0.0156526444065284
0.606815,0.0155335414294841
0.60742,0.0155147474184388
0.608025,0.0156675172846198
0.60863,0.0158791582991543
0.609235,0.0159225660006378
0.60984,0.0157036917898419
0.610445,0.0154219219771871
0.61105,0.0153872219542177
0.611655,0.0157566255450333
0.61226,0.0164939831221159
0.612865,0.0174180864366637
0.61347,0.0182516581819346
0.614075,0.0187827494967592
0.61468,0.0190068927699045
0.615285,0.01905749448566
0.61589,0.01907557279169
0.616495,0.0191857711626482
0.6171,0.0194400784702198
0.617705,0.0197051215827475
0.61831,0.019760423867675
0.618915,0.0195726361112609
0.61952,0.0193648577075725
0.620125,0.0194277033314367
0.62073,0.0198960172678506
0.621335,0.0205888053748281
0.62194,0.021063159338746
0.622545,0.0209722890874293
0.62315,0.0203726413326421
0.623755,0.0196262561658941
0.62436,0.0190703219676636
0.624965,0.0187881280423881
0.62557,0.0185709865928422
0.626175,0.018069742709349
0.62678,0.0171132959082985
0.627385,0.0159329174403809
0.62799,0.0150045667519335
0.628595,0.0146793721407751
0.6292,0.0149684280087143
0.629805,0.0155425265857353
0.63041,0.0159152516853169
0.631015,0.0157878913504896
0.63162,0.0152674953986582
0.632225,0.014711594019801
0.63283,0.0143921985941497
0.633435,0.0142946813104405
0.63404,0.0141578391401969
0.634645,0.0137089846916998
0.63525,0.0129298076877843
0.635855,0.0120939384455365
0.63646,0.0114951436632874
0.637065,0.0111756964129198
0.63767,0.0109896328194739
0.638275,0.0108643054857659
0.63888,0.0108644860204479
0.639485,0.010976032678697
0.64009,0.010946357597714
0.640695,0.0104992119591264
0.6413,0.00971037525896395
0.641905,0.00898595969612909
0.64251,0.00858700857795923
0.643115,0.0083122703263589
0.64372,0.00775245696469028
0.644325,0.00679752464549747
0.64493,0.00580232299745432
0.645535,0.00523988750490425
0.64614,0.00525200157437378
0.646745,0.00558029846893565
0.64735,0.00588416838418591
0.647955,0.00602698379968914
0.64856,0.00602364476608413
0.649165,0.00582640563964924
0.64977,0.005315056524996
0.650375,0.00449730364829873
0.65098,0.00361182005431388
0.651585,0.00295153532399051
0.65219,0.00254872377347989
0.652795,0.00209837565556211
0.6534,0.00131073275418028
0.654005,0.000322581404831558
0.65461,-0.000368964745196237
0.655215,-0.000434659629661936
0.65582,-0.000116351549037831
0.656425,-3.42301294058517e-05
0.65703,-0.000598385300861856
0.657635,-0.00165039428298423
0.65824,-0.0026831300791775
0.658845,-0.00338810864299081
0.65945,-0.0039472353794835
0.660055,-0.00475703644729427
0.66066,-0.0059360983800911
0.661265,-0.00719651717097785
0.66187,-0.00816182361527984
0.662475,-0.00872364455793956
0.66308,-0.00907913976490392
0.663685,-0.00945803544616461
0.66429,-0.00985556913321924
0.664895,-0.0100794726649804
0.6655,-0.0100737894840224
0.666105,-0.0101283139229834
0.66671,-0.0106529226241389
0.667315,-0.0117206749290676
0.66792,-0.0129248742504486
0.668525,-0.0137520684418501
0.66913,-0.0140795508476147
0.669735,-0.014245191125209
0.67034,-0.0146032671919199
0.670945,-0.0151432343462363
0.67155,-0.0156709956591787
0.672155,-0.0161858109243837
0.67276,-0.0168082848705748
0.673365,-0.0174201702395768
0.67397,-0.0177074516751107
0.674575,-0.0176562427487229
0.67518,-0.0177476421323523
0.675785,-0.0184463138022029
0.67639,-0.0196089825848872
0.676995,-0.0206116798234388
0.6776,-0.021067291905096
0.678205,-0.0212474866529632
0.67881,-0.0217085888235525
0.679415,-0.0226279649605093
0.68002,-0.0236279523988681
0.680625,-0.0241732167522317
0.68123,-0.0240815773197078
0.681835,-0.0237332705055423
0.68244,-0.0237925594644961
0.683045,-0.0246161412152529
0.68365,-0.0258930858347937
0.684255,-0.0269153127290548
0.68486,-0.0272321269001288
0.685465,-0.0270335910688466
0.68607,-0.0269224144803206
0.686675,-0.0273612876536955
0.68728,-0.0283251885582159
0.687885,-0.0294273247515786
0.68849,-0.0303138356714562
0.689095,-0.0308779477522764
0.6897,-0.0311697538519814
0.690305,-0.0312860644555322
0.69091,-0.0313886039499505
0.691515,-0.0317233805536982
0.69212,-0.0325244080572385
0.692725,-0.0337717356490901
0.69333,-0.0349975016775963
0.693935,-0.0355631665563578
0.69454,-0.0353725188004342
0.695145,-0.0351658926617862
0.69575,-0.0357970480477961
0.696355,-0.0372718004239629
0.69696,-0.0387775464260913
0.697565,-0.0395773232927113
0.69817,-0.0396050904718402
0.698775,-0.0393069181819851
0.69938,-0.0391930796325985
0.699985,-0.03952820357223
0.70059,-0.0402547631831971
0.701195,-0.0410762920646358
0.7018,-0.041590876314134
0.702405,-0.0414946965250317
0.70301,-0.0408914218533605
0.703615,-0.0404163936703046
0.70422,-0.0407666759030203
0.704825,-0.041959141086238
0.70543,-0.0432787225819225
0.706035,-0.044031243172923
0.70664,-0.0441013575659409
0.707245,-0.0438232158396533
0.70785,-0.043638909002368
0.708455,-0.0438834396470941
0.70906,-0.0446302673153483
0.709665,-0.0456092583421598
0.71027,-0.0463030287279404
0.710875,-0.0462537068962779
0.71148,-0.0454832296288805
0.712085,-0.0446868693326172
0.71269,-0.0447683257645814
0.713295,-0.0459465686645912
0.7139,-0.0474825329177852
0.714505,-0.0484213478858279
0.71511,-0.0483675472749127
0.715715,-0.0475502025033607
0.71632,-0.0465405752295313
0.716925,-0.0459570782071168
0.71753,-0.0461052266479599
0.718135,-0.0467391398441222
0.71874,-0.0472069164234816
0.719345,-0.0468841949000144
0.71995,-0.0456412829333715
0.720555,-0.0441177636600152
0.72116,-0.0434253356325991
0.721765,-0.0441864272903885
0.72237,-0.0458582772773524
0.722975,-0.0472735940436896
0.72358,-0.047699566693655
0.724185,-0.0471899629349299
0.72479,-0.0462623209465453
0.725395,-0.0455220327016365
0.726,-0.0453741510817046
0.726605,-0.0457983071392714
0.72721,-0.0463222553656315
0.727815,-0.0462987669079861
0.72842,-0.0454117064303706
0.729025,-0.0440973659098405
0.72963,-0.0433608678024363
0.730235,-0.0438337099484775
0.73084,-0.0450117431040011
0.731445,-0.0457653775442355
0.73205,-0.0455242466017687
0.732655,-0.044614615776616
0.73326,-0.043622559635586
0.733865,-0.0428559224087658
0.73447,-0.042386969976734
0.735075,-0.042246986887721
0.73568,-0.0423455422096895
0.736285,-0.04228130519634
0.73689,-0.0415079920928583
0.737495,-0.0399171535076003
0.7381,-0.0382343409737557
0.738705,-0.0375178226038401
0.73931,-0.0380722145910309
0.739915,-0.0390986364706391
0.74052,-0.0395285980647291
0.741125,-0.0389430750191491
0.74173,-0.0376923639301071
0.742335,-0.0364540962091231
0.74294,-0.035747346279126
0.743545,-0.035653635526304
0.74415,-0.0357978541208824
0.744755,-0.0355711394120916
0.74536,-0.0345372965209965
0.745965,-0.0328381550991726
0.74657,-0.0312757017314934
0.747175,-0.030762485029615
0.74778,-0.0314170815403367
0.748385,-0.0323537132983758
0.74899,-0.0325627949539043
0.749595,-0.0317896530050712
0.7502,-0.0304865957880395
0.750805,-0.0292496141473491
0.75141,-0.0284387975118859
0.752015,-0.0280751138590137
0.75262,-0.0278511467187521
0.753225,-0.0272799143691221
0.75383,-0.0260330632334281
0.754435,-0.0242896007107611
0.75504,-0.0227933767591992
0.755645,-0.0223552335489347
0.75625,-0.0230096201707002
0.756855,-0.0238163949448304
0.75746,-0.0237936784713771
0.758065,-0.0228639200012444
0.75867,-0.0216821723750958
0.759275,-0.0208133298526934
0.75988,-0.0203336564141828
0.760485,-0.0200750619055483
0.76109,-0.0199335408557667
0.761695,-0.0198181669226507
0.7623,-0.019474696514443
0.762905,-0.0186151828940082
0.76351,-0.0173481735042726
0.764115,-0.0163552459620297
0.76472,-0.0163162545611236
0.765325,-0.0171064699588972
0.76593,-0.0178528137256085
0.766535,-0.0177909361573102
0.76714,-0.0168350620595717
0.767745,-0.0154331041677825
0.76835,-0.0141624637687237
0.768955,-0.0134393694603684
0.76956,-0.0133390066044993
0.770165,-0.0135016755323236
0.77077,-0.0132870343821638
0.771375,-0.0122353828913828
0.77198,-0.0105165409385612
0.772585,-0.00891582939599759
0.77319,-0.00821155673139585
0.773795,-0.00843166593933854
0.7744,-0.00880253540680052
0.775005,-0.00849050071160974
0.77561,-0.00732170458015554
0.776215,-0.00580043309422138
0.77682,-0.00455786597592932
0.777425,-0.00385196164001687
0.77803,-0.0035161496073647
0.778635,-0.00321091117175497
0.77924,-0.00267907067534284
0.779845,-0.00187583490218591
0.78045,-0.00094918337302732
0.781055,-0.000136896041964408
0.78166,0.000361619245868097
0.782265,0.000531206583315833
0.78287,0.000580346957865817
0.783475,0.000798676151214071
0.78408,0.00138537392849546
0.784685,0.00236582752314742
0.78529,0.00356824729760046
0.785895,0.00465107452968143
0.7865,0.00526041331068021
0.787105,0.00534219105916788
0.78771,0.00531288416690015
0.788315,0.00573310417908472
0.78892,0.00672400594373638
0.789525,0.00778648587240046
0.79013,0.00827857482777421
0.790735,0.00808406815132009
0.79134,0.0077449299506158
0.791945,0.0079137666989028
0.79255,0.00876849845375037
0.793155,0.00997085628155683
0.79376,0.0110684850263026
0.794365,0.0118471545023198
0.79497,0.0123108483779692
0.795575,0.0124686073389936
0.79618,0.0123288610167843
0.796785,0.0120918587918918
0.79739,0.012118915344483
0.797995,0.0125359234917613
0.7986,0.0129817115910301
0.799205,0.0129993450790906
0.79981,0.0126524490689929
0.800415,0.0125193233208638
0.80102,0.0130621578873138
0.801625,0.0141499830973036
0.80223,0.0152102843278374
0.802835,0.0157769870985675
0.80344,0.0158757927470824
0.804045,0.0158968000612847
0.80465,0.0161426449549
0.805255,0.0165593297243766
0.80586,0.0168834571914137
0.806465,0.0169462468196842
0.80707,0.0168046576259805
0.807675,0.0166603315526693
0.80828,0.0166749794618065
0.808885,0.0168361982413085
0.80949,0.0170509938384609
0.810095,0.0173486646233348
0.8107,0.0178346046514962
0.811305,0.0184277737646463
0.81191,0.0188154939117174
0.812515,0.0187497119775021
0.81312,0.0183184559374664
0.813725,0.017871233233096
0.81433,0.0176838574387383
0.814935,0.0176896823304365
0.81554,0.0175437628956606
0.816145,0.0170167300665921
0.81675,0.0163208982465701
0.817355,0.0159396562416449
0.81796,0.0161589128698356
0.818565,0.0168710388511334
0.81917,0.0177416968538706
0.819775,0.0184385305247495
0.82038,0.0187917081528972
0.820985,0.0188583817311736
0.82159,0.0188339542585092
0.822195,0.0188890725096199
0.8228,0.0190675773370974
0.823405,0.0192516566630466
0.82401,0.0192096224285301
0.824615,0.0188168686382234
0.82522,0.0182781043299739
0.825825,0.0179733437411339
0.82643,0.0180434357824665
0.827035,0.0182773763000612
0.82764,0.0183973692859879
0.828245,0.01830461552786
0.82885,0.0180616538319714
0.829455,0.0177457162950672
0.83006,0.0173469717819219
0.830665,0.0168068675915029
0.83127,0.0161319814329834
0.831875,0.0153847472875452
0.83248,0.0145500109838961
0.833085,0.0135510070721413
0.83369,0.0124625817348499
0.834295,0.0115682312324921
0.8349,0.0111314435567802
0.835505,0.0111909938773752
0.83611,0.0115227784882496
0.836715,0.0116868945404944
0.83732,0.0112717222748834
0.837925,0.0103014037044798
0.83853,0.00932372433869398
0.839135,0.00891972012667673
0.83974,0.00910527214538917
0.840345,0.00929372148832901
0.84095,0.00888504973114305
0.841555,0.0078633201685113
0.84216,0.00679980604773078
0.842765,0.00629289767799675
0.84337,0.00642171194928416
0.843975,0.00673980699492338
0.84458,0.0067632395337166
0.845185,0.0064321603698098
0.84579,0.00609681097168236
0.846395,0.00604134366646587
0.847,0.00606603794470058
0.847605,0.0056727047954616
0.84821,0.00467456553747471
0.848815,0.0034588491091811
0.84942,0.00254929642293118
0.850025,0.00200309361418574
0.85063,0.00141376683883675
0.851235,0.000542305682712673
0.85184,-0.000256810274955012
0.852445,-0.000421932100788675
0.85305,8.1499430227203e-05
0.853655,0.000625797768955274
0.85426,0.000589049377991487
0.854865,-3.25342373395989e-08
0.85547,-0.00061336766449811
0.856075,-0.000886158241672561
0.85668,-0.000956401884498867
0.857285,-0.00119448390049677
0.85789,-0.00175209411300892
0.858495,-0.00245850094953639
0.8591,-0.00310950715623076
0.859705,-0.00372304108653375
0.86031,-0.00444592190076787
0.860915,-0.00527037380373546
0.86152,-0.0059401319989712
0.862125,-0.00620260015650419
0.86273,-0.00614694647846672
0.863335,-0.00622450936524369
0.86394,-0.0068656442513906
0.864545,-0.00803408544771798
0.86515,-0.00919749499642126
0.865755,-0.00983597164542707
0.86636,-0.0099892936612073
0.866965,-0.010240063400588
0.86757,-0.0111436294652255
0.868175,-0.0126726076848815
0.86878,-0.0142079378311712
0.869385,-0.0150872951883795
0.86999,-0.0151774571071226
0.870595,-0.014934290871568
0.8712,-0.0149394801413381
0.871805,-0.0153973939999296
0.87241,-0.0160882144527991
0.873015,-0.0167468143608973
0.87362,-0.0173501668070361
0.874225,-0.017991502861986
0.87483,-0.0186118102424858
0.875435,-0.0190509608877632
0.87604,-0.0193723988239386
0.876645,-0.0198978173594449
0.87725,-0.0207907313822214
0.877855,-0.0217788616010274
0.87846,-0.0224152658409657
0.879065,-0.0225417733184469
0.87967,-0.0224649361619415
0.880275,-0.0227051282680609
0.88088,-0.0235305269481489
0.881485,-0.0246884304683205
0.88209,-0.0256269372636727
0.882695,-0.0260361311409263
0.8833,-0.026155255503511
0.883905,-0.0265126369145995
0.88451,-0.0274002958502719
0.885115,-0.0286253975514527
0.88572,-0.0297348574332879
0.886325,-0.0304552527557705
0.88693,-0.0308694407621732
0.887535,-0.0311548289886218
0.88814,-0.0313144540809647
0.888745,-0.0313104729559984
0.88935,-0.0313405480689082
0.889955,-0.0317508486331879
0.89056,-0.0325998749172722
0.891165,-0.0334329848173726
0.89177,-0.0336679271737549
0.892375,-0.0332642107138
0.89298,-0.0329104896563277
0.893585,-0.0333842629984541
0.89419,-0.0347099498080745
0.894795,-0.0361280686040087
0.8954,-0.036914382376417
0.896005,-0.0370199649884665
0.89661,-0.0369178541139691
0.897215,-0.0370673658379964
0.89782,-0.0375934916119332
0.898425,-0.0383494545288571
0.89903,-0.039133126450385
0.899635,-0.0397513514990522
0.90024,-0.0399796142536045
0.900845,-0.0397406188081015
0.90145,-0.0394292311459139
0.902055,-0.0397772444439358
0.90266,-0.0411151144886035
0.903265,-0.0428942426607647
0.90387,-0.0441319450514479
0.904475,-0.0442656195684184
0.90508,-0.0435723193396091
0.905685,-0.0428844593360158
0.90629,-0.0428807919933893
0.906895,-0.0435785047859738
0.9075,-0.0444623720857783
0.908105,-0.0449755930892428
0.90871,-0.0448620376063902
0.909315,-0.0442699417851944
0.90992,-0.043710146085332
0.910525,-0.0437590083985297
0.91113,-0.0445635339307342
0.911735,-0.045688540294229
0.91234,-0.0465487498927222
0.912945,-0.0468529675752713
0.91355,-0.0466471306839321
0.914155,-0.0462302827816277
0.91476,-0.0460898150541081
0.915365,-0.0466541200457144
0.91597,-0.0478878743490106
0.916575,-0.0491050028297065
0.91718,-0.049360822710021
0.917785,-0.0482796150315003
0.91839,-0.0465854657052997
0.918995,-0.0456631846506232
0.9196,-0.0463350164757631
0.920205,-0.0480430901483276
0.92081,-0.0494123335216962
0.921415,-0.0495436150489617
0.92202,-0.0486013629799441
0.922625,-0.0473562909272234
0.92323,-0.0464513517682112
0.923835,-0.0460829684936313
0.92444,-0.0461274361854846
0.925045,-0.0462999034100248
0.92565,-0.046164756447041
0.926255,-0.0452970864872933
0.92686,-0.043759814835774
0.927465,-0.0423638235237613
0.92807,-0.0420535665612156
0.928675,-0.0429062255710215
0.92928,-0.0440363460386253
0.929885,-0.0445034268383954
0.93049,-0.0440411030654727
0.931095,-0.0430438462971303
0.9317,-0.04217511886038
0.932305,-0.0419217474953139
0.93291,-0.0422781876694175
0.933515,-0.042766325015442
0.93412,-0.0427912039430774
0.934725,-0.0420643959329996
0.93533,-0.040830027766389
0.935935,-0.0397765783322269
0.93654,-0.0395571066999846
0.937145,-0.0401839128979278
0.93775,-0.0409981889325406
0.938355,-0.0412894491007038
0.93896,-0.0407745472214556
0.939565,-0.0396076787395271
0.94017,-0.0382621173049156
0.940775,-0.0373436449181057
0.94138,-0.0371992531507477
0.941985,-0.0375647261694115
0.94259,-0.037650758419599
0.943195,-0.0367018503052268
0.9438,-0.034673004841277
0.944405,-0.0325105015143345
0.94501,-0.0315284462525571
0.945615,-0.0321283968063256
0.94622,-0.0333001093938546
0.946825,-0.0337099286216652
0.94743,-0.0330108208127658
0.948035,-0.0318159442434001
0.94864,-0.030786771838313
0.949245,-0.0301592900025726
0.94985,-0.0299408329938509
0.950455,-0.0300700298334504
0.95106,-0.0302454207958032
0.951665,-0.0299015807295044
0.95227,-0.0286721861564127
0.952875,-0.0269414453153007
0.95348,-0.025743477812794
0.954085,-0.0258182197308774
0.95469,-0.026779439385962
0.955295,-0.0274782766446132
0.9559,-0.0271351139888685
0.956505,-0.0259156138122207
0.95711,-0.0245400163611313
0.957715,-0.0235624896593921
0.95832,-0.0230199158326311
0.958925,-0.0225976118262762
0.95953,-0.0219579469334735
0.960135,-0.0209178622110997
0.96074,-0.0194882273685143
0.961345,-0.0179172048172241
0.96195,-0.0166975023743653
0.962555,-0.0162737758313566
0.96316,-0.0165717789263417
0.963765,-0.0169830075456964
0.96437,-0.0168929673723936
0.964975,-0.0161062097587894
0.96558,-0.014850785280823
0.966185,-0.0135883825257447
0.96679,-0.012791354090982
0.967395,-0.012649388262592
0.968,-0.0128275839946579
0.968605,-0.0126465830294332
0.96921,-0.0116973517130701
0.969815,-0.0102753265908967
0.97042,-0.00915327537386761
0.971025,-0.00888662935080868
0.97163,-0.00929474140289303
0.972235,-0.00966108660022436
0.97284,-0.0094240214948337
0.973445,-0.00856783745812602
0.97405,-0.00743336696347018
0.974655,-0.00636690961958102
0.97526,-0.00558566012864415
0.975865,-0.00520058876519107
0.97647,-0.005144777925362
0.977075,-0.00505601990915372
0.97768,-0.0044446093994336
0.978285,-0.00316379029779
0.97889,-0.00170366838897996
0.979495,-0.00084504356338987
0.9801,-0.000893826328428464
0.980705,-0.00136254217514148
0.98131,-0.00148471665285264
0.981915,-0.000900828848598946
0.98252,0.000179548160930094
0.983125,0.00129525172766866
0.98373,0.00211429150523224
0.984335,0.00256855576135798
0.98494,0.00276412116009252
0.985545,0.002896353767964
0.98615,0.0032032135572047
0.986755,0.0038210948184226
0.98736,0.00461255098590963
0.987965,0.0052399667173723
0.98857,0.00551926527628673
0.989175,0.00563620748710315
0.98978,0.00594181613514769
0.990385,0.00663519979629727
0.99099,0.00767097889339452
0.991595,0.00883216495170191
0.9922,0.0098406691951127
0.992805,0.0104759570565096
0.99341,0.0106974509965992
0.994015,0.010733850631678
0.99462,0.0109855350285703
0.995225,0.0116799470436579
0.99583,0.0125801371124836
0.996435,0.0131507840978606
0.99704,0.0131333842667911
0.997645,0.0128890711724544
0.99825,0.0130259455578835
0.998855,0.013750545259788
0.99946,0.0147352348396512
1.000065,0.0155640563796225
1.00067,0.0161275461136902
1.001275,0.0165113520789014
1.00188,0.0166362978399627
1.002485,0.0162752054528436
1.00309,0.0155284799693323
1.003695,0.0150269418103615
1.0043,0.0153160831820609
1.004905,0.016082519891708
1.00551,0.0163889133150668
1.006115,0.0157942218070523
1.00672,0.0149196221785451
1.007325,0.0147622955693109
1.00793,0.0156604879236072
1.008535,0.0170275272226217
1.00914,0.0179807742744328
1.009745,0.0181372371896495
1.01035,0.0178003692003506
1.010955,0.0174920545975345
1.01156,0.0174597389690883
1.012165,0.0176140850820743
1.01277,0.0177368255849286
1.013375,0.0176417809694877
1.01398,0.0172765399474713
1.014585,0.016796972891282
1.01519,0.0164588118201785
1.015795,0.0163951522924192
1.0164,0.0165864606035369
1.017005,0.0169758621072936
1.01761,0.017458279803017
1.018215,0.0178126080744446
1.01882,0.0178059050312678
1.019425,0.0174187869686833
1.02003,0.0169289433019465
1.020635,0.0166993666036004
1.02124,0.0168058280515162
1.021845,0.0168711172731432
1.02245,0.016412893516135
1.023055,0.0154560258995207
1.02366,0.0146306527280434
1.024265,0.0145147439786736
1.02487,0.0150426041669904
1.025475,0.015685232294257
1.02608,0.016043283540364
1.026685,0.016121846625689
1.02729,0.016124909358925
1.027895,0.0161522752174438
1.0285,0.0161511981403636
1.029105,0.0160916078620437
1.02971,0.0160669315715784
1.030315,0.0161291276226258
1.03092,0.0160928042672113
1.031525,0.0157052897500574
1.03213,0.0150282137373336
1.032735,0.0144674557152987
1.03334,0.0143874731890061
1.033945,0.0147709535968209
1.03455,0.0152217193615655
1.035155,0.015276039705566
1.03576,0.014785565771266
1.036365,0.0140237003936284
1.03697,0.0133795780878686
1.037575,0.0129505660141526
1.03818,0.0124718832616867
1.038785,0.011628108962534
1.03939,0.0103892826154811
1.039995,0.00907474827451098
1.0406,0.00811368052829996
1.041205,0.00768159401822218
1.04181,0.00757857421629971
1.042415,0.00751689151157325
1.04302,0.00743296644720208
1.043625,0.00740987131120958
1.04423,0.00738116674866219
1.044835,0.00708700420317094
1.04544,0.00639083319790634
1.046045,0.00552911635113896
1.04665,0.00489079873331997
1.047255,0.00455414480966757
1.04786,0.00418299532620267
1.048465,0.00346357979882909
1.04907,0.00255210744458047
1.049675,0.00193662294843261
1.05028,0.0018844352583076
1.050885,0.00216733497569473
1.05149,0.00231713687502317
1.052095,0.00205889669128463
1.0527,0.00149730255355367
1.053305,0.000917988974522486
1.05391,0.000444880840686381
1.054515,-6.32146448066058e-05
1.05512,-0.000787740439294473
1.055725,-0.0016925710993366
1.05633,-0.00255221982319834
1.056935,-0.00321381312392474
1.05754,-0.00374735573369835
1.058145,-0.00430465965719967
1.05875,-0.00486378727058631
1.059355,-0.00519132090849015
1.05996,-0.00513651532962291
1.060565,-0.004899706889844
1.06117,-0.00487896375079304
1.061775,-0.00528191524361045
1.06238,-0.00596820020174717
1.062985,-0.00662411900758815
1.06359,-0.00705632632443957
1.064195,-0.0073718938317006
1.0648,-0.00787512770297295
1.065405,-0.00873062499351013
1.06601,-0.00975533329379239
1.066615,-0.010614811596537
1.06722,-0.0111592140117536
1.067825,-0.0114608165270172
1.06843,-0.011620193076975
1.069035,-0.011700876844421
1.06964,-0.0118283762591009
1.070245,-0.0122316416799369
1.07085,-0.013101559237873
1.071455,-0.0143531793294047
1.07206,-0.0155842678797982
1.072665,-0.016413194653398
1.07327,-0.0168817429029954
1.073875,-0.0174146196912406
1.07448,-0.0183400479287291
1.075085,-0.019535067691307
1.07569,-0.0205790554760941
1.076295,-0.0211640735308382
1.0769,-0.0213178366658374
1.077505,-0.0213151803515181
1.07811,-0.0214388278489738
1.078715,-0.0218287503389273
1.07932,-0.0224995200676863
1.079925,-0.0233622178862881
1.08053,-0.0242045337540364
1.081135,-0.0248129314144344
1.08174,-0.0252015193960133
1.082345,-0.0256187065615961
1.08295,-0.0262499600234779
1.083555,-0.0270197459736937
1.08416,-0.0277917268946037
1.084765,-0.0286011751469647
1.08537,-0.0294837855543543
1.085975,-0.0302205271795122
1.08658,-0.030530061797868
1.087185,-0.0305007102922487
1.08779,-0.0306161710184145
1.088395,-0.0312529640558031
1.089,-0.0322384486609514
1.089605,-0.0330191857684329
1.09021,-0.033285805312372
1.090815,-0.0333637725745101
1.09142,-0.0338679146097569
1.092025,-0.0349676404079202
1.09263,-0.0361926031851748
1.093235,-0.0370046763290911
1.09384,-0.0373029121644257
1.094445,-0.037311263974798
1.09505,-0.0372589047465632
1.095655,-0.0373085097975933
1.09626,-0.0376240754984752
1.096865,-0.0382910283831336
1.09747,-0.0390704683777651
1.098075,-0.0393477727170555
1.09868,-0.0386733981534638
1.099285,-0.0375402189948353
1.09989,-0.0372429145326734
1.100495,-0.0385351700220826
1.1011,-0.040685702403144
1.101705,-0.0422533392211125
1.10231,-0.0425239413490889
1.102915,-0.0419074802225801
1.10352,-0.0412784784075993
1.104125,-0.0412480114743796
1.10473,-0.041891627606774
1.105335,-0.0428833627225048
1.10594,-0.0437669368088303
1.106545,-0.0441424715438477
1.10715,-0.043830829130152
1.107755,-0.0431397913311937
1.10836,-0.0428807653642696
1.108965,-0.0437055398550816
1.10957,-0.0453684979591927
1.110175,-0.0469428654100939
1.11078,-0.0476885451038286
1.111385,-0.0474927774975213
1.11199,-0.0467544560457057
1.112595,-0.046145468753111
1.1132,-0.0462378169942412
1.113805,-0.0470193075008546
1.11441,-0.0478012426232714
1.115015,-0.0477800420253799
1.11562,-0.0467526319862886
1.116225,-0.0453495163727651
1.11683,-0.0446211901748168
1.117435,-0.0451978265551405
1.11804,-0.0466848751623365
1.118645,-0.0480320357245052
1.11925,-0.0485103797091341
1.119855,-0.0481280064102813
1.12046,-0.0472715630865126
1.121065,-0.0463835921805279
1.12167,-0.0459665492725366
1.122275,-0.0463901961514207
1.12288,-0.0473822254143597
1.123485,-0.0479561323611906
1.12409,-0.0472293665945819
1.124695,-0.0454047779137401
1.1253,-0.0438113893887694
1.125905,-0.0437487551126822
1.12651,-0.0451689474224475
1.127115,-0.0466893870311101
1.12772,-0.0470131343869529
1.128325,-0.0460843228338012
1.12893,-0.0447956547856073
1.129535,-0.0439426626549802
1.13014,-0.0436895711915795
1.130745,-0.0437796451402821
1.13135,-0.0438443507660173
1.131955,-0.0434781897807493
1.13256,-0.0423698864230294
1.133165,-0.04063460122927
1.13377,-0.0389944251598864
1.134375,-0.038373842456355
1.13498,-0.0390536507159638
1.135585,-0.0402951227702528
1.13619,-0.0409911166558833
1.136795,-0.0406107825457083
1.1374,-0.0394604646665859
1.138005,-0.038242889919016
1.13861,-0.037515236010501
1.139215,-0.0374275244036234
1.13982,-0.0376724785200433
1.140425,-0.0376079233737632
1.14103,-0.0367265025610942
1.141635,-0.0352129483556171
1.14224,-0.033915167428029
1.142845,-0.0336123327059347
1.14345,-0.0342929118641698
1.144055,-0.0352073101356414
1.14466,-0.035596222465628
1.145265,-0.0352404076373259
1.14587,-0.0343803059092426
1.146475,-0.0333411827106413
1.14708,-0.032325237618892
1.147685,-0.0315263243134492
1.14829,-0.0312113167259686
1.148895,-0.0313202231091595
1.1495,-0.0310860340315656
1.150105,-0.0296342896775958
1.15071,-0.0271878405388226
1.151315,-0.0252389855086963
1.15192,-0.0251112510608751
1.152525,-0.0265445353959544
1.15313,-0.0280006884578908
1.153735,-0.0281573534491102
1.15434,-0.0269221838254789
1.154945,-0.0252573636770328
1.15555,-0.0242154507053035
1.156155,-0.0240887983855976
1.15676,-0.0243846191589038
1.157365,-0.0244066589686456
1.15797,-0.023737606513172
1.158575,-0.0223985984910157
1.15918,-0.0208466871184223
1.159785,-0.0197713291835128
1.16039,-0.0195935339417627
1.160995,-0.0200759519132355
1.1616,-0.020552565065802
1.162205,-0.0204778329924305
1.16281,-0.0197020359751107
1.163415,-0.0184578773592197
1.16402,-0.0171876600716915
1.164625,-0.0162467253603533
1.16523,-0.0157186522876129
1.165835,-0.0154267751556008
1.16644,-0.0150039835831327
1.167045,-0.0141102674144938
1.16765,-0.0128224446933874
1.168255,-0.011708243831508
1.16886,-0.0112480272957171
1.169465,-0.0112720593558442
1.17007,-0.0112374138342247
1.170675,-0.0108529698305453
1.17128,-0.0101083570280123
1.171885,-0.00900241033554991
1.17249,-0.00764513595894078
1.173095,-0.00641344966115266
1.1737,-0.00567924177420988
1.174305,-0.00541560993727595
1.17491,-0.00519024088151198
1.175515,-0.00455980585460532
1.17612,-0.003504186608093
1.176725,-0.00251452146428132
1.17733,-0.00213398111138573
1.177935,-0.00232242403407753
1.17854,-0.00247939811458758
1.179145,-0.00216089124145238
1.17975,-0.00145666429236962
1.180355,-0.000630123344448355
1.18096,0.00022206739212117
1.181565,0.00106143360526151
1.18217,0.00174206457905469
1.182775,0.00210768113989776
1.18338,0.00222398253502595
1.183985,0.00245283827256342
1.18459,0.003159631195727
1.185195,0.00421903315601203
1.1858,0.00496947951997085
1.186405,0.00493927725513034
1.18701,0.00450059714546615
1.187615,0.00449884614166182
1.18822,0.00533630577273958
1.188825,0.00663854162658127
1.18943,0.00770171929055352
1.190035,0.0081376236206339
1.19064,0.00816042207836952
1.191245,0.00828880807796909
1.19185,0.00877664277277851
1.192455,0.00941653513899736
1.19306,0.00989282001808416
1.193665,0.0101419678993147
1.19427,0.0102905619059683
1.194875,0.0104397667194785
1.19548,0.0106298792495323
1.196085,0.0108758492472578
1.19669,0.0111870493054117
1.197295,0.011625376559923
1.1979,0.0122753620799779
1.198505,0.0130866361936365
1.19911,0.0138362322556549
1.199715,0.0143286329105352
1.20032,0.0146085465226317
1.200925,0.0149153972358955
1.20153,0.0154068817662948
1.202135,0.0159562021304132
1.20274,0.0162634096791264
1.203345,0.0162055884857243
1.20395,0.0160427529202905
1.204555,0.016170925182616
1.20516,0.0166942355881397
1.205765,0.017373789883294
1.20637,0.0179666628669763
1.206975,0.0184514136189392
1.20758,0.0188870624149405
1.208185,0.0191783683409748
1.20879,0.0191096787802419
1.209395,0.0186283556739634
1.21,0.0180139557081891
1.210605,0.0176727709027084
1.21121,0.0177326115835148
1.211815,0.0179050982709141
1.21242,0.017819488293278
1.213025,0.0174484639342883
1.21363,0.0171378938662353
1.214235,0.0172441482038397
1.21484,0.0177767794114536
1.215445,0.0183856201189835
1.21605,0.0186795682534035
1.216655,0.0185466748759646
1.21726,0.0181976759153136
1.217865,0.0179577164717496
1.21847,0.0180054362825164
1.219075,0.0182439979439301
1.21968,0.018386804758692
1.220285,0.0182099182450116
1.22089,0.0177763279841154
1.221495,0.0173849416100162
1.2221,0.0172704436035245
1.222705,0.0174062414396462
1.22331,0.0176017504920027
1.223915,0.0176992653597218
1.22452,0.0176388519038679
1.225125,0.0174025537342476
1.22573,0.0170005339905332
1.226335,0.0165365239320399
1.22694,0.0161813176697459
1.227545,0.0159780485684203
1.22815,0.0157015136709014
1.228755,0.0150251036319419
1.22936,0.0139070773272619
1.229965,0.0127652054861078
1.23057,0.0121566595315922
1.231175,0.0122592281102795
1.23178,0.0127133876865301
1.232385,0.0129845839435029
1.23299,0.0128502679679769
1.233595,0.0125045264949983
1.2342,0.0122341701465947
1.234805,0.012108684457194
1.23541,0.0119935870784255
1.236015,0.0117374519274587
1.23662,0.011287461499554
1.237225,0.0107004144522911
1.23783,0.0101149191978523
1.238435,0.00968315948239237
1.23904,0.00946566176070654
1.239645,0.00940457598499968
1.24025,0.00942369623377615
1.240855,0.00949627172344081
1.24146,0.00956373128873749
1.242065,0.0094380891220039
1.24267,0.00890371556993409
1.243275,0.00798544537092958
1.24388,0.00702407309601624
1.244485,0.00635715311411198
1.24509,0.00595596562914759
1.245695,0.0054691436307307
1.2463,0.00463256706817105
1.246905,0.00361099505069735
1.24751,0.0029042196021984
1.248115,0.00288098296310156
1.24872,0.00340163353173108
1.249325,0.00390725669382091
1.24993,0.00388780601261027
1.250535,0.00329146758860868
1.25114,0.00251069682437158
1.251745,0.00198507152079416
1.25235,0.00180882649179196
1.252955,0.00171635122230218
1.25356,0.00142301080015184
1.254165,0.000893596211111611
1.25477,0.000266632305201162
1.255375,-0.000345250064845551
1.25598,-0.000916373675429425
1.256585,-0.00144866047214509
1.25719,-0.00189267581774687
1.257795,-0.00216176197120409
1.2584,-0.00229712112772784
1.259005,-0.00257263831066588
1.25961,-0.00328975084324105
1.260215,-0.0044391852819278
1.26082,-0.00567098522506013
1.261425,-0.00665015427281005
1.26203,-0.0073871253162108
1.262635,-0.00818957090230954
1.26324,-0.00930232606151345
1.263845,-0.0105892215609767
1.26445,-0.0116192496657065
1.265055,-0.0121162194810903
1.26566,-0.0122192131648596
1.266265,-0.0122348890548489
1.26687,-0.0122982076136052
1.267475,-0.0123937516100909
1.26808,-0.0125714542820639
1.268685,-0.0129678690604626
1.26929,-0.0136018092657325
1.269895,-0.0142432712410798
1.2705,-0.0145949031429391
1.271105,-0.0146586238444766
1.27171,-0.0148395226773827
1.272315,-0.0155332268309583
1.27292,-0.0166296435070159
1.273525,-0.0175956038749195
1.27413,-0.0180391674560925
1.274735,-0.0180429337777338
1.27534,-0.0179937945044423
1.275945,-0.0182460882786175
1.27655,-0.0189310702454627
1.277155,-0.0199576835045493
1.27776,-0.0211136147153485
1.278365,-0.0221709640512872
1.27897,-0.0229764131378806
1.279575,-0.0235459657712761
1.28018,-0.0241111955275129
1.280785,-0.0249694195208681
1.28139,-0.0261650567983488
1.281995,-0.0273693427276211
1.2826,-0.0281668014515584
1.283205,-0.0284337211187133
1.28381,-0.0284306874879564
1.284415,-0.0285703289270487
1.28502,-0.0290785579883126
1.285625,-0.0298364552415412
1.28623,-0.0305192388572748
1.286835,-0.030907328352114
1.28744,-0.0311514623632119
1.288045,-0.0317609709140824
1.28865,-0.0332192617522079
1.289255,-0.0354875113096609
1.28986,-0.0379147425759624
1.290465,-0.0397566657748167
1.29107,-0.0407470945989935
1.291675,-0.0410498327395807
1.29228,-0.0408070262815934
1.292885,-0.040013349068794
1.29349,-0.038832676471961
1.294095,-0.0377947979102581
1.2947,-0.0374676026779404
1.295305,-0.0378964810857983
1.29591,-0.0384936124434721
1.296515,-0.0386403090845817
1.29712,-0.0384248351776491
1.297725,-0.0386086240748002
1.29833,-0.039716015324505
1.298935,-0.0413428947927338
1.29954,-0.042581730888445
1.300145,-0.0429404295384825
1.30075,-0.0426387297718634
1.301355,-0.0422132604430194
1.30196,-0.0420688421875213
1.302565,-0.0423263718403156
1.30317,-0.0428803890697388
1.303775,-0.0434548185890968
1.30438,-0.0436417620830693
1.304985,-0.0431355871079723
1.30559,-0.0421558131582503
1.306195,-0.0415272554001478
1.3068,-0.0420038650659828
1.307405,-0.0434629919247102
1.30801,-0.0449931759414609
1.308615,-0.0457377549045607
1.30922,-0.0454913255849642
1.309825,-0.0446689971274248
1.31043,-0.0439590175485968
1.311035,-0.0439265410932037
1.31164,-0.0446851871490811
1.312245,-0.0457512002402817
1.31285,-0.0462616584456289
1.313455,-0.0456375950285969
1.31406,-0.0442628932295198
1.314665,-0.0433580018177705
1.31527,-0.0438496990118824
1.315875,-0.0453877967523693
1.31648,-0.0467712260298531
1.317085,-0.0472150723698182
1.31769,-0.0468507166123243
1.318295,-0.0462157878548137
1.3189,-0.0457284784414852
1.319505,-0.0456000545453856
1.32011,-0.0458660163667357
1.320715,-0.0462921956069709
1.32132,-0.0463349956831074
1.321925,-0.0454657906478673
1.32253,-0.0437828843412965
1.323135,-0.0422674555230611
1.32374,-0.0420770321708429
1.324345,-0.0433712842407891
1.32495,-0.0450763021287175
1.325555,-0.0459403471316331
1.32616,-0.0455725580585243
1.326765,-0.0444747028766135
1.32737,-0.0434530993336998
1.327975,-0.0431071794331469
1.32858,-0.0435850726224338
1.329185,-0.0444913156330785
1.32979,-0.0449830201721005
1.330395,-0.0442707353852888
1.331,-0.0423693268155625
1.331605,-0.0403891404573698
1.33221,-0.0397889196710006
1.332815,-0.0410421881463619
1.33342,-0.0431055143080287
1.334025,-0.0443600846454629
1.33463,-0.0439856493589961
1.335235,-0.042438714932881
1.33584,-0.0408550536551889
1.336445,-0.0400688516434756
1.33705,-0.0400723953083676
1.337655,-0.0402424550473556
1.33826,-0.0399122140718518
1.338865,-0.038742535815681
1.33947,-0.0368587623632527
1.340075,-0.0349310846898275
1.34068,-0.0339342733438473
1.341285,-0.0343398731191369
1.34189,-0.035542750031006
1.342495,-0.0364354380190432
1.3431,-0.0364459156304166
1.343705,-0.0357663895474864
1.34431,-0.03483777741616
1.344915,-0.0339804861130588
1.34552,-0.0334346984982195
1.346125,-0.0333641865368765
1.34673,-0.0335881339267793
1.347335,-0.0334875767408107
1.34794,-0.0325090331656935
1.348545,-0.0308689228331062
1.34915,-0.0295733145390832
1.349755,-0.0294665907260533
1.35036,-0.030287132291878
1.350965,-0.030930318453193
1.35157,-0.0305885012081723
1.352175,-0.0293801196880151
1.35278,-0.0279735067574691
1.353385,-0.0268888252318214
1.35399,-0.0262138618946177
1.354595,-0.0257972080345217
1.3552,-0.0254568474480515
1.355805,-0.0249512260809449
1.35641,-0.0239867607669274
1.357015,-0.0225188802819326
1.35762,-0.0210442555295749
1.358225,-0.0202988346858157
1.35883,-0.0205007152506776
1.359435,-0.0211004409734686
1.36004,-0.0213460965555711
1.360645,-0.0208717511351271
1.36125,-0.0197929493237435
1.361855,-0.0185393063045506
1.36246,-0.017634562867361
1.363065,-0.0173961217546775
1.36367,-0.0176482911215834
1.364275,-0.0177800955393312
1.36488,-0.0172609742138107
1.365485,-0.0161448038347327
1.36609,-0.0150280285094936
1.366695,-0.0144764397202026
1.3673,-0.0144623534168017
1.367905,-0.0144340762562916
1.36851,-0.0139477792084179
1.369115,-0.0130581017037602
1.36972,-0.0120649734354011
1.370325,-0.0110905900988249
1.37093,-0.01005650126012
1.371535,-0.0090002296738752
1.37214,-0.00814374587052793
1.372745,-0.0075133244167864
1.37335,-0.00672386335664112
1.373955,-0.00538923349741409
1.37456,-0.00370355166377296
1.375165,-0.00239457913170003
1.37577,-0.00195532707059613
1.376375,-0.00206326496160833
1.37698,-0.00195823326444511
1.377585,-0.00126806989082532
1.37819,-0.000260041048560075
1.378795,0.000631896557439462
1.3794,0.00129730356520846
1.380005,0.00189477630604814
1.38061,0.00249966460423517
1.381215,0.0030293283118653
1.38182,0.00344633710296821
1.382425,0.00382263686792012
1.38303,0.00418305109184761
1.383635,0.00442762047894911
1.38424,0.00449593495379701
1.384845,0.00453060213482713
1.38545,0.00478660893946044
1.386055,0.00543093087643432
1.38666,0.00644386911843488
1.387265,0.00762108149619325
1.38787,0.00866624201275736
1.388475,0.00933723590974356
1.38908,0.00955440734436051
1.389685,0.00947266638794232
1.39029,0.00945941552517508
1.390895,0.00984055844503314
1.3915,0.010558079991329
1.392105,0.0111569906777974
1.39271,0.0112451490915147
1.393315,0.0109384799638339
1.39392,0.0107265885442606
1.394525,0.0109543741939944
1.39513,0.011560956251833
1.395735,0.0122503119122934
1.39634,0.0127886515107148
1.396945,0.0131250901738173
1.39755,0.0132826404938085
1.398155,0.0132601337704887
1.39876,0.0131169903433131
1.399365,0.0130404437141807
1.39997,0.013190315524725
1.400575,0.0134847245907507
1.40118,0.0136404111043184
1.401785,0.0134815531398525
1.40239,0.0131691715120492
1.402995,0.0131058683872372
1.4036,0.0136213930097332
1.404205,0.0146731766332251
1.40481,0.0158136391221264
1.405415,0.0165313101731525
1.40602,0.0166639967200147
1.406625,0.0164753187274726
1.40723,0.0163838408291859
1.407835,0.0166453652766867
1.40844,0.0172017265734361
1.409045,0.0177204564792476
1.40965,0.0178307906446511
1.410255,0.0174616984022349
1.41086,0.0169348924162473
1.411465,0.0166652166523615
1.41207,0.0168459877902809
1.412675,0.0174346330721509
1.41328,0.0182773613324901
1.413885,0.0191271887775886
1.41449,0.0195985924134138
1.415095,0.0193131465510813
1.4157,0.0182914585703223
1.416305,0.0171587721546504
1.41691,0.0167101747995675
1.417515,0.0171249777253179
1.41812,0.0177232599028861
1.418725,0.0176550102828879
1.41933,0.016789185770747
1.419935,0.0158287659293784
1.42054,0.0156078302028338
1.421145,0.0163322233798764
1.42175,0.0174435409601106
1.422355,0.0181691460342263
1.42296,0.0181912428305018
1.423565,0.0177831328969527
1.42417,0.0173788462032232
1.424775,0.017134643512404
1.42538,0.0169225302935993
1.425985,0.0166156060307044
1.42659,0.0162546233534622
1.427195,0.0159634186761237
1.4278,0.0157762089171149
1.428405,0.0155759638257232
1.42901,0.0152628323177294
1.429615,0.0149810827806013
1.43022,0.0150064882880762
1.430825,0.0153219582316101
1.43143,0.0154765437491632
1.432035,0.0150382369612404
1.43264,0.0141238803519861
1.433245,0.01330466317526
1.43385,0.0129574279496149
1.434455,0.0128337572902599
1.43506,0.0123413498632466
1.435665,0.0112211001505859
1.43627,0.00988907548268375
1.436875,0.00905501232895871
1.43748,0.00903163511385052
1.438085,0.00949588659157175
1.43869,0.00987470422526358
1.439295,0.00985475876135263
1.4399,0.00953824055219079
1.440505,0.00919838511627012
1.44111,0.00895172593912882
1.441715,0.00870237598437205
1.44232,0.00835451346134253
1.442925,0.00794120033441831
1.44353,0.00750115122265977
1.444135,0.00698535429387582
1.44474,0.00639318852046321
1.445345,0.00587154993542677
1.44595,0.00557812770529757
1.446555,0.00551863865510401
1.44716,0.0055328984135447
1.447765,0.00539171615326705
1.44837,0.00495436297599651
1.448975,0.00428375418392788
1.44958,0.0035914251817019
1.450185,0.0030528733565952
1.45079,0.00265111088295507
1.451395,0.00216479085156489
1.452,0.00134473978374253
1.452605,0.00019543525064449
1.45321,-0.000930315690430501
1.453815,-0.00165036769905773
1.45442,-0.00195681546002748
1.455025,-0.00212967683655615
1.45563,-0.0022883501921679
1.456235,-0.00228345133326362
1.45684,-0.00207702618595312
1.457445,-0.0019963442743776
1.45805,-0.00243122475885265
1.458655,-0.00334503324913627
1.45926,-0.00427475749493387
1.459865,-0.00487041077666073
1.46047,-0.00529815943775408
1.461075,-0.00599132303120646
1.46168,-0.0070579972531867
1.462285,-0.00810013758576391
1.46289,-0.00867762354511737
1.463495,-0.00880857568722074
1.4641,-0.00890018907664393
1.464705,-0.00927611232178558
1.46531,-0.00988650574755214
1.465915,-0.0104780475748444
1.46652,-0.01097034681327
1.467125,-0.0115746614569576
1.46773,-0.0125156186143606
1.468335,-0.0137185241661175
1.46894,-0.0148766992974253
1.469545,-0.0158065867215306
1.47015,-0.0165955595264481
1.470755,-0.0173719300021457
1.47136,-0.0180783708577193
1.471965,-0.0185417157072683
1.47257,-0.0186971428119566
1.473175,-0.0187082921341055
1.47378,-0.0188499068734491
1.474385,-0.0192475968768143
1.47499,-0.0197865897390755
1.475595,-0.0203102157571765
1.4762,-0.0208097322418074
1.476805,-0.0213569682417896
1.47741,-0.021962317470248
1.478015,-0.0225925388041178
1.47862,-0.0232289382679984
1.479225,-0.0238237137073017
1.47983,-0.0242981567404343
1.480435,-0.0246334067332929
1.48104,-0.0248799121250868
1.481645,-0.0250959183141797
1.48225,-0.0253574741240594
1.482855,-0.0257841753080174
1.48346,-0.0264840701339183
1.484065,-0.0274762537356148
1.48467,-0.0286538179605153
1.485275,-0.0297837359285397
1.48588,-0.030597254500953
1.486485,-0.0310086043774178
1.48709,-0.0312545895048461
1.487695,-0.0317094913058305
1.4883,-0.0325316444024669
1.488905,-0.0335089265989643
1.48951,-0.0342204048413274
1.490115,-0.034390510573084
1.49072,-0.0341742067865168
1.491325,-0.0340739669212236
1.49193,-0.0345192817050661
1.492535,-0.035516807693123
1.49314,-0.0366657205278825
1.493745,-0.0374590784581577
1.49435,-0.0376459871405828
1.494955,-0.0374562529289206
1.49556,-0.0374525839484765
1.496165,-0.0379899760518465
1.49677,-0.0388586151581765
1.497375,-0.0396194922231963
1.49798,-0.0401135296123118
1.498585,-0.0403929932796051
1.49919,-0.0404090052205149
1.499795,-0.040165386564722
1.5004,-0.0400612343929551
1.501005,-0.0406480004068092
1.50161,-0.0419113344375776
1.502215,-0.0430466498800894
1.50282,-0.0431975050957333
1.503425,-0.0424113207559123
1.50403,-0.0416905708236451
1.504635,-0.0419699704768646
1.50524,-0.0431506985465639
1.505845,-0.0443177435998955
1.50645,-0.044745498429256
1.507055,-0.0444485990082101
1.50766,-0.0439460082326889
1.508265,-0.0437860615427218
1.50887,-0.0442109760615832
1.509475,-0.0450383685971806
1.51008,-0.0457823268666142
1.510685,-0.0459288307706715
1.51129,-0.045232316361986
1.511895,-0.0439837248827493
1.5125,-0.0430347208397252
1.513105,-0.0432056300946811
1.51371,-0.0444533967539744
1.514315,-0.0458913750949077
1.51492,-0.0467074124379517
1.515525,-0.0467487879658901
1.51613,-0.0462854116920335
1.516735,-0.04567810616471
1.51734,-0.0453375476193023
1.517945,-0.0455898037379203
1.51855,-0.0463144250973444
1.519155,-0.0468369432144781
1.51976,-0.0464289460832028
1.520365,-0.0450733302875941
1.52097,-0.0437274575531187
1.521575,-0.0435810655085792
1.52218,-0.0448442330487179
1.522785,-0.046474652371664
1.52339,-0.0472814569752012
1.523995,-0.0470077218721031
1.5246,-0.0462015722377549
1.525205,-0.0454520215775108
1.52581,-0.0450408428540741
1.526415,-0.0450592363775709
1.52702,-0.0454282126731098
1.527625,-0.0457195050178091
1.52823,-0.0452428402081078
1.528835,-0.0436491526076052
1.52944,-0.0415698399769786
1.530045,-0.0403934254292904
1.53065,-0.0409973273169981
1.531255,-0.042763821182065
1.53186,-0.0441867091294196
1.532465,-0.0443280072178703
1.53307,-0.0434339637946917
1.533675,-0.042379754440798
1.53428,-0.0418643934900381
1.534885,-0.0420431448412856
1.53549,-0.0425497264334294
1.536095,-0.0427027250439467
1.5367,-0.0419190211329469
1.537305,-0.0402093409650759
1.53791,-0.0383292515852849
1.538515,-0.0373104258448026
1.53912,-0.0376219904798595
1.539725,-0.0387326564720447
1.54033,-0.0395970907956886
1.540935,-0.0395213120967215
1.54154,-0.0385247989018178
1.542145,-0.0371124236979537
1.54275,-0.0358888210830266
1.543355,-0.0352696118414063
1.54396,-0.0352762707380844
1.544565,-0.035416873898655
1.54517,-0.0348935589584541
1.545775,-0.0332443907108212
1.54638,-0.0309376881561514
1.546985,-0.0292036074241169
1.54759,-0.0289975197081129
1.548195,-0.0300536684008561
1.5488,-0.0311439259942033
1.549405,-0.0312380964154925
1.55001,-0.0302288381237719
1.550615,-0.0287066021117681
1.55122,-0.0273624508075306
1.551825,-0.0266025412569523
1.55243,-0.0264496608863765
1.553035,-0.0265505479405487
1.55364,-0.0263104028775027
1.554245,-0.0253100998596531
1.55485,-0.0237720759488237
1.555455,-0.0225247699752246
1.55606,-0.0222845083531918
1.556665,-0.0229098405564663
1.55727,-0.0235447532057724
1.557875,-0.0234921211795521
1.55848,-0.0227164630977614
1.559085,-0.0215815753987982
1.55969,-0.0204211045121564
1.560295,-0.0194256541006417
1.5609,-0.0187444874053048
1.561505,-0.0184346766505882
1.56211,-0.0182179131796727
1.562715,-0.0175144235822413
1.56332,-0.0160068263980411
1.563925,-0.0141773116904858
1.56453,-0.0130063725264553
1.565135,-0.012967374525754
1.56574,-0.0135285408047062
1.566345,-0.0137762846680429
1.56695,-0.0132702225583837
1.567555,-0.0122098172275353
1.56816,-0.011064535432505
1.568765,-0.0101953093939106
1.56937,-0.00970928861804648
1.569975,-0.0095002911278939
1.57058,-0.00931022218112912
1.571185,-0.00880773618569516
1.57179,-0.0078305653765936
1.572395,-0.00668778474491068
1.573,-0.00604589141554448
1.573605,-0.0062331049666377
1.57421,-0.00674065428370288
1.574815,-0.00670584303433571
1.57542,-0.00583195410328466
1.576025,-0.00459346137315795
1.57663,-0.00357801271080193
1.577235,-0.0028458409413102
1.57784,-0.00203607382268918
1.578445,-0.000961260024241526
1.57905,0.000144007321185494
1.579655,0.000963746882220706
1.58026,0.00148136384386167
1.580865,0.00193473552114561
1.58147,0.00248518952813882
1.582075,0.00305814669314017
1.58268,0.00351264276058161
1.583285,0.00386271194004424
1.58389,0.00431652738447586
1.584495,0.00510361594946607
1.5851,0.00619288791144289
1.585705,0.00721948983901395
1.58631,0.00778831257405956
1.586915,0.0078325418838902
1.58752,0.00765577683261638
1.588125,0.00765707880501482
1.58873,0.00801374838284358
1.589335,0.00857508040401714
1.58994,0.00900113483532051
1.590545,0.00905828940687218
1.59115,0.00887535098081306
1.591755,0.00885515662328621
1.59236,0.0092807255960917
1.592965,0.0100750961861406
1.59357,0.0109399219382222
1.594175,0.0116342881440505
1.59478,0.0120962120660944
1.595385,0.0123823102301256
1.59599,0.0126110686096208
1.596595,0.0129494279056518
1.5972,0.0135031320871773
1.597805,0.0141447791851295
1.59841,0.0145221529373318
1.599015,0.014383309824978
1.59962,0.0139561115899482
1.600225,0.0138518394418713
1.60083,0.0144527197801003
1.601435,0.0154920490013001
1.60204,0.0163426498474036
1.602645,0.0166511124357104
1.60325,0.0166084064740787
1.603855,0.0166338801482801
1.60446,0.0168911357292256
1.605065,0.0171535851806695
1.60567,0.0171112648976688
1.606275,0.0167433205758814
1.60688,0.01629676869266
1.607485,0.0159370949531405
1.60809,0.015625893330298
1.608695,0.0153589193386964
1.6093,0.0153000063593763
1.609905,0.015607084968909
1.61051,0.016222817695752
1.611115,0.0168636384730854
1.61172,0.0172131963439795
1.612325,0.0171748921041735
1.61293,0.0169588959235789
1.613535,0.0168884922016608
1.61414,0.0170960388071839
1.614745,0.0174206947489796
1.61535,0.0175888018294409
1.615955,0.0174705215431217
1.61656,0.0171906363743774
1.617165,0.0169992095361556
1.61777,0.0170338449706054
1.618375,0.0172673029880112
1.61898,0.0176514403775938
1.619585,0.0181570018088151
1.62019,0.0186583708618986
1.620795,0.0189275317064985
1.6214,0.0188319403110186
1.622005,0.0185034507711365
1.62261,0.0182310216837813
1.623215,0.0181507079351557
1.62382,0.0180677929087849
1.624425,0.0176317501152087
1.62503,0.0167381617321128
1.625635,0.0157503519461937
1.62624,0.0152298001723693
1.626845,0.0154032953880806
1.62745,0.0159393039104762
1.628055,0.0162689953203854
1.62866,0.0161170801781179
1.629265,0.0157050530946725
1.62987,0.015429761042219
1.630475,0.0154042825531458
1.63108,0.0153861726188458
1.631685,0.0151062515942993
1.63229,0.0145341314750677
1.632895,0.0138020975382327
1.6335,0.0130285092802898
1.634105,0.0123132549782287
1.63471,0.0117932524600514
1.635315,0.0115947737323526
1.63592,0.0117297023860541
1.636525,0.0120223673668717
1.63713,0.0121581925609356
1.637735,0.011903731486464
1.63834,0.0113096554764278
1.638945,0.0106498443529554
1.63955,0.0101687658010279
1.640155,0.00990674760032486
1.64076,0.00969167807393642
1.641365,0.00924949707881182
1.64197,0.00842922978114375
1.642575,0.00739478316818682
1.64318,0.00651246789124125
1.643785,0.00602562120371092
1.64439,0.00591514415874967
1.644995,0.00601268584560722
1.6456,0.00611647232854075
1.646205,0.00604317832197257
1.64681,0.00568791741152636
1.647415,0.00507958905500642
1.64802,0.00439607972856836
1.648625,0.00387392900094987
1.64923,0.00358387849850234
1.649835,0.00329740261101551
1.65044,0.00270508370984499
1.651045,0.00180179068342226
1.65165,0.000952950249814232
1.652255,0.000533794765128931
1.65286,0.000556185019065799
1.653465,0.000661644212470498
1.65407,0.000459976657331431
1.654675,-0.000121997493149948
1.65528,-0.000852967904441099
1.655885,-0.00153981362635094
1.65649,-0.00223536342818825
1.657095,-0.0030734784147523
1.6577,-0.00405021348617362
1.658305,-0.00508201922590021
1.65891,-0.00618102331044652
1.659515,-0.00739143167898387
1.66012,-0.00854388929159621
1.660725,-0.00924721619172179
1.66133,-0.00924442602188274
1.661935,-0.00875557345808799
1.66254,-0.00840818416332123
1.663145,-0.00875900938033298
1.66375,-0.00980780799905879
1.664355,-0.0109780311522028
1.66496,-0.0116515313874813
1.665565,-0.011766038588912
1.66617,-0.0118465759216827
1.666775,-0.0124340828518069
1.66738,-0.0135497946656629
1.667985,-0.0147247568207881
1.66859,-0.0154574230557021
1.669195,-0.015616572639886
1.6698,-0.0154750328954301
1.670405,-0.0154245326382534
1.67101,-0.0156847139603728
1.671615,-0.01623263009546
1.67222,-0.0169162794756828
1.672825,-0.0176225032676199
1.67343,-0.0183740364923899
1.674035,-0.0192545076753709
1.67464,-0.0202301071552695
1.675245,-0.0211249992870142
1.67585,-0.021854309262975
1.676455,-0.0225787216116035
1.67706,-0.023472401193458
1.677665,-0.0244381712339178
1.67827,-0.0252155204695951
1.678875,-0.0256655184364792
1.67948,-0.0258339828245596
1.680085,-0.025861348070738
1.68069,-0.0259378682767691
1.681295,-0.0262516645722583
1.6819,-0.0268560185782302
1.682505,-0.0275767164133536
1.68311,-0.0280957805131757
1.683715,-0.0281855304994381
1.68432,-0.0279573244696983
1.684925,-0.0278874733839533
1.68553,-0.0284371095783944
1.686135,-0.0295696607765534
1.68674,-0.0307416297233649
1.687345,-0.0313936369621586
1.68795,-0.031409197945887
1.688555,-0.0311584908688977
1.68916,-0.0311710379508514
1.689765,-0.03174135882516
1.69037,-0.0327654665647181
1.690975,-0.0338603940195585
1.69158,-0.0346218778443115
1.692185,-0.034882895782027
1.69279,-0.0348726232894743
1.693395,-0.0351145548837852
1.694,-0.0359840852831883
1.694605,-0.0372954935407788
1.69521,-0.0384481339947555
1.695815,-0.0389936146464884
1.69642,-0.0389721785199157
1.697025,-0.0387539890717376
1.69763,-0.0386797697590389
1.698235,-0.0388882324655598
1.69884,-0.039385206112178
1.699445,-0.0400686421708017
1.70005,-0.0406268606947496
1.700655,-0.0406594549646704
1.70126,-0.0401576081222461
1.701865,-0.0397568226701583
1.70247,-0.0401634518542021
1.703075,-0.0413137399271968
1.70368,-0.0424341269275781
1.704285,-0.0429296864706192
1.70489,-0.042888500089845
1.705495,-0.0427569661220077
1.7061,-0.042854543977578
1.706705,-0.0432572028265384
1.70731,-0.043913805056726
1.707915,-0.0446767650763038
1.70852,-0.0452428810007218
1.709125,-0.0452711537083648
1.70973,-0.0447470789215814
1.710335,-0.0442031389343006
1.71094,-0.0443423091732746
1.711545,-0.0453213366216065
1.71215,-0.046570624516653
1.712755,-0.0473734876874719
1.71336,-0.0474353143050238
1.713965,-0.0469328664189404
1.71457,-0.0462823604666066
1.715175,-0.0459110298215387
1.71578,-0.0460698387884691
1.716385,-0.0466461343316854
1.71699,-0.0470479733058718
1.717595,-0.0464737411933364
1.7182,-0.0447039519374027
1.718805,-0.0427203410669125
1.71941,-0.0420818480349575
1.720015,-0.043321331321628
1.72062,-0.0452840058538208
1.721225,-0.046363749475186
1.72183,-0.0460391861519812
1.722435,-0.0449882407006561
1.72304,-0.0441532360522052
1.723645,-0.0439981609469424
1.72425,-0.04440095667295
1.724855,-0.0449170921383874
1.72546,-0.0450782769152296
1.726065,-0.044582979054636
1.72667,-0.0434463301587617
1.727275,-0.0421587046410356
1.72788,-0.0415501523250298
1.728485,-0.0421100707092186
1.72909,-0.043404649279874
1.729695,-0.0444322478366048
1.7303,-0.0445090368198986
1.730905,-0.0436762164057342
1.73151,-0.0424867538171199
1.732115,-0.041600042530871
1.73272,-0.0414069003778562
1.733325,-0.0417924631413956
1.73393,-0.0421625034452794
1.734535,-0.0417754041615174
1.73514,-0.0402867194487768
1.735745,-0.0382123843960456
1.73635,-0.0367830699876748
1.736955,-0.0369359516228032
1.73756,-0.0383309969385965
1.738165,-0.0396753411602351
1.73877,-0.0399879474554506
1.739375,-0.0392334525293733
1.73998,-0.0379689481499883
1.740585,-0.036867667610188
1.74119,-0.0364741723342731
1.741795,-0.0369138151202142
1.7424,-0.037634010996975
1.743005,-0.0376595253039995
1.74361,-0.0363804241923969
1.744215,-0.0342047438173535
1.74482,-0.0324336811245218
1.745425,-0.0322540783184493
1.74603,-0.0335882482521257
1.746635,-0.0350788924368982
1.74724,-0.0353695208524225
1.747845,-0.0342178286190279
1.74845,-0.0323608135447595
1.749055,-0.0306655547818511
1.74966,-0.0295878029406888
1.750265,-0.0291622948630227
1.75087,-0.0291019079759601
1.751475,-0.0288521651716756
1.75208,-0.0278539688758387
1.752685,-0.0260396831589217
1.75329,-0.0241211269967264
1.753895,-0.0231285594862402
1.7545,-0.023391711901117
1.755105,-0.0241407805290373
1.75571,-0.0243241663122147
1.756315,-0.023587638311594
1.75692,-0.0223115890206385
1.757525,-0.0210217619873886
1.75813,-0.0200377907545865
1.758735,-0.0195125015135767
1.75934,-0.0194219898068204
1.759945,-0.0194114777710955
1.76055,-0.0189203331996562
1.761155,-0.0176957883700572
1.76176,-0.0161789574542701
1.762365,-0.01522111981157
1.76297,-0.0152398520650006
1.763575,-0.0157188738623621
1.76418,-0.01573190393686
1.764785,-0.0148871054417384
1.76539,-0.0135947580024277
1.765995,-0.0124865457086638
1.7666,-0.0117722274035485
1.767205,-0.0112405607928663
1.76781,-0.0106879070619483
1.768415,-0.0100728470853698
1.76902,-0.00932878839464367
1.769625,-0.00832356828265008
1.77023,-0.00710434921957874
1.770835,-0.00604271126522263
1.77144,-0.00555566609488558
1.772045,-0.00566606352917509
1.77265,-0.0059266138880854
1.773255,-0.00576350320059456
1.77386,-0.0049155333815698
1.774465,-0.00365040422027581
1.77507,-0.00254314414497274
1.775675,-0.00199373875254091
1.77628,-0.00195420724606069
1.776885,-0.00203815963974823
1.77749,-0.00184574533331832
1.778095,-0.00125958186469656
1.7787,-0.000497066119783933
1.779305,9.96844911676586e-05
1.77991,0.000347712634096791
1.780515,0.000348730667716416
1.78112,0.000372448869534507
1.781725,0.000667443399824878
1.78233,0.00134364988326139
1.782935,0.00230709156041448
1.78354,0.00330450237082048
1.784145,0.00408120691606453
1.78475,0.00450230188523872
1.785355,0.00464333654305201
1.78596,0.00485002151862462
1.786565,0.00552237276494652
1.78717,0.00664900001957493
1.787775,0.00766575720221346
1.78838,0.00800631670727193
1.788985,0.00777595916039643
1.78959,0.00767711422449941
1.790195,0.00826708071944031
1.7908,0.00944077381570964
1.791405,0.010627628066884
1.79201,0.0113852270748854
1.792615,0.0117526896674296
1.79322,0.0120336273199581
1.793825,0.0123622564964496
1.79443,0.0126258897009397
1.795035,0.0127365125820571
1.79564,0.0127872467676694
1.796245,0.012913915339194
1.79685,0.0131366386340543
1.797455,0.0133953342643475
1.79806,0.0136493218099159
1.798665,0.0139129962881735
1.79927,0.0142647201237955
1.799875,0.0147928690269885
1.80048,0.0154656323806175
1.801085,0.0160894756060327
1.80169,0.0164363993930918
1.802295,0.0164297869217572
1.8029,0.0162494413645333
1.803505,0.0162345624248063
1.80411,0.0165843679291684
1.804715,0.0171174501393822
1.80532,0.0174116078139677
1.805925,0.0172500668893038
1.80653,0.0168648908548219
1.807135,0.0166876157270636
1.80774,0.0169333762859406
1.808345,0.0174616212099725
1.80895,0.0179659166222231
1.809555,0.0182481400203077
1.81016,0.0183183896936149
1.810765,0.0182703089987849
1.81137,0.0181255395942938
1.811975,0.0178338753768565
1.81258,0.0173926516627384
1.813185,0.0168988317447365
1.81379,0.0164486452278301
1.814395,0.0160465956468807
1.815,0.0156886658961725
1.815605,0.0154908483274493
1.81621,0.0156519506086399
1.816815,0.0162712900681725
1.81742,0.017186017691278
1.818025,0.0179885142232908
1.81863,0.0182880658256676
1.819235,0.0180310023322551
1.81984,0.0175498150798784
1.820445,0.0172547978471002
1.82105,0.0172743578488845
1.821655,0.0173929300959284
1.82226,0.0172904944784844
1.822865,0.0168447256944237
1.82347,0.016251019739804
1.824075,0.0158173492794079
1.82468,0.0156400164959838
1.825285,0.0155825766098397
1.82589,0.0155449145682141
1.826495,0.0155818077130436
1.8271,0.0157106733850794
1.827705,0.015730858068059
1.82831,0.0153689207159341
1.828915,0.0146282288501435
1.82952,0.0139117544743453
1.830125,0.0136629508316853
1.83073,0.0138166645541293
1.831335,0.0137612415112984
1.83194,0.0130444724888688
1.832545,0.0119939268829851
1.83315,0.0113977616562224
1.833755,0.0116479853315409
1.83436,0.0123828146844632
1.834965,0.0129087564772174
1.83557,0.0128390896973531
1.836175,0.0123431039432931
1.83678,0.0118515536717282
1.837385,0.0115607056531337
1.83799,0.0112632133710021
1.838595,0.0106538519289356
1.8392,0.00970831394978642
1.839805,0.0087209433639443
1.84041,0.00802753031301072
1.841015,0.00771103524314277
1.84162,0.0075649864769598
1.842225,0.00737638925183124
1.84283,0.00720136322560567
1.843435,0.00722654350500901
1.84404,0.00737193418565326
1.844645,0.00721790817843964
1.84525,0.00643152241065496
1.845855,0.00519771264211642
1.84646,0.0041082814803188
1.847065,0.00356866087778031
1.84767,0.00335668979727713
1.848275,0.00286555451764299
1.84888,0.00182642535942575
1.849485,0.000675952167609492
1.85009,7.41705480196107e-05
1.850695,0.000159554471494235
1.8513,0.000462936164896758
1.851905,0.00049305430958432
1.85251,0.000212695765627089
1.853115,-0.000102871988978108
1.85372,-0.000341406672452338
1.854325,-0.000709656967993313
1.85493,-0.00137756924703282
1.855535,-0.00215399065375788
1.85614,-0.00272219155824729
1.856745,-0.00312857645403988
1.85735,-0.00376778544012719
1.857955,-0.00482125095510959
1.85856,-0.00592815676226942
1.859165,-0.00652802914105513
1.85977,-0.00644964108416961
1.860375,-0.00612167674618184
1.86098,-0.00619488277271108
1.861585,-0.00691864449137583
1.86219,-0.00792980880208159
1.862795,-0.00871245744200996
1.8634,-0.00919027867298111
1.864005,-0.00976939480589375
1.86461,-0.0108323380778522
1.865215,-0.0122732884152844
1.86582,-0.0135631393404693
1.866425,-0.0142861872264623
1.86703,-0.0145731650098865
1.867635,-0.0148796188530113
1.86824,-0.0153550633045636
1.868845,-0.0156788204364417
1.86945,-0.015603405268708
1.870055,-0.0154122657187292
1.87066,-0.0156628049751611
1.871265,-0.0165630410320994
1.87187,-0.0177037675438655
1.872475,-0.0184296392294382
1.87308,-0.0185071877809307
1.873685,-0.0184054563408002
1.87429,-0.0188096414481958
1.874895,-0.0198584862655368
1.8755,-0.0210264662761435
1.876105,-0.021770560049592
1.87671,-0.0220554315759448
1.877315,-0.0221848565149187
1.87792,-0.0223841712988454
1.878525,-0.0227038936224088
1.87913,-0.0231934142637823
1.879735,-0.0239786374279612
1.88034,-0.0250844068239342
1.880945,-0.0262361660600499
1.88155,-0.0270114207170194
1.882155,-0.0273027697786866
1.88276,-0.0275309246384064
1.883365,-0.0282321102486048
1.88397,-0.0294602122780599
1.884575,-0.0307084081445106
1.88518,-0.0313857402027003
1.885785,-0.0313307401624672
1.88639,-0.0309239806498498
1.886995,-0.0307254344601558
1.8876,-0.0310152174158442
1.888205,-0.0316924054951571
1.88881,-0.0324619340627987
1.889415,-0.0329809234092971
1.89002,-0.0330027388314514
1.890625,-0.0326471096665586
1.89123,-0.032458181223665
1.891835,-0.0329294749143749
1.89244,-0.0339958429430449
1.893045,-0.0351786923105706
1.89365,-0.0360865071462556
1.894255,-0.0365681456180358
1.89486,-0.036609035561714
1.895465,-0.0363867760228389
1.89607,-0.0363299305626045
1.896675,-0.0368399268784148
1.89728,-0.0378523296412653
1.897885,-0.0387738825116916
1.89849,-0.0390031126771333
1.899095,-0.0385801616461894
1.8997,-0.0382653035870433
1.900305,-0.0388329142931805
1.90091,-0.0402498144609519
1.901515,-0.0417020728199637
1.90212,-0.0424495678532599
1.902725,-0.0424551419752186
1.90333,-0.0421943790623617
1.903935,-0.0421187492191067
1.90454,-0.0424013065085613
1.905145,-0.0430314624556436
1.90575,-0.0439014670775789
1.906355,-0.0446850144104482
1.90696,-0.0448316329282065
1.907565,-0.0440592020636309
1.90817,-0.0429614041838976
1.908775,-0.0427375181394827
1.90938,-0.0439668494041793
1.909985,-0.0459151360443358
1.91059,-0.0473521948645356
1.911195,-0.0477576066239066
1.9118,-0.0475123617446223
1.912405,-0.0472656434626008
1.91301,-0.047381192110603
1.913615,-0.0478123133075116
1.91422,-0.0482574101574835
1.914825,-0.0484012034203956
1.91543,-0.0481084506060773
1.916035,-0.0474935261225467
1.91664,-0.046902585917002
1.917245,-0.0467756388806593
1.91785,-0.0472997854369122
1.918455,-0.0481833658389707
1.91906,-0.0489219927860822
1.919665,-0.0491779475153139
1.92027,-0.0488214247178675
1.920875,-0.0479048395933907
1.92148,-0.046815345141782
1.922085,-0.0462221179743031
1.92269,-0.0465071585549683
1.923295,-0.047168926045374
1.9239,-0.047055494085024
1.924505,-0.045482262208317
1.92511,-0.0431506294398837
1.925715,-0.0417150013686269
1.92632,-0.0421841030202131
1.926925,-0.0438690117611852
1.92753,-0.0451669852289306
1.928135,-0.0451687046235625
1.92874,-0.0441957177083779
1.929345,-0.0430730720045096
1.92995,-0.0423418681248167
1.930555,-0.0421141364750374
1.93116,-0.0422591199536182
1.931765,-0.0424546049174764
1.93237,-0.0422052399510076
1.932975,-0.0411548976391102
1.93358,-0.0395514046563212
1.934185,-0.0383019019858748
1.93479,-0.0382674001535306
1.935395,-0.0393436789211975
1.936,-0.0404478751588306
1.936605,-0.0405355543281674
1.93721,-0.0394780352742739
1.937815,-0.0379690683227314
1.93842,-0.0368161470680655
1.939025,-0.0363967620630479
1.93963,-0.0365740182027695
1.940235,-0.0368252573041294
1.94084,-0.0364699675430649
1.941445,-0.0351209804175401
1.94205,-0.0331279538954863
1.942655,-0.0314892314776617
1.94326,-0.0310897004882085
1.943865,-0.0318965511635668
1.94447,-0.0330166590050759
1.945075,-0.0335585545178113
1.94568,-0.033266040403988
1.946285,-0.0324115649148045
1.94689,-0.0314151487704909
1.947495,-0.0306779022199055
1.9481,-0.0305312498201527
1.948705,-0.0309550804797752
1.94931,-0.0312938930292686
1.949915,-0.0306585052078979
1.95052,-0.028882813286485
1.951125,-0.0269241495888976
1.95173,-0.0260585397038953
1.952335,-0.02662800644478
1.95294,-0.0277302832129228
1.953545,-0.0281591294879097
1.95415,-0.0274527237500568
1.954755,-0.0260457313999519
1.95536,-0.0246641131611637
1.955965,-0.023700141320679
1.95657,-0.0231165606687038
1.957175,-0.0227295744179883
1.95778,-0.0223218318834141
1.958385,-0.0215626969102688
1.95899,-0.0201862652640643
1.959595,-0.0184278961116484
1.9602,-0.0170734732127878
1.960805,-0.0167768745259822
1.96141,-0.0173566164512213
1.962015,-0.01792656700682
1.96262,-0.0176571290400654
1.963225,-0.0163973973379616
1.96383,-0.0147097156334577
1.964435,-0.0133402341690442
1.96504,-0.0126413606785643
1.965645,-0.0124509562545733
1.96625,-0.0123182617168473
1.966855,-0.0117885158558355
1.96746,-0.010705747073332
1.968065,-0.00939376473755219
1.96867,-0.00843520806193151
1.969275,-0.00814052221226203
1.96988,-0.00826872225399137
1.970485,-0.00830420518386813
1.97109,-0.00789084912545304
1.971695,-0.00699865740458028
1.9723,-0.00585657372077527
1.972905,-0.00477213598359666
1.97351,-0.00394795901160931
1.974115,-0.0034290999475426
1.97472,-0.00309836838473323
1.975325,-0.0026615716509619
1.97593,-0.00183271469605435
1.976535,-0.000692821490526788
1.97714,0.000263178680263078
1.977745,0.000629838124244116
1.97835,0.00057356936367837
1.978955,0.000617300799932524
1.97956,0.00103466659778807
1.980165,0.00167984522692421
1.98077,0.00231309251795755
1.981375,0.0028486745543346
1.98198,0.00328588028589632
1.982585,0.00356489912656667
1.98319,0.00361279663809705
1.983795,0.0035224674550061
1.9844,0.00355627786957628
1.985005,0.00386541101841903
1.98561,0.0042604761149248
1.986215,0.00442803497464468
1.98682,0.00438922604650573
1.987425,0.0045253163043686
1.98803,0.00508584547608444
1.988635,0.0058939622555205
1.98924,0.00662049198407723
1.989845,0.00718871904317934
1.99045,0.00780276041222546
1.991055,0.00860410490415002
1.99166,0.00941354017236297
1.992265,0.00992489746294867
1.99287,0.0100958426341538
1.993475,0.010192869431907
1.99408,0.0104545376250964
1.994685,0.0108611472412153
1.99529,0.0112725926917714
1.995895,0.0116511354110933
1.9965,0.0120908536737506
1.997105,0.0127205604446616
1.99771,0.0135667556001268
1.998315,0.0144403119748404
1.99892,0.0150426429760324
1.999525,0.0152611500709651
2.00013,0.0152841915478061
2.000735,0.0153863050977844
2.00134,0.0156672308242556
2.001945,0.0160127089010852
2.00255,0.0162217841718478
2.003155,0.0161457550084654
2.00376,0.0158147911338051
2.004365,0.0154840947588147
2.00497,0.0154702917263144
2.005575,0.0159047688970458
2.00618,0.016663680258464
2.006785,0.0174815526886386
2.00739,0.0180984432884768
2.007995,0.0183731078325095
2.0086,0.0183486670335014
2.009205,0.0182355163466173
2.00981,0.01827565405741
2.010415,0.018543112564213
2.01102,0.0188446208830034
2.011625,0.0188643360355444
2.01223,0.018498979336009
2.012835,0.0180471969263119
2.01344,0.0179563318353452
2.014045,0.0183683316228322
2.01465,0.0190032932325551
2.015255,0.019473878182013
2.01586,0.0196208830567086
2.016465,0.019539305919092
2.01707,0.0193690192004627
2.017675,0.0191347834952205
2.01828,0.0187795399268415
2.018885,0.0182931711117639
2.01949,0.0177555398843165
2.020095,0.0172351542429516
2.0207,0.0167049113661978
2.021305,0.016135377693865
2.02191,0.0156376560074126
2.022515,0.0154298093503222
2.02312,0.0156384831352028
2.023725,0.0161272057014572
2.02433,0.0165290135701961
2.024935,0.0165196137730273
2.02554,0.0161145363801125
2.026145,0.0156600828598536
2.02675,0.0154727776462398
2.027355,0.0155161182370881
2.02796,0.0154929901313635
2.028565,0.0152004352383515
2.02917,0.0146906224806948
2.029775,0.0141258231375951
2.03038,0.013608652311457
2.030985,0.0131963892989727
2.03159,0.0130030496181032
2.032195,0.0131598131742699
2.0328,0.0136054083764911
2.033405,0.0139829927918458
2.03401,0.0138732986448966
2.034615,0.0131826748423522
2.03522,0.0122549903288138
2.035825,0.0115458730660318
2.03643,0.0111881051918613
2.037035,0.010891218014164
2.03764,0.0102683653079747
2.038245,0.00927622999099001
2.03885,0.0083104148778744
2.039455,0.00782310828158997
2.04006,0.00789690129198957
2.040665,0.00824080721909257
2.04127,0.00850538608271701
2.041875,0.00851411890501248
2.04248,0.00826258498187316
2.043085,0.00781908617681883
2.04369,0.00726620384858831
2.044295,0.0066964314536089
2.0449,0.00619453614956486
2.045505,0.00575842308168244
2.04611,0.00524673370289769
2.046715,0.00450950891070764
2.04732,0.0036063034924033
2.047925,0.0028110263032223
2.04853,0.00238124350982136
2.049135,0.00235309458625004
2.04974,0.00250425010300611
2.050345,0.00248891888922726
2.05095,0.00208911346012794
2.051555,0.00136964531219946
2.05216,0.000565201698092877
2.052765,-0.000159302389500669
2.05337,-0.000822884554447169
2.053975,-0.00157114586886741
2.05458,-0.00254733814238208
2.055185,-0.00375961204127717
2.05579,-0.00502792403671304
2.056395,-0.00609273209693554
2.057,-0.00676672018871926
2.057605,-0.00697540694100641
2.05821,-0.00679017460021042
2.058815,-0.00650254304373282
2.05942,-0.00651175287936022
2.060025,-0.00700368460095907
2.06063,-0.00777426628114453
2.061235,-0.00841516787929549
2.06184,-0.00868695030710603
2.062445,-0.00875362615520823
2.06305,-0.00905645542209248
2.063655,-0.00987042423823968
2.06426,-0.010968522918697
2.064865,-0.0118472613218739
2.06547,-0.0122715700123961
2.066075,-0.0124196293889401
2.06668,-0.0125383786424941
2.067285,-0.012693641156728
2.06789,-0.0128846920291521
2.068495,-0.0132456429591679
2.0691,-0.0140012691256458
2.069705,-0.0151567858780049
2.07031,-0.0163260346959761
2.070915,-0.0170848804621397
2.07152,-0.0175127626632311
2.072125,-0.0181300731129766
2.07273,-0.0191811965488031
2.073335,-0.0202249504499078
2.07394,-0.0206327200815432
2.074545,-0.0203336024739186
2.07515,-0.0199136041295645
2.075755,-0.0200601789868385
2.07636,-0.0209507525245348
2.076965,-0.0221267166477775
2.07757,-0.0229627390450622
2.078175,-0.0232425921046563
2.07878,-0.0232182203196845
2.079385,-0.0232016303858685
2.07999,-0.0233227666271119
2.080595,-0.0236754187549538
2.0812,-0.0243953868657699
2.081805,-0.0254581010021791
2.08241,-0.026575586184451
2.083015,-0.027395215046919
2.08362,-0.027763084686161
2.084225,-0.0278507492924594
2.08483,-0.0280744539677953
2.085435,-0.0287972042813536
2.08604,-0.0300219532423485
2.086645,-0.0313676026111223
2.08725,-0.0323587418594837
2.087855,-0.032794133728364
2.08846,-0.0329317852750266
2.089065,-0.0333235404346754
2.08967,-0.0343280772960654
2.090275,-0.0357257349695479
2.09088,-0.0369274746090808
2.091485,-0.0375469006997464
2.09209,-0.037632291050849
2.092695,-0.0374605508399966
2.0933,-0.0373235738207994
2.093905,-0.0374496949914993
2.09451,-0.0379367928698562
2.095115,-0.0386675996772617
2.09572,-0.0392745464893755
2.096325,-0.0393003130251002
2.09693,-0.0386432203633205
2.097535,-0.0379110946757779
2.09814,-0.0380101285149902
2.098745,-0.0391542113403365
2.09935,-0.040566234644169
2.099955,-0.0413620036821106
2.10056,-0.0414138852347729
2.101165,-0.0411958018184089
2.10177,-0.0411396980369818
2.102375,-0.0413764990742801
2.10298,-0.0418885551601543
2.103585,-0.0426034731212758
2.10419,-0.0432995544188539
2.104795,-0.0436513950578729
2.1054,-0.0435632812005121
2.106005,-0.0434026478943267
2.10661,-0.043708661688407
2.107215,-0.0446120175522502
2.10782,-0.0457024791200346
2.108425,-0.0464895060606565
2.10903,-0.0467606683742461
2.109635,-0.0465137010046877
2.11024,-0.0458884950747264
2.110845,-0.045263210234831
2.11145,-0.0451555313065855
2.112055,-0.0457897744506508
2.11266,-0.0467332111589247
2.113265,-0.0471051801937255
2.11387,-0.0463493040274773
2.114475,-0.0449199994857799
2.11508,-0.044074835391232
2.115685,-0.0446941270188809
2.11629,-0.0463222011427589
2.116895,-0.047648357901098
2.1175,-0.0478440278861268
2.118105,-0.0471550482220667
2.11871,-0.046355274494266
2.119315,-0.0459915476858187
2.11992,-0.0461575162114579
2.120525,-0.0466498528181477
2.12113,-0.0470885913160802
2.121735,-0.0470222686109326
2.12234,-0.0462307372801853
2.122945,-0.0450657427855203
2.12355,-0.0443729141071645
2.124155,-0.0447967114029947
2.12476,-0.0460701523079013
2.125365,-0.0472030630517213
2.12597,-0.0474193365211621
2.126575,-0.046738916426819
2.12718,-0.0457110514835929
2.127785,-0.0448357907486563
2.12839,-0.0443189618578983
2.128995,-0.0441689334016312
2.1296,-0.0442058193108732
2.130205,-0.0439602084723747
2.13081,-0.042917276466694
2.131415,-0.041132453814282
2.13202,-0.0395006353408791
2.132625,-0.0390772313663106
2.13323,-0.0400015434336648
2.133835,-0.0413094730520352
2.13444,-0.0418698293135827
2.135045,-0.0413024400507947
2.13565,-0.040043294221265
2.136255,-0.0388145093186366
2.13686,-0.0381178659678179
2.137465,-0.0380439334604974
2.13807,-0.0382747458642628
2.138675,-0.0381925896648418
2.13928,-0.0372539798509605
2.139885,-0.0355298787245621
2.14049,-0.033862208418226
2.141095,-0.03324337795505
2.1417,-0.033877769541507
2.142305,-0.0349745503867755
2.14291,-0.0355198061661716
2.143515,-0.0350775330362715
2.14412,-0.0338966541724983
2.144725,-0.0325454024785857
2.14533,-0.0315358470714851
2.145935,-0.0311189554385503
2.14654,-0.03114501634814
2.147145,-0.03099386550475
2.14775,-0.0299248404450367
2.148355,-0.0278429827332355
2.14896,-0.0256717677975375
2.149565,-0.0246532869359721
2.15017,-0.0251608350079424
2.150775,-0.0263807439349086
2.15138,-0.0271462318157044
2.151985,-0.0268179698812892
2.15259,-0.0255082779632353
2.153195,-0.023894178137229
2.1538,-0.0228021524227244
2.154405,-0.0226677360254399
2.15501,-0.0232338751169197
2.155615,-0.0237023576496258
2.15622,-0.0232448015250761
2.156825,-0.0216421148715748
2.15743,-0.019638916684448
2.158035,-0.0185164953364955
2.15864,-0.0189633142213091
2.159245,-0.0203397076024709
2.15985,-0.0212702397115666
2.160455,-0.0208981970687509
2.16106,-0.0194547583217043
2.161665,-0.0178122033096413
2.16227,-0.0166677691802419
2.162875,-0.0161170240180302
2.16348,-0.0158548377392598
2.164085,-0.0155406308631221
2.16469,-0.0148875489340383
2.165295,-0.0137005529713508
2.1659,-0.0121590877104088
2.166505,-0.0109268689637499
2.16711,-0.0105733559005592
2.167715,-0.0108885768784158
2.16832,-0.0110985373862919
2.168925,-0.0106861368373843
2.16953,-0.00972765540010302
2.170135,-0.00858835601646958
2.17074,-0.00756776225058284
2.171345,-0.0067801041865748
2.17195,-0.00621134209117602
2.172555,-0.00580362420580396
2.17316,-0.0054246025566895
2.173765,-0.00481910511401771
2.17437,-0.00381822110204541
2.174975,-0.00268189338746435
2.17558,-0.00196859281025409
2.176185,-0.00188299780322997
2.17679,-0.0019858407173727
2.177395,-0.00166993678354602
2.178,-0.000702974608806575
2.178605,0.000688428078527989
2.17921,0.00202148750131213
2.179815,0.00286207833504324
2.18042,0.00312070603287073
2.181025,0.00310821208017854
2.18163,0.00328506558180816
2.182235,0.00393897662805709
2.18284,0.00501536590684955
2.183445,0.00612820881817197
2.18405,0.00678981464970323
2.184655,0.00682920597943711
2.18526,0.00657213750600915
2.185865,0.00650395791410004
2.18647,0.00686863901497288
2.187075,0.00762556178115064
2.18768,0.00855703584057664
2.188285,0.00933015857997528
2.18889,0.00965185979382121
2.189495,0.00951295522255377
2.1901,0.00923198195393747
2.190705,0.00918219152362607
2.19131,0.00948119503541626
2.191915,0.00991755771380644
2.19252,0.0101351487235561
2.193125,0.00998045197120232
2.19373,0.00970909329773022
2.194335,0.00973189308477527
2.19494,0.0101750355254712
2.195545,0.0108250841733127
2.19615,0.0114626042112613
2.196755,0.0120905446145343
2.19736,0.0127902497574632
2.197965,0.0134838964811916
2.19857,0.0139960289858279
2.199175,0.0143195909461211
2.19978,0.0146668642155285
2.200385,0.0151950669415501
2.20099,0.0157627332196608
2.201595,0.0160797850007886
2.2022,0.0160713733966034
2.202805,0.0159577436530977
2.20341,0.0160192367236291
2.204015,0.0164084691270929
2.20462,0.0171033181006551
2.205225,0.0178863414424253
2.20583,0.0183978126124822
2.206435,0.0183692530399509
2.20704,0.0179020025767796
2.207645,0.0174440828320839
2.20825,0.0173904360860017
2.208855,0.0177036345001259
2.20946,0.0179444485338815
2.210065,0.0177036241226931
2.21067,0.0170531372612681
2.211275,0.0165406813703334
2.21188,0.0166848019982481
2.212485,0.0174945529542317
2.21309,0.0184993232708631
2.213695,0.0192085261572087
2.2143,0.019491716985003
2.214905,0.0195341258011871
2.21551,0.0195487916826509
2.216115,0.0196092688873688
2.21672,0.0196876926115689
2.217325,0.0197417492417921
2.21793,0.0197284897549898
2.218535,0.0195988548345822
2.21914,0.0193614211602125
2.219745,0.019138166594307
2.22035,0.0191023749887243
2.220955,0.0193405893678115
2.22156,0.0197537405117132
2.222165,0.0200944038299307
2.22277,0.0201342162626989
2.223375,0.0198039404327567
2.22398,0.0191993635359451
2.224585,0.0185067378469378
2.22519,0.0178857710474483
2.225795,0.0173297150065712
2.2264,0.0166541336573229
2.227005,0.0157204107892832
2.22761,0.0146574702873073
2.228215,0.0137591636682269
2.22882,0.0131931123907522
2.229425,0.0129216892111001
2.23003,0.0128493325622727
2.230635,0.0129072308109478
2.23124,0.0129914383406003
2.231845,0.0129047350606642
2.23245,0.0124604509101179
2.233055,0.0117132331504012
2.23366,0.0110066445159724
2.234265,0.0106424636735924
2.23487,0.0105127182549331
2.235475,0.0101956049159473
2.23608,0.00944293400313996
2.236685,0.00846613358268043
2.23729,0.00772193591417519
2.237895,0.00751803134573801
2.2385,0.00781729967561819
2.239105,0.00829920011720099
2.23971,0.00859382804901168
2.240315,0.00852160596374011
2.24092,0.00812652637912001
2.241525,0.00753783529209841
2.24213,0.00689222155317867
2.242735,0.00632829764403989
2.24334,0.00589517749694571
2.243945,0.00546803722228533
2.24455,0.00489390025072636
2.245155,0.0042209999608955
2.24576,0.00367195374869234
2.246365,0.00343136799699661
2.24697,0.00354269661472996
2.247575,0.00389837732584106
2.24818,0.00423092013515399
2.248785,0.00422978913274869
2.24939,0.00377508090388117
2.249995,0.00302754769030317
2.2506,0.00226696328443517
2.251205,0.00166016146812661
2.25181,0.00116141412348183
2.252415,0.000602715657173884
2.25302,-9.93067452798408e-05
2.253625,-0.000827296577835363
2.25423,-0.00139218694698511
2.254835,-0.00172782588938285
2.25544,-0.00190569331073674
2.256045,-0.00205332730656765
2.25665,-0.00231484847481032
2.257255,-0.00279595533802286
2.25786,-0.00350060552461123
2.258465,-0.00435389285893168
2.25907,-0.00527148535041604
2.259675,-0.00619786187850712
2.26028,-0.00712133362347405
2.260885,-0.00805259802758908
2.26149,-0.00895108859075382
2.262095,-0.00970232521468092
2.2627,-0.0102263162410386
2.263305,-0.0105861205410582
2.26391,-0.0109312638660333
2.264515,-0.0113409638888895
2.26512,-0.011769374629954
2.265725,-0.0121512366659068
2.26633,-0.0125189808909207
2.266935,-0.0129790185568155
2.26754,-0.0135913338204732
2.268145,-0.0143202019547414
2.26875,-0.0150995485200746
2.269355,-0.0158891913019464
2.26996,-0.0166404129580603
2.270565,-0.0172549697343401
2.27117,-0.0176518036302415
2.271775,-0.0178741131574645
2.27238,-0.0180580315272756
2.272985,-0.0182886650161693
2.27359,-0.0185583648870765
2.274195,-0.01887313819936
2.2748,-0.0193297697070354
2.275405,-0.0200385221791565
2.27601,-0.0209764125536854
2.276615,-0.0219697397087962
2.27722,-0.0228689134837569
2.277825,-0.0237247824727501
2.27843,-0.0247214830631131
2.279035,-0.0258857905896653
2.27964,-0.0269307935325109
2.280245,-0.027496131192553
2.28085,-0.0275121086707776
2.281455,-0.0272508894074062
2.28206,-0.0270757504472217
2.282665,-0.0271986095994034
2.28327,-0.0276167031475046
2.283875,-0.0282054982483183
2.28448,-0.0288470853078639
2.285085,-0.0294667662984148
2.28569,-0.0299958259230174
2.286295,-0.030415294809414
2.2869,-0.0308673764934154
2.287505,-0.0315619248068395
2.28811,-0.0324692312052607
2.288715,-0.0332574636034623
2.28932,-0.0336409605001904
2.289925,-0.0336712463880881
2.29053,-0.0336321567415167
2.291135,-0.0337719073577674
2.29174,-0.0342062062570978
2.292345,-0.0349734449744819
2.29295,-0.0359978975248659
2.293555,-0.036955885472954
2.29416,-0.0373763989192715
2.294765,-0.0371161938959775
2.29537,-0.0367345616955417
2.295975,-0.037118341076502
2.29658,-0.0385644425488626
2.297185,-0.040430977601335
2.29779,-0.0418195978114961
2.298395,-0.042376846501031
2.299,-0.0423588521315912
2.299605,-0.0421974950642742
2.30021,-0.0421783414807381
2.300815,-0.0424143690355174
2.30142,-0.042902650958507
2.302025,-0.0434696308164839
2.30263,-0.0437400957809886
2.303235,-0.0434055367232875
2.30384,-0.0426835201134692
2.304445,-0.0423514453002766
2.30505,-0.0430365061750463
2.305655,-0.0445101737192667
2.30626,-0.0458913689103081
2.306865,-0.0464599149744143
2.30747,-0.0461588631688558
2.308075,-0.0454996862054384
2.30868,-0.0451394352152875
2.309285,-0.0454377848600442
2.30989,-0.046241751039826
2.310495,-0.0470031544310249
2.3111,-0.0471478439946078
2.311705,-0.0465049526721097
2.31231,-0.045537542102206
2.312915,-0.0450935544576485
2.31352,-0.0456786851735222
2.314125,-0.0469283802533364
2.31473,-0.0479799171199813
2.315335,-0.048289553413159
2.31594,-0.0478981398595448
2.316545,-0.0471080540820254
2.31715,-0.0462235195347856
2.317755,-0.0455746644274653
2.31836,-0.0455046439868392
2.318965,-0.0460618328623356
2.31957,-0.0466835335005826
2.320175,-0.0464547771732384
2.32078,-0.0449933170930071
2.321385,-0.0430798688255234
2.32199,-0.0420585140332342
2.322595,-0.0424937571907573
2.3232,-0.0437555949148262
2.323805,-0.0449015980495465
2.32441,-0.0454568795188948
2.325015,-0.0453495064767971
2.32562,-0.0446935829822729
2.326225,-0.0438699451797636
2.32683,-0.0434385525744951
2.327435,-0.0436082485509679
2.32804,-0.0438721484118638
2.328645,-0.0434409943754386
2.32925,-0.0421458808544223
2.329855,-0.0408239204297119
2.33046,-0.040597838610442
2.331065,-0.0416905023924261
2.33167,-0.0431713271977986
2.332275,-0.0439272162565478
2.33288,-0.0436014037761055
2.333485,-0.0425985732088066
2.33409,-0.0415587178751698
2.334695,-0.040949596977876
2.3353,-0.0408938838261712
2.335905,-0.0410874935945257
2.33651,-0.0408785628035523
2.337115,-0.0397008857453931
2.33772,-0.0376623217735064
2.338325,-0.035687969978398
2.33893,-0.0348537088363251
2.339535,-0.0353990031555963
2.34014,-0.036500930128849
2.340745,-0.0370917759632816
2.34135,-0.0367164710271936
2.341955,-0.0356263629204878
2.34256,-0.0343728498908405
2.343165,-0.033435434042396
2.34377,-0.0330629289969918
2.344375,-0.0331991198965522
2.34498,-0.0333939260578158
2.345585,-0.032943706883351
2.34619,-0.031468741275058
2.346795,-0.0294934962165383
2.3474,-0.0282118763794694
2.348005,-0.0283562084731456
2.34861,-0.0293746425067081
2.349215,-0.0299663791507962
2.34982,-0.0293130363847298
2.350425,-0.0276559321354565
2.35103,-0.0258915243111964
2.351635,-0.0247874951742141
2.35224,-0.0245062393846112
2.352845,-0.0246661719777052
2.35345,-0.0246590114660003
2.354055,-0.0239695918759394
2.35466,-0.0224947190451332
2.355265,-0.0207256418335526
2.35587,-0.0194757941997692
2.356475,-0.0191902353008612
2.35708,-0.0195300853009705
2.357685,-0.0197580084980408
2.35829,-0.0194153359620183
2.358895,-0.0185497897532436
2.3595,-0.0175327329190045
2.360105,-0.0168139655092538
2.36071,-0.0167022656726139
2.361315,-0.0171560219306827
2.36192,-0.017669726188864
2.362525,-0.0174964496893378
2.36313,-0.0162492870186558
2.363735,-0.0143571867587067
2.36434,-0.0127942110430344
2.364945,-0.0122439020222458
2.36555,-0.0125462562408008
2.366155,-0.012981552032331
2.36676,-0.0129425829528468
2.367365,-0.0122676101306737
2.36797,-0.0111608011688444
2.368575,-0.00997055318147811
2.36918,-0.00899955158086503
2.369785,-0.00843628089845188
2.37039,-0.00827832509516328
2.370995,-0.00816996584622534
2.3716,-0.00752824568874739
2.372205,-0.00614882622016027
2.37281,-0.00462115413545389
2.373415,-0.00382154197611641
2.37402,-0.00395848469651265
2.374625,-0.00436930670027331
2.37523,-0.00424223251677706
2.375835,-0.00330563786536457
2.37644,-0.00189501456119017
2.377045,-0.000589678705018311
2.37765,0.000208448304186111
2.378255,0.000450818551016587
2.37886,0.000346400878657375
2.379465,0.000245923925077206
2.38007,0.000546068277921457
2.380675,0.00142022641514072
2.38128,0.0025241407119855
2.381885,0.00318743340016439
2.38249,0.00309766984690193
2.383095,0.00266898043919345
2.3837,0.00262905668883632
2.384305,0.00337246005295682
2.38491,0.00470044085279677
2.385515,0.00604639243746458
2.38612,0.00698594307009351
2.386725,0.00754279581826722
2.38733,0.00796325461911115
2.387935,0.00836659192467483
2.38854,0.0087657489492608
2.389145,0.00924893494007062
2.38975,0.00989937115444141
2.390355,0.0106064183641337
2.39096,0.0111646081273582
2.391565,0.0115138845785243
2.39217,0.0117683382494761
2.392775,0.0121378630472386
2.39338,0.0128427842445466
2.393985,0.0138672192477025
2.39459,0.0147906015803731
2.395195,0.0151128527973725
2.3958,0.014806808760302
2.396405,0.0144120299501604
2.39701,0.0145065031677055
2.397615,0.0151162975290394
2.39822,0.015685356699731
2.398825,0.0156484559518563
2.39943,0.0150543733177444
2.400035,0.0145642404479203
2.40064,0.0147534857855595
2.401245,0.015508175684705
2.40185,0.0162206831757581
2.402455,0.0164773357183317
2.40306,0.0164312015254534
2.403665,0.0165369226053169
2.40427,0.0170190862180987
2.404875,0.0176511949269109
2.40548,0.0179952222398524
2.406085,0.0177816444253985
2.40669,0.017119182636009
2.407295,0.0164259878027034
2.4079,0.01612983387088
2.408505,0.0163550189915437
2.40911,0.0168651171960496
2.409715,0.0173410947790246
2.41032,0.0177070558409041
2.410925,0.0180937111444668
2.41153,0.0185156976680522
2.412135,0.0187656785037118
2.41274,0.0186853397544088
2.413345,0.0184121636746364
2.41395,0.0182221270446964
2.414555,0.0181568873595571
2.41516,0.0179664620776638
2.415765,0.017457825090415
2.41637,0.0167820240816756
2.416975,0.0163138662206138
2.41758,0.0162636595027859
2.418185,0.0164638277869839
2.41879,0.016620652012361
2.419395,0.0167271960922642
2.42,0.0170369244915789
2.420605,0.0175776631698943
2.42121,0.017931803665346
2.421815,0.0177337815155487
2.42242,0.0172356612799758
2.423025,0.0170657511049964
2.42363,0.0174418934173475
2.424235,0.0178579438482166
2.42484,0.0176343747589801
2.425445,0.0167143819023598
2.42605,0.0157988716515179
2.426655,0.0156119399716314
2.42726,0.0161221240780522
2.427865,0.0166332396121818
2.42847,0.0165852954561081
2.429075,0.0160808914948426
2.42968,0.0155973293844427
2.430285,0.015340182371478
2.43089,0.0150051390028853
2.431495,0.0141769771960008
2.4321,0.0128885280004943
2.432705,0.0116414413615741
2.43331,0.0108089815732097
2.433915,0.0102114755868605
2.43452,0.00945778958252059
2.435125,0.00854512239527483
2.43573,0.00790548088421766
2.436335,0.00790323458885778
2.43694,0.00840348844512901
2.437545,0.00884236985568061
2.43815,0.00871720833270227
2.438755,0.00803880453250558
2.43936,0.0072864142625633
2.439965,0.00689512385453322
2.44057,0.00684949291071272
2.441175,0.00678783178824874
2.44178,0.0063748978208656
2.442385,0.00554535375735325
2.44299,0.00451219617295179
2.443595,0.00360531669261233
2.4442,0.00309086238390239
2.444805,0.00309231465763212
2.44541,0.00354432327731838
2.446015,0.00414310024194713
2.44662,0.00444796693186002
2.447225,0.00416869933919497
2.44783,0.00338919879900171
2.448435,0.00249918235920894
2.44904,0.00188527844696584
2.449645,0.0016121332544167
2.45025,0.00135252669893806
2.450855,0.000720865038355347
2.45146,-0.000260224324071819
2.452065,-0.00114702618633542
2.45267,-0.00156098266184541
2.453275,-0.00151508593460694
2.45388,-0.00126346938209168
2.454485,-0.00105621247964735
2.45509,-0.00106340778934674
2.455695,-0.00135172009100143
2.4563,-0.00186625742294899
2.456905,-0.00246832803099409
2.45751,-0.00299624110901497
2.458115,-0.00335328072495269
2.45872,-0.00363920451305754
2.459325,-0.00413711004389817
2.45993,-0.00502653644502869
2.460535,-0.00615155401238283
2.46114,-0.0071671222184009
2.461745,-0.0078248113903689
2.46235,-0.0080913612348287
2.462955,-0.00815950915671639
2.46356,-0.00838106281067072
2.464165,-0.00905130122542356
2.46477,-0.0101881032583185
2.465375,-0.0115134346114221
2.46598,-0.0126501259176189
2.466585,-0.01340599613232
2.46719,-0.0139574068390235
2.467795,-0.0147203961370154
2.4684,-0.0159104427417368
2.469005,-0.0172430197553805
2.46961,-0.0182039382881236
2.470215,-0.0185786169350566
2.47082,-0.0185973579112455
2.471425,-0.0186257711710317
2.47203,-0.0188384784138443
2.472635,-0.0192092479051746
2.47324,-0.0197140237367037
2.473845,-0.0203684978918018
2.47445,-0.0210441624000013
2.475055,-0.0214682509144292
2.47566,-0.0215743028198406
2.476265,-0.0217435362001532
2.47687,-0.0224730074308848
2.477475,-0.0237810106804366
2.47808,-0.0251233735284051
2.478685,-0.0259453278762748
2.47929,-0.0261856353154543
2.479895,-0.0262261283608871
2.4805,-0.0264819265821432
2.481105,-0.0271094342936303
2.48171,-0.0280058053212529
2.482315,-0.028916061067869
2.48292,-0.0295534593650358
2.483525,-0.0298245939705782
2.48413,-0.0300435996582141
2.484735,-0.0307862153291392
2.48534,-0.0323008280466954
2.485945,-0.0340489334154485
2.48655,-0.0350889945496104
2.487155,-0.0350065345644096
2.48776,-0.0342682810120314
2.488365,-0.0336805178505911
2.48897,-0.0337426414859497
2.489575,-0.0344719926080385
2.49018,-0.0355385476973963
2.490785,-0.0364424592997509
2.49139,-0.0367222607744894
2.491995,-0.0362166608416997
2.4926,-0.0352557188202661
2.493205,-0.0345910017734192
2.49381,-0.0349454153555723
2.494415,-0.0363906047046337
2.49502,-0.038180110065746
2.495625,-0.0393555986524474
2.49623,-0.0395309398341428
2.496835,-0.0390906619843205
2.49744,-0.0387531053488172
2.498045,-0.0390038015351817
2.49865,-0.039870819547195
2.499255,-0.0410540556542239
2.49986,-0.0420984235031819
2.500465,-0.0425484081543714
2.50107,-0.0422503674678639
2.501675,-0.041652463460046
2.50228,-0.0416190560409931
2.502885,-0.0426657891055333
2.50349,-0.044382920402421
2.504095,-0.0457875424083159
2.5047,-0.0462006834044595
2.505305,-0.0457130736815033
2.50591,-0.0449633445276286
2.506515,-0.0446072039739891
2.50712,-0.0449368542651102
2.507725,-0.0457915880433033
2.50833,-0.0466232911280712
2.508935,-0.046748162477358
2.50954,-0.0458725677732608
2.510145,-0.0445124541562306
2.51075,-0.043723219662612
2.511355,-0.0442061663750075
2.51196,-0.0456905530981489
2.512565,-0.0472656567060234
2.51317,-0.0481718270197131
2.513775,-0.0482009625586995
2.51438,-0.0476235203753184
2.514985,-0.0469703397023022
2.51559,-0.0467847167749849
2.516195,-0.0473202396304316
2.5168,-0.0482360180009891
2.517405,-0.0486210914568345
2.51801,-0.0476991237489253
2.518615,-0.0457766960910771
2.51922,-0.0442774244868884
2.519825,-0.0444473726291613
2.52043,-0.0460577548460031
2.521035,-0.0476986835418677
2.52164,-0.048224670640448
2.522245,-0.0475696890762525
2.52285,-0.0463811761526888
2.523455,-0.045321965078845
2.52406,-0.044717101190567
2.524665,-0.0445784361608276
2.52527,-0.0447030910735257
2.525875,-0.0446196717410285
2.52648,-0.0436760136618413
2.527085,-0.0416633657798212
2.52769,-0.0394512431445035
2.528295,-0.0384902520006506
2.5289,-0.0393345354179023
2.529505,-0.0409845138976761
2.53011,-0.0419113828053992
2.530715,-0.0414353105815022
2.53132,-0.0400788995939343
2.531925,-0.0389179693319091
2.53253,-0.0386455825938027
2.533135,-0.0391196444361902
2.53374,-0.0396977769496074
2.534345,-0.0398106710232915
2.53495,-0.0391933336230588
2.535555,-0.0379519088447806
2.53616,-0.0366909926370201
2.536765,-0.0362524163807893
2.53737,-0.0369249506372427
2.537975,-0.0380907174099261
2.53858,-0.038847004456764
2.539185,-0.038710180084548
2.53979,-0.0377365405489721
2.540395,-0.0363943212746504
2.541,-0.0353330857711302
2.541605,-0.0349545626755027
2.54221,-0.0350981326958067
2.542815,-0.0351385366749922
2.54342,-0.0344047825903242
2.544025,-0.0327168345696846
2.54463,-0.0307300820145426
2.545235,-0.029566113706513
2.54584,-0.0297605783166184
2.546445,-0.030712584597612
2.54705,-0.0314096629003725
2.547655,-0.0313582740673661
2.54826,-0.0306046300049569
2.548865,-0.0293746238768789
2.54947,-0.0280563757389552
2.550075,-0.0272088753050126
2.55068,-0.0271750831556219
2.551285,-0.0276133586473225
2.55189,-0.0276008256237095
2.552495,-0.026446995990273
2.5531,-0.024509902305265
2.553705,-0.0230487088128757
2.55431,-0.0229963085199624
2.554915,-0.0239450100368075
2.55552,-0.0246417856847332
2.556125,-0.0243228747080959
2.55673,-0.0232077979920497
2.557335,-0.0219155144753868
2.55794,-0.0208510537215518
2.558545,-0.0201308993149898
2.55915,-0.0197369466562174
2.559755,-0.0195157258722185
2.56036,-0.0191114095265545
2.560965,-0.0181160997834619
2.56157,-0.0164589218024129
2.562175,-0.014697764428132
2.56278,-0.0137015614783208
2.563385,-0.0137929813218477
2.56399,-0.0143415298924752
2.564595,-0.0143608461690149
2.5652,-0.0133700172597505
2.565805,-0.0116793921217096
2.56641,-0.0100584856173797
2.567015,-0.00915176755985501
2.56762,-0.0090354356785911
2.568225,-0.00919212062678789
2.56883,-0.00892627199053317
2.569435,-0.00791857881131992
2.57004,-0.00646570892346544
2.570645,-0.00524118623291209
2.57125,-0.00478046966774707
2.571855,-0.00502870726995115
2.57246,-0.00535379269511837
2.573065,-0.00509922512160273
2.57367,-0.00411890119452345
2.574275,-0.00276211907124916
2.57488,-0.0014586936476811
2.575485,-0.000441819370492365
2.57609,0.00018433690536276
2.576695,0.00037690100729892
2.5773,0.000314075135915218
2.577905,0.000430237011256722
2.57851,0.00105937132113148
2.579115,0.00205264166470942
2.57972,0.00286642150748066
2.580325,0.00308748441898137
2.58093,0.00284851693245288
2.581535,0.00270646350573849
2.58214,0.0031445222951464
2.582745,0.00417599543854147
2.58335,0.00537075410150284
2.583955,0.00624310788217154
2.58456,0.00660337988468457
2.585165,0.00660514603190359
2.58577,0.00660069120029961
2.586375,0.00691196968045142
2.58698,0.00755979197486307
2.587585,0.00820482456644861
2.58819,0.00845954373224225
2.588795,0.00828419833591137
2.5894,0.00805076934032535
2.590005,0.00821408487512128
2.59061,0.0089358570902805
2.591215,0.0100128424491303
2.59182,0.0111202667438609
2.592425,0.0120832406624645
2.59303,0.0128760534564825
2.593635,0.0134326972723588
2.59424,0.0136605646665627
2.594845,0.0136634440735369
2.59545,0.01375153699641
2.596055,0.0141382562283955
2.59666,0.0146994007281301
2.597265,0.0151036867291096
2.59787,0.0151852922252454
2.598475,0.015144231605398
2.59908,0.0153649121590949
2.599685,0.0160435120183782
2.60029,0.0169694689165065
2.600895,0.0176822956865501
2.6015,0.0178805805257336
2.602105,0.017672579437917
2.60271,0.0174204827877755
2.603315,0.0173619105811363
2.60392,0.017400579778457
2.604525,0.0172490410113393
2.60513,0.0167433382756806
2.605735,0.0160509462265338
2.60634,0.0155904294962219
2.606945,0.0156389125875751
2.60755,0.0160023207236421
2.608155,0.0162416939651725
2.60876,0.0162281702847689
2.609365,0.0162641664732087
2.60997,0.016618291903146
2.610575,0.0171288062086943
2.61118,0.0173817021295097
2.611785,0.0172098138199286
2.61239,0.0168963406033032
2.612995,0.0168364808085201
2.6136,0.0170498653845762
2.614205,0.0171662575222297
2.61481,0.0169400959024332
2.615415,0.0165926492776292
2.61602,0.0165295388389694
2.616625,0.0168889412664039
2.61723,0.0174563556049574
2.617835,0.0178867825890108
2.61844,0.0179817703676922
2.619045,0.0178374342769621
2.61965,0.0176980587111055
2.620255,0.017639610252407
2.62086,0.017501980811714
2.621465,0.0171535320101343
2.62207,0.0166541826240763
2.622675,0.0161165215468236
2.62328,0.0155957045631152
2.623885,0.0151504257384291
2.62449,0.014849143181604
2.625095,0.0147222343264431
2.6257,0.0147909398114539
2.626305,0.015048517496926
2.62691,0.0153607377858865
2.627515,0.0155060297643185
2.62812,0.0153647455408608
2.628725,0.015013762793819
2.62933,0.0146427682230739
2.629935,0.0143841912054524
2.63054,0.0141401374247398
2.631145,0.0136090941293368
2.63175,0.012673379040045
2.632355,0.011725617174118
2.63296,0.0113528439905378
2.633565,0.0116867978498445
2.63417,0.012257787279985
2.634775,0.0124812134695448
2.63538,0.0121690155091664
2.635985,0.0115814671007223
2.63659,0.0110572351077331
2.637195,0.0106328426135028
2.6378,0.0100519648074742
2.638405,0.00913735024566717
2.63901,0.00805738799154544
2.639615,0.00715023416173247
2.64022,0.00655389965197125
2.640825,0.00610317838488978
2.64143,0.00557700589481007
2.642035,0.00501633625492262
2.64264,0.00475209668737228
2.643245,0.00500808418150389
2.64385,0.0055031981764481
2.644455,0.00564839942995157
2.64506,0.00518315991385267
2.645665,0.00445429731731147
2.64627,0.00399197770428476
2.646875,0.00390312841379114
2.64748,0.00377624046736093
2.648085,0.00317769313959165
2.64869,0.00215491735667176
2.649295,0.00116086205826998
2.6499,0.000510460091017756
2.650505,8.92975924752362e-05
2.65111,-0.000319145145759572
2.651715,-0.000626549830514939
2.65232,-0.000577874587398886
2.652925,-0.000259945323154421
2.65353,-0.000306914872866016
2.654135,-0.00139713770513732
2.65474,-0.00340964139415019
2.655345,-0.00524992262389841
2.65595,-0.00583702586972345
2.656555,-0.00529044715029854
2.65716,-0.00487287530041798
2.657765,-0.00564121592628521
2.65837,-0.0073365943602842
2.658975,-0.00873262201488405
2.65958,-0.00894687144534098
2.660185,-0.00827059722650026
2.66079,-0.00772955900286228
2.661395,-0.00796634202982367
2.662,-0.00872507936475234
2.662605,-0.00939540078805372
2.66321,-0.00976711601932401
2.663815,-0.0101045211317158
2.66442,-0.0106721703576717
2.665025,-0.0114169710144256
2.66563,-0.0121145329886164
2.666235,-0.0126695370772805
2.66684,-0.0131935630418669
2.667445,-0.0138256010401758
2.66805,-0.0145007933840944
2.668655,-0.0149398245403252
2.66926,-0.0149684070911894
2.669865,-0.0148511255303986
2.67047,-0.0151648190211516
2.671075,-0.0162265632282987
2.67168,-0.0176975011960412
2.672285,-0.0188857098591867
2.67289,-0.0194657575545699
2.673495,-0.0198042304192658
2.6741,-0.0205287548981342
2.674705,-0.021824882890498
2.67531,-0.0232323761239385
2.675915,-0.0241756287010014
2.67652,-0.0246010826046124
2.677125,-0.0249302722046202
2.67773,-0.0254403651412588
2.678335,-0.0259472382133444
2.67894,-0.0261962493688802
2.679545,-0.0263647540226047
2.68015,-0.0269220829971168
2.680755,-0.0279781378931989
2.68136,-0.0289914050554241
2.681965,-0.0293041956975324
2.68257,-0.0289406014405464
2.683175,-0.0286901068783935
2.68378,-0.0292788755256661
2.684385,-0.0305701424145271
2.68499,-0.0317133723945297
2.685595,-0.0320134504790344
2.6862,-0.0315928861886726
2.686805,-0.0312514031173287
2.68741,-0.0316843060171728
2.688015,-0.0328360512417461
2.68862,-0.0340486304322256
2.689225,-0.0347720164494711
2.68983,-0.0350103666351023
2.690435,-0.035154094431974
2.69104,-0.0355986880963813
2.691645,-0.036500495885093
2.69225,-0.0376609364862201
2.692855,-0.0386556673903864
2.69346,-0.0392273467574195
2.694065,-0.0394464817664959
2.69467,-0.0394283837097964
2.695275,-0.039172748474116
2.69588,-0.0388372851503799
2.696485,-0.0388850014043675
2.69709,-0.0396275989095098
2.697695,-0.0406650245535065
2.6983,-0.0410876480534231
2.698905,-0.0404158163987187
2.69951,-0.0392574885535451
2.700115,-0.0388397640678781
2.70072,-0.0397733720048345
2.701325,-0.0414034898576213
2.70193,-0.0425435959969332
2.702535,-0.0426787418630101
2.70314,-0.0422313618088528
2.703745,-0.0418706200640365
2.70435,-0.0418995443502568
2.704955,-0.0422614676019019
2.70556,-0.0428197113157183
2.706165,-0.0434171446812082
2.70677,-0.0437536746704307
2.707375,-0.0435078517973694
2.70798,-0.0427886121094664
2.708585,-0.0423381773443313
2.70919,-0.0429367116302927
2.709795,-0.0445219005473203
2.7104,-0.0461636005709962
2.711005,-0.0469515006347196
2.71161,-0.0467051362759119
2.712215,-0.0459154717681166
2.71282,-0.0452717460277584
2.713425,-0.0452430780958961
2.71403,-0.0458778396441173
2.714635,-0.0467644997413487
2.71524,-0.0471583081542488
2.715845,-0.0464337905247775
2.71645,-0.0447561392805209
2.717055,-0.0432896987669669
2.71766,-0.0433252295664895
2.718265,-0.0449619837071862
2.71887,-0.0469254581422987
2.719475,-0.0478400983218596
2.72008,-0.0474236945328424
2.720685,-0.0464273750274944
2.72129,-0.0457650916697807
2.721895,-0.045829199605387
2.7225,-0.046420483818951
2.723105,-0.0470378810744058
2.72371,-0.0471512896898929
2.724315,-0.0464472257400357
2.72492,-0.0451260116802541
2.725525,-0.0439739218355918
2.72613,-0.0438336481986531
2.726735,-0.044771076965813
2.72734,-0.0459345640027512
2.727945,-0.0463884275856844
2.72855,-0.0458825011790746
2.729155,-0.044787760236525
2.72976,-0.0436184485872712
2.730365,-0.0427393307692446
2.73097,-0.0423299574201576
2.731575,-0.0423746182026703
2.73218,-0.0425349927422717
2.732785,-0.0421528310555188
2.73339,-0.0407312886221079
2.733995,-0.0386235579115046
2.7346,-0.0369971146834342
2.735205,-0.0367403147939095
2.73581,-0.0375637659146046
2.736415,-0.0384886016712378
2.73702,-0.0388677166537937
2.737625,-0.0385820417592848
2.73823,-0.0377048431625372
2.738835,-0.0364780347448149
2.73944,-0.0354118191694782
2.740045,-0.0349569910205775
2.74065,-0.0349771173199916
2.741255,-0.0347551464155296
2.74186,-0.0336899643923306
2.742465,-0.0320028368286133
2.74307,-0.0306789096484443
2.743675,-0.0305527159798382
2.74428,-0.0314524576045393
2.744885,-0.0323977111562325
2.74549,-0.0325225174948226
2.746095,-0.0316582371251265
2.7467,-0.0302635881067965
2.747305,-0.0290266275927454
2.74791,-0.0284409320313867
2.748515,-0.0285382642151402
2.74912,-0.0288248056830676
2.749725,-0.028494899331269
2.75033,-0.0270209276115536
2.750935,-0.0247973822763632
2.75154,-0.0230750818648335
2.752145,-0.0228713526413666
2.75275,-0.0238802168177133
2.753355,-0.0247805523029737
2.75396,-0.0246125473994618
2.754565,-0.0235419415539693
2.75517,-0.0223717451465971
2.755775,-0.0216566145203203
2.75638,-0.021372376240951
2.756985,-0.0212519861580878
2.75759,-0.0211358376272596
2.758195,-0.020878296657461
2.7588,-0.0201933461081488
2.759405,-0.0189359207381784
2.76001,-0.0175295364462341
2.760615,-0.0167772054089721
2.76122,-0.0170291688376888
2.761825,-0.0177314815365514
2.76243,-0.017957670453287
2.763035,-0.0172286356167166
2.76364,-0.0157872948379883
2.764245,-0.0142775184669093
2.76485,-0.0132264444817366
2.765455,-0.012723151257087
2.76606,-0.0124282126846498
2.766665,-0.0118253257525096
2.76727,-0.010591640082504
2.767875,-0.00887921091790803
2.76848,-0.00726391591873838
2.769085,-0.00631565508008814
2.76969,-0.00610724507302787
2.770295,-0.00618778518759815
2.7709,-0.00603159027835456
2.771505,-0.00536682484431039
2.77211,-0.00419698562756224
2.772715,-0.00281043696466114
2.77332,-0.00171820535973267
2.773925,-0.00132296614956714
2.77453,-0.00154191238409089
2.775135,-0.00177020492797649
2.77574,-0.00132147081429962
2.776345,-5.392016604128e-05
2.77695,0.00140561616948565
2.777555,0.00218945112236972
2.77816,0.00204695866500821
2.778765,0.00156700924381527
2.77937,0.00148788379925696
2.779975,0.00201185840229456
2.78058,0.0028601869474178
2.781185,0.00371462216478549
2.78179,0.00446290459065904
2.782395,0.00512858962249071
2.783,0.00569216799966853
2.783605,0.00609398590672059
2.78421,0.00642895289341904
2.784815,0.00696699880553358
2.78542,0.00781509554498059
2.786025,0.00865167422552183
2.78663,0.00902879515678544
2.787235,0.00890476450421265
2.78784,0.00866273305937008
2.788445,0.00868672745415286
2.78905,0.00911539194939231
2.789655,0.00986732989393141
2.79026,0.0107006632400879
2.790865,0.0113215516649894
2.79147,0.0115776629740499
2.792075,0.011570026661741
2.79268,0.0115518970850333
2.793285,0.0117106149852591
2.79389,0.0120331089848024
2.794495,0.0123461901407982
2.7951,0.0124869637083494
2.795705,0.0124501214077494
2.79631,0.012363865571026
2.796915,0.0123940033726568
2.79752,0.0127198110459713
2.798125,0.0134477693851749
2.79873,0.0144376093667524
2.799335,0.0153335049311174
2.79994,0.0158577788965877
2.800545,0.0160352295074473
2.80115,0.0161192937256666
2.801755,0.0163296406284125
2.80236,0.0166566638475916
2.802965,0.0168943515470421
2.80357,0.0168797804418458
2.804175,0.0167170141198527
2.80478,0.0166983941397125
2.805385,0.016981132557165
2.80599,0.017441114630987
2.806595,0.0178629864849365
2.8072,0.0181574483660383
2.807805,0.0183460487665764
2.80841,0.0184259740652404
2.809015,0.0183610815002808
2.80962,0.018189083320875
2.810225,0.0180072153234635
2.81083,0.0178049424243541
2.811435,0.0174083676961578
2.81204,0.0167008946682228
2.812645,0.0159017608674606
2.81325,0.0154862744111731
2.813855,0.0157151771154843
2.81446,0.0163248545844875
2.815065,0.0167947585700828
2.81567,0.0168828881128761
2.816275,0.0168275740998634
2.81688,0.0170335743460996
2.817485,0.0175947213752427
2.81809,0.0181148336859426
2.818695,0.0180072333425206
2.8193,0.0170681078396733
2.819905,0.0157890879962829
2.82051,0.0149919460643384
2.821115,0.0151037641122355
2.82172,0.0158509718903262
2.822325,0.0166391914415724
2.82293,0.0171193598482273
2.823535,0.017349591047699
2.82414,0.0175022507102775
2.824745,0.017560218513478
2.82535,0.0173711432348126
2.825955,0.0169205002850353
2.82656,0.0163966135097101
2.827165,0.0159398754650292
2.82777,0.0154492346258786
2.828375,0.0147335047195296
2.82898,0.0137820404135602
2.829585,0.0127987425425396
2.83019,0.0120024324655209
2.830795,0.0114619276615806
2.8314,0.0111522779808392
2.832005,0.0111095598491643
2.83261,0.0113837600030602
2.833215,0.0118058599837494
2.83382,0.0119597417332735
2.834425,0.0115254466053883
2.83503,0.0106495507356684
2.835635,0.00988308379543409
2.83624,0.00966317745925067
2.836845,0.00985600858806938
2.83745,0.00986302828534377
2.838055,0.00921727242603703
2.83866,0.0080898424196212
2.839265,0.00716118542634708
2.83987,0.00695455120664093
2.840475,0.00734533405064237
2.84108,0.00774535063493626
2.841685,0.0076989494058175
2.84229,0.00723046309149115
2.842895,0.00663404787646633
2.8435,0.00607770547656849
2.844105,0.00551977463433783
2.84471,0.00489849138162397
2.845315,0.00423581017345705
2.84592,0.0035371565606954
2.846525,0.00270249522600076
2.84713,0.00166920634095559
2.847735,0.000638246461515121
2.84834,5.93725072333029e-06
2.848945,-2.28973748857461e-05
2.84955,0.000307667581426625
2.850155,0.000519035031232401
2.85076,0.000341029744095943
2.851365,-0.000127013529367577
2.85197,-0.000632430903865563
2.852575,-0.00104286178224833
2.85318,-0.00143601707321879
2.853785,-0.00197641555366054
2.85439,-0.00271227049520493
2.854995,-0.0035341935902076
2.8556,-0.00434138708938459
2.856205,-0.00515418072312381
2.85681,-0.00598684813904886
2.857415,-0.00665893879031205
2.85802,-0.00686893728004678
2.858625,-0.00654751537409312
2.85923,-0.00610005701875095
2.859835,-0.00617832053403885
2.86044,-0.00711152814368405
2.861045,-0.00856852626131202
2.86165,-0.00986619765251578
2.862255,-0.010628307520761
2.86286,-0.0110898442002198
2.863465,-0.0117649143225169
2.86407,-0.0128648400380195
2.864675,-0.0140653914061882
2.86528,-0.0148492520544664
2.865885,-0.0150222275713096
2.86649,-0.0148405257849547
2.867095,-0.0147003693554866
2.8677,-0.014793714728191
2.868305,-0.0150578867033383
2.86891,-0.0153910365030206
2.869515,-0.015826332921688
2.87012,-0.0164417204227143
2.870725,-0.0171634572018625
2.87133,-0.0177904806952297
2.871935,-0.0182512280073222
2.87254,-0.0187237875748047
2.873145,-0.0194103126034963
2.87375,-0.0202596667884983
2.874355,-0.0209897192967327
2.87496,-0.0213636654998869
2.875565,-0.0214373705108327
2.87617,-0.0215475397778959
2.876775,-0.022035095571782
2.87738,-0.0229655973915038
2.877985,-0.024095279829072
2.87859,-0.0250736124497138
2.879195,-0.0257195827084308
2.8798,-0.0261768465366022
2.880405,-0.0267994852029091
2.88101,-0.0278233502230076
2.881615,-0.0291113884458089
2.88222,-0.0302524644011202
2.882825,-0.0309322379280722
2.88343,-0.0311691988229711
2.884035,-0.0312030012590102
2.88464,-0.0312486801956902
2.885245,-0.03142295287369
2.88585,-0.0318649266574798
2.886455,-0.0327361615163079
2.88706,-0.0339272298730268
2.887665,-0.0349002764623643
2.88827,-0.0351364876876636
2.888875,-0.034804109338618
2.88948,-0.034735898686584
2.890085,-0.0355616398601885
2.89069,-0.0370051180208439
2.891295,-0.0382064968256953
2.8919,-0.0386051096760921
2.892505,-0.0383742623685148
2.89311,-0.0381309358112007
2.893715,-0.0383591532207641
2.89432,-0.0390734786522211
2.894925,-0.0399181633176885
2.89553,-0.0404908057743302
2.896135,-0.0406104574924491
2.89674,-0.0404336950623607
2.897345,-0.0403913645587182
2.89795,-0.0409077017210244
2.898555,-0.0420140723055372
2.89916,-0.0432351946945344
2.899765,-0.0439715686734978
2.90037,-0.0439840708575704
2.900975,-0.0434874849421465
2.90158,-0.0429296421541614
2.902185,-0.0427543702020232
2.90279,-0.0432122700308953
2.903395,-0.0441979717356805
2.904,-0.0451810933192378
2.904605,-0.0453968056079704
2.90521,-0.0444027872306088
2.905815,-0.0426801761759533
2.90642,-0.0415345007686944
2.907025,-0.0420068073375273
2.90763,-0.0437968165848297
2.908235,-0.0455463882564886
2.90884,-0.0462042822684916
2.909445,-0.0458428001061036
2.91005,-0.045230163328651
2.910655,-0.0449725931786546
2.91126,-0.0451575326082373
2.911865,-0.045614837190457
2.91247,-0.0462163004987228
2.913075,-0.0467491119709125
2.91368,-0.0467379398872386
2.914285,-0.0458566135843719
2.91489,-0.0446067494566944
2.915495,-0.0441354747100931
2.9161,-0.0450327891265521
2.916705,-0.0465819307278369
2.91731,-0.0474939253794064
2.917915,-0.0471615326420295
2.91852,-0.0460285001515531
2.919125,-0.0449866529484609
2.91973,-0.0446236744764323
2.920335,-0.0449334663958805
2.92094,-0.0454556714060025
2.921545,-0.0455589467904888
2.92215,-0.0448020481961172
2.922755,-0.0433090481377122
2.92336,-0.0418331112994432
2.923965,-0.0412501476737543
2.92457,-0.0418140048963325
2.925175,-0.0429722503220268
2.92578,-0.0439299244636745
2.926385,-0.0442097012501986
2.92699,-0.0437583720305944
2.927595,-0.0428776768985312
2.9282,-0.0421142556011747
2.928805,-0.0419783113156061
2.92941,-0.0425463559137896
2.930015,-0.0432420631231507
2.93062,-0.0431550781070671
2.931225,-0.0418753419993937
2.93183,-0.0401078914389577
2.932435,-0.0392036229948314
2.93304,-0.0398224126803564
2.933645,-0.0412350539065639
2.93425,-0.0421669282654953
2.934855,-0.0420371831764052
2.93546,-0.0411372930108644
2.936065,-0.0399944302755947
2.93667,-0.0389649594821258
2.937275,-0.0383013916441948
2.93788,-0.0381958658234644
2.938485,-0.0385042968223641
2.93909,-0.0385394925791759
2.939695,-0.0375015480222806
2.9403,-0.0353907302737342
2.940905,-0.033361751803243
2.94151,-0.0327386903555789
2.942115,-0.033592276714128
2.94272,-0.0346464113511109
2.943325,-0.0346274819920007
2.94393,-0.0334028843573344
2.944535,-0.0318220023955884
2.94514,-0.0307360078074068
2.945745,-0.0303179072964329
2.94635,-0.0302294785325838
2.946955,-0.0301113565471651
2.94756,-0.0297048617552964
2.948165,-0.0287827849247183
2.94877,-0.0273773435446054
2.949375,-0.0260324365620766
2.94998,-0.0254286574693326
2.950585,-0.0256678674473254
2.95119,-0.0262030080960464
2.951795,-0.0264096203122683
2.9524,-0.0259455363478744
2.953005,-0.024780884650202
2.95361,-0.0232471000705171
2.954215,-0.0219461122572696
2.95482,-0.0213544022893293
2.955425,-0.0214079365571922
2.95603,-0.0214378022990749
2.956635,-0.0206427891034349
2.95724,-0.0188756435207571
2.957845,-0.0169838051900504
2.95845,-0.016092360911604
2.959055,-0.0164554585731448
2.95966,-0.0172828943982048
2.960265,-0.0176677271823628
2.96087,-0.0172925248035939
2.961475,-0.0163198863895272
2.96208,-0.0150762075584796
2.962685,-0.0139279104389508
2.96329,-0.0132133910449632
2.963895,-0.0130673754893954
2.9645,-0.0131854304595068
2.965105,-0.0128868115961088
2.96571,-0.0117230910341571
2.966315,-0.0101101608629742
2.96692,-0.00906275893195405
2.967525,-0.00908884610504541
2.96813,-0.00960122761827685
2.968735,-0.00963000965322859
2.96934,-0.00882209198182506
2.969945,-0.00755556295504781
2.97055,-0.00635825772368804
2.971155,-0.00543195689497399
2.97176,-0.00467223183916542
2.972365,-0.00398482011119525
2.97297,-0.00340071627444516
2.973575,-0.00285157844682012
2.97418,-0.00205838100087298
2.974785,-0.000880466383758608
2.97539,0.000310090715913298
2.975995,0.000927131859713024
2.9766,0.000878384894656481
2.977205,0.000709283094716091
2.97781,0.00104797726503754
2.978415,0.00207346222266087
2.97902,0.00340304848565721
2.979625,0.00437406470916068
2.98023,0.00458481155578583
2.980835,0.00427332707034038
2.98144,0.00410377420613274
2.982045,0.00455314740135182
2.98265,0.00554826816741826
2.983255,0.0065975132272958
2.98386,0.00711594439400246
2.984465,0.00679713986024509
2.98507,0.00595414102056309
2.985675,0.00538660088786539
2.98628,0.00571534992831565
2.986885,0.00690727377278601
2.98749,0.00842455934264303
2.988095,0.00965987363178059
2.9887,0.0102661953014664
2.989305,0.0103044074251766
2.98991,0.0101880832346273
2.990515,0.0103901526034826
2.99112,0.0110808699055079
2.991725,0.0119966959704162
2.99233,0.0126480618003349
2.992935,0.0127526503223311
2.99354,0.0125586644522687
2.994145,0.0126257294803022
2.99475,0.0132208999689904
2.995355,0.01408504749508
2.99596,0.0148096215562187
2.996565,0.015256592094213
2.99717,0.0155593126745399
2.997775,0.0158453144597607
2.99838,0.0160688553004538
2.998985,0.0160987632046477
2.99959,0.0158970134156607
3.000195,0.0155810910316264
3.0008,0.0153104894926215
3.001405,0.0151497152801528
3.00201,0.0151067779578226
3.002615,0.0152461913054183
3.00322,0.015636545771858
3.003825,0.0162145030818166
3.00443,0.0168078592755757
3.005035,0.017287181123189
3.00564,0.0176199489371918
3.006245,0.0177880077081723
3.00685,0.0177682856360296
3.007455,0.01762990072995
3.00806,0.0175345900079921
3.008665,0.0175708075184642
3.00927,0.0176388375151916
3.009875,0.0175632804161468
3.01048,0.0173346798106108
3.011085,0.0171800323182994
3.01169,0.0173270054394006
3.012295,0.0177498611905586
3.0129,0.018226700730449
3.013505,0.0185933527765774
3.01411,0.0188395984086911
3.014715,0.0189821210645288
3.01532,0.0189663164333691
3.015925,0.0187295583724193
3.01653,0.0182903803360833
3.017135,0.0177368218571316
3.01774,0.0171358982786576
3.018345,0.0164859102008961
3.01895,0.0158182971773181
3.019555,0.0153074150573887
3.02016,0.0151460367374259
3.020765,0.0153227953852044
3.02137,0.0156344057117476
3.021975,0.0158948671055399
3.02258,0.0160503022124962
3.023185,0.0161180195256475
3.02379,0.0161065912816341
3.024395,0.016033564208375
3.025,0.0159669091244162
3.025605,0.0159573304335957
3.02621,0.01589926120644
3.026815,0.0155511014846245
3.02742,0.0148162272057874
3.028025,0.0139636625957471
3.02863,0.0134301462617855
3.029235,0.0134130268373507
3.02984,0.0137376735338032
3.030445,0.0140667727731645
3.03105,0.0141644288696275
3.031655,0.0139971608544662
3.03226,0.013640513619496
3.032865,0.01314425680269
3.03347,0.0125421629229601
3.034075,0.011921519061811
3.03468,0.0113414060308057
3.035285,0.0107143711642237
3.03589,0.00991934579443909
3.036495,0.00903137454882326
3.0371,0.00832922516153978
3.037705,0.00806036061368537
3.03831,0.00822224988399783
3.038915,0.00854599047558496
3.03952,0.00870299629850309
3.040125,0.00855458014780316
3.04073,0.00817977306052706
3.041335,0.00772148477223677
3.04194,0.00730262071368177
3.042545,0.00699078920231321
3.04315,0.00670582477907722
3.043755,0.00626342596267592
3.04436,0.00563055360747284
3.044965,0.00502233813021105
3.04557,0.00463417404353526
3.046175,0.00439775027063929
3.04678,0.00412518770549595
3.047385,0.00379187945959513
3.04799,0.00352635260820657
3.048595,0.0033476588473655
3.0492,0.00305374101591795
3.049805,0.00244313312662793
3.05041,0.00157226932148359
3.051015,0.000679793268072627
3.05162,-0.000116212884177576
3.052225,-0.000933553414917395
3.05283,-0.00193573587661385
3.053435,-0.00309982725342911
3.05404,-0.00419169772347762
3.054645,-0.00495193513942394
3.05525,-0.005304581998827
3.055855,-0.0053972810387154
3.05646,-0.00546470600258653
3.057065,-0.00568053102633837
3.05767,-0.00612319598851849
3.058275,-0.00680056744756734
3.05888,-0.00762578364619851
3.059485,-0.00839172975969276
3.06009,-0.00889098046668344
3.060695,-0.0091514151326361
3.0613,-0.00950973589467274
3.061905,-0.0103271296541723
3.06251,-0.0115898609135333
3.063115,-0.0128622656128267
3.06372,-0.0136569451159467
3.064325,-0.0138108887861274
3.06493,-0.0135515048959195
3.065535,-0.0133080221865963
3.06614,-0.0134914776276727
3.066745,-0.0143634732706213
3.06735,-0.0158921927585049
3.067955,-0.0175901388149604
3.06856,-0.0187022371876361
3.069165,-0.0188773317380704
3.06977,-0.0186268678362186
3.070375,-0.0188493040139654
3.07098,-0.0198696711154411
3.071585,-0.0211625555328163
3.07219,-0.0220195866507933
3.072795,-0.0222465515982759
3.0734,-0.0221823808729886
3.074005,-0.0222583134481371
3.07461,-0.0226396204558
3.075215,-0.0232151173839233
3.07582,-0.0238123748701725
3.076425,-0.0243385491202784
3.07703,-0.024743270537797
3.077635,-0.0249902442015787
3.07824,-0.025169053796306
3.078845,-0.025533272348999
3.07945,-0.0262530097521564
3.080055,-0.0271778365152016
3.08066,-0.027974510500675
3.081265,-0.0284192669377205
3.08187,-0.0285076808225406
3.082475,-0.0284461706780446
3.08308,-0.0285781590867596
3.083685,-0.0291423307008486
3.08429,-0.0300354174337972
3.084895,-0.0309018992784498
3.0855,-0.03146353186891
3.086105,-0.0317047850838518
3.08671,-0.0318346635239839
3.087315,-0.0321770690843982
3.08792,-0.0329570526720534
3.088525,-0.0340610834870294
3.08913,-0.0351007520365129
3.089735,-0.0357380938529226
3.09034,-0.0358884713729126
3.090945,-0.035723110322456
3.09155,-0.0355921596154392
3.092155,-0.0358461523714547
3.09276,-0.0365914867664053
3.093365,-0.0375744939185317
3.09397,-0.0383195931656265
3.094575,-0.0384762479940147
3.09518,-0.0381858413423669
3.095785,-0.0380967514617246
3.09639,-0.0387695774429896
3.096995,-0.0400048633596424
3.0976,-0.0410256282114753
3.098205,-0.0413626683422308
3.09881,-0.0412837223019643
3.099415,-0.0413424704685339
3.10002,-0.0417755991061524
3.100625,-0.0424218717469527
3.10123,-0.0430476125827775
3.101835,-0.0435473854186683
3.10244,-0.0438312809595208
3.103045,-0.0437539107448475
3.10365,-0.0433635489334373
3.104255,-0.0431321803751295
3.10486,-0.0436281979000188
3.105465,-0.0448511145499048
3.10607,-0.0461069309474394
3.106675,-0.0466349558376858
3.10728,-0.0462428020421668
3.107885,-0.0454014305936977
3.10849,-0.0448599838941111
3.109095,-0.0450677933354786
3.1097,-0.0458331814979376
3.110305,-0.0465032859552094
3.11091,-0.0464539016945191
3.111515,-0.0455096268169593
3.11212,-0.0441202880628397
3.112725,-0.0431836726165305
3.11333,-0.0434256703285251
3.113935,-0.0447282940205071
3.11454,-0.0462040599905027
3.115145,-0.0470323597124417
3.11575,-0.0470428528747545
3.116355,-0.0465378716191859
3.11696,-0.045907252571101
3.117565,-0.0455042647368753
3.11817,-0.0456253799012939
3.118775,-0.0463082214198552
3.11938,-0.047065684709574
3.119985,-0.0470643752258938
3.12059,-0.0459025798519628
3.121195,-0.0442759210744296
3.1218,-0.0435843387819846
3.122405,-0.0445683928200111
3.12301,-0.0464495938258384
3.123615,-0.0476944846876132
3.12422,-0.0474869314475026
3.124825,-0.0462592373279393
3.12543,-0.0450287527289262
3.126035,-0.0444819889754395
3.12664,-0.044612602530586
3.127245,-0.0449677837983343
3.12785,-0.0450164450728602
3.128455,-0.0443178235052411
3.12906,-0.0426940173779482
3.129665,-0.0405916386204881
3.13027,-0.0391293808466188
3.130875,-0.0392488759157569
3.13148,-0.0406891981915436
3.132085,-0.0421519006915388
3.13269,-0.0425012993696594
3.133295,-0.0416026567217113
3.1339,-0.0401880077146904
3.134505,-0.0391723903259333
3.13511,-0.038995792994356
3.135715,-0.039389345237788
3.13632,-0.0396398435769739
3.136925,-0.0390994144679933
3.13753,-0.0376310658131371
3.138135,-0.0357830137502079
3.13874,-0.0345130630148308
3.139345,-0.0344429325492021
3.13995,-0.0352699016707973
3.140555,-0.0361126818068659
3.14116,-0.0363503521784318
3.141765,-0.0358768007330566
3.14237,-0.0348245852752094
3.142975,-0.0334710262284815
3.14358,-0.0322972767620475
3.144185,-0.0317542163065586
3.14479,-0.0317951688350905
3.145395,-0.0317410496480906
3.146,-0.0308159894829816
3.146605,-0.0289321659313494
3.14721,-0.0269054068791423
3.147815,-0.0257427931398569
3.14842,-0.0256963150989122
3.149025,-0.0262044063241335
3.14963,-0.0266410876973866
3.150235,-0.0267144065964743
3.15084,-0.0262556636976847
3.151445,-0.0251694002980721
3.15205,-0.0237171245324082
3.152655,-0.0225305055321904
3.15326,-0.0220834499541036
3.153865,-0.0221470669187825
3.15447,-0.0219316688691049
3.155075,-0.0209068452643764
3.15568,-0.0194615622752555
3.156285,-0.0185712365657817
3.15689,-0.0187111062652141
3.157495,-0.0193177646211849
3.1581,-0.0194621640077486
3.158705,-0.0187787245749906
3.15931,-0.0175902748571729
3.159915,-0.0163934506596211
3.16052,-0.0154375179744033
3.161125,-0.0147421132565143
3.16173,-0.0142965202919019
3.162335,-0.0140264826164148
3.16294,-0.0136293923120418
3.163545,-0.012736035348483
3.16415,-0.0113910409183013
3.164755,-0.010196710832844
3.16536,-0.00972084001682776
3.165965,-0.00983900565422054
3.16657,-0.00988978516397115
3.167175,-0.00936942252622857
3.16778,-0.00829865246772003
3.168385,-0.00706059006721193
3.16899,-0.00605630896743093
3.169595,-0.00547563354701928
3.1702,-0.00526760059318751
3.170805,-0.00520659698670437
3.17141,-0.00497371273002942
3.172015,-0.00432017246024107
3.17262,-0.00332080947791701
3.173225,-0.00244611906388138
3.17383,-0.00216124225211419
3.174435,-0.00239630295281676
3.17504,-0.00259608436167305
3.175645,-0.00226818064342304
3.17625,-0.00132714488725602
3.176855,-3.87860658813078e-05
3.17746,0.00118210359341768
3.178065,0.00199683325783783
3.17867,0.00233479533965902
3.179275,0.00244532083429348
3.17988,0.00274067186392561
3.180485,0.00349432205209034
3.18109,0.00459334889829868
3.181695,0.00556339795082563
3.1823,0.00596327633672513
3.182905,0.00584782796599236
3.18351,0.00573146177354112
3.184115,0.00607021084478549
3.18472,0.00690335111071433
3.185325,0.00792509866786537
3.18593,0.00873695504306455
3.186535,0.00909231560534982
3.18714,0.00905149731001167
3.187745,0.00892571581226073
3.18835,0.00901247562148066
3.188955,0.00936718847701628
3.18956,0.00982286658492984
3.190165,0.0101494194645015
3.19077,0.0101920489256888
3.191375,0.009993173011912
3.19198,0.00980910298017808
3.192585,0.00993523247926482
3.19319,0.0105116318116244
3.193795,0.0114582316249128
3.1944,0.0125137293219349
3.195005,0.0133590849621141
3.19561,0.0137875417482229
3.196215,0.0138362218741793
3.19682,0.013804862765015
3.197425,0.014077828493676
3.19803,0.0147832079699477
3.198635,0.0155843860339731
3.19924,0.0159324618567884
3.199845,0.0156400644665998
3.20045,0.0151183797045844
3.201055,0.0149521673296959
3.20166,0.0153594237008471
3.202265,0.0161286982165756
3.20287,0.0169119140861861
3.203475,0.0174623609269671
3.20408,0.0176789562242813
3.204685,0.0175716949438179
3.20529,0.0172640565574212
3.205895,0.0169849750632169
3.2065,0.0169517775365369
3.207105,0.0171837652598458
3.20771,0.017425142635697
3.208315,0.0173374039259848
3.20892,0.0168499070834563
3.209525,0.0163104993182527
3.21013,0.0162425375080634
3.210735,0.0168798617770028
3.21134,0.0178908718603862
3.211945,0.0186347285082728
3.21255,0.0187517872048658
3.213155,0.0184538729787446
3.21376,0.0182436231845918
3.214365,0.0184346061151174
3.21497,0.0189382929295844
3.215575,0.0193965029889504
3.21618,0.0194553363203865
3.216785,0.0190297634662951
3.21739,0.0184172876608875
3.217995,0.0180752594836011
3.2186,0.0182191505243328
3.219205,0.0186830235926424
3.21981,0.0191311854445809
3.220415,0.0193169407962944
3.22102,0.019172339735586
3.221625,0.0187616725240474
3.22223,0.0182225813732961
3.222835,0.017716467975342
3.22344,0.0173222210469828
3.224045,0.0169305423789784
3.22465,0.0163177697762204
3.225255,0.0154260924564621
3.22586,0.0145499743696915
3.226465,0.0141016430960717
3.22707,0.0141594539476063
3.227675,0.0143752826741792
3.22828,0.0143630175829589
3.228885,0.0140747593069822
3.22949,0.0137485712600002
3.230095,0.0135757729165811
3.2307,0.0135277214604802
3.231305,0.0134584395261268
3.23191,0.0132181442743223
3.232515,0.0126668761759348
3.23312,0.011750934134461
3.233725,0.0106537261866002
3.23433,0.00977119149209633
3.234935,0.00940280582772894
3.23554,0.00947410872035415
3.236145,0.00965538469171101
3.23675,0.00971566487961126
3.237355,0.00964740530108627
3.23796,0.00948181910998511
3.238565,0.00912549531275864
3.23917,0.00845345078407754
3.239775,0.0075363363760602
3.24038,0.00668221456383712
3.240985,0.00616657948406037
3.24159,0.0059129287598784
3.242195,0.00551095678224062
3.2428,0.00463712841899075
3.243405,0.0034511154241399
3.24401,0.00249875919671032
3.244615,0.00221782793481927
3.24522,0.00255898947591479
3.245825,0.00304149001724886
3.24643,0.00315198416775321
3.247035,0.00272590596571113
3.24764,0.00199501659645563
3.248245,0.00133190573022372
3.24885,0.000966320534504457
3.249455,0.000858666014064364
3.25006,0.000743538296454222
3.250665,0.000322766868505779
3.25127,-0.000461194720517584
3.251875,-0.00133671307860101
3.25248,-0.00197881544806508
3.253085,-0.00232468283317316
3.25369,-0.00252713537447033
3.254295,-0.00271087370763375
3.2549,-0.0029235497635071
3.255505,-0.00327336364629707
3.25611,-0.003951597913489
3.256715,-0.0050286395150495
3.25732,-0.00627310967696716
3.257925,-0.00729668732903346
3.25853,-0.00795730070004085
3.259135,-0.00856506329235918
3.25974,-0.00954533265826132
3.260345,-0.0108778080375794
3.26095,-0.0120423382377082
3.261555,-0.0125850493950903
3.26216,-0.0125726597773281
3.262765,-0.0124227522285123
3.26337,-0.0124498419901255
3.263975,-0.0126958738349089
3.26458,-0.0131291218379838
3.265185,-0.0138407160822658
3.26579,-0.0149180699984569
3.266395,-0.0161427623255666
3.267,-0.0169937978103639
3.267605,-0.0171181145611862
3.26821,-0.0167694416386307
3.268815,-0.0166792197487513
3.26942,-0.0175008901383323
3.270025,-0.0193160168871083
3.27063,-0.0214620649571894
3.271235,-0.0228507662739212
3.27184,-0.0227907797637421
3.272445,-0.0216679728224873
3.27305,-0.0206460640124169
3.273655,-0.020589975501162
3.27426,-0.0213973225984476
3.274865,-0.0223815203865912
3.27547,-0.023072736730668
3.276075,-0.0235519957838457
3.27668,-0.0241815159360611
3.277285,-0.0251418829470204
3.27789,-0.0262308107835381
3.278495,-0.0270832653863214
3.2791,-0.0274961183626172
3.279705,-0.0275031606997194
3.28031,-0.0272873058752982
3.280915,-0.0271326850217472
3.28152,-0.0273476416291349
3.282125,-0.0280499760294618
3.28273,-0.0289852012990085
3.283335,-0.0296670298691741
3.28394,-0.0298035728991275
3.284545,-0.0296103244300738
3.28515,-0.0296696559594835
3.285755,-0.0303925356741301
3.28636,-0.0315980658706539
3.286965,-0.0327083954367118
3.28757,-0.0333190917153884
3.288175,-0.0334669587536156
3.28878,-0.033440070802747
3.289385,-0.033519433967465
3.28999,-0.0338994267074429
3.290595,-0.0346643213862969
3.2912,-0.035680887678228
3.291805,-0.0365633394139024
3.29241,-0.036930416542358
3.293015,-0.0368199739205142
3.29362,-0.0367998928569284
3.294225,-0.0374697806674836
3.29483,-0.0387771724105725
3.295435,-0.0400187714775535
3.29604,-0.0405861310213242
3.296645,-0.0405123165668147
3.29725,-0.0402622387033227
3.297855,-0.0402246265056646
3.29846,-0.0405281787188472
3.299065,-0.041186953166887
3.29967,-0.0421389628537353
3.300275,-0.043057918806209
3.30088,-0.0433788414538145
3.301485,-0.0428221036750413
3.30209,-0.0419121246620717
3.302695,-0.0416913309590607
3.3033,-0.0427274307947464
3.303905,-0.0445319043178519
3.30451,-0.0460327869487966
3.305115,-0.0464902404598898
3.30572,-0.0460068433312341
3.306325,-0.0453535637553067
3.30693,-0.0453142535517129
3.307535,-0.0460825577677431
3.30814,-0.047167906055351
3.308745,-0.0477881435213988
3.30935,-0.0474533865096335
3.309955,-0.0464110958556629
3.31056,-0.0455730483078671
3.311165,-0.04577812958932
3.31177,-0.0469747307165686
3.312375,-0.0482722925712958
3.31298,-0.0488467852917361
3.313585,-0.0485925480629889
3.31419,-0.0479524082268493
3.314795,-0.0474345135183069
3.3154,-0.0473007562425233
3.316005,-0.0474936951584856
3.31661,-0.047742725626257
3.317215,-0.047676798817059
3.31782,-0.0469038273898069
3.318425,-0.0453096083265446
3.31903,-0.0435005160228229
3.319635,-0.0426396428941622
3.32024,-0.0433690127278185
3.320845,-0.0450036000710983
3.32145,-0.0461891284987736
3.322055,-0.046206829475968
3.32266,-0.0453507448457809
3.323265,-0.0443375203844482
3.32387,-0.0437116442448783
3.324475,-0.043660170590191
3.32508,-0.0440526018548853
3.325685,-0.0445082261292971
3.32629,-0.0445124488848847
3.326895,-0.0437134318421806
3.3275,-0.0423273430731217
3.328105,-0.0411899552874507
3.32871,-0.0410867585288426
3.329315,-0.0419585760663912
3.32992,-0.0429902612023723
3.330525,-0.0433896302300385
3.33113,-0.0428696012815555
3.331735,-0.0416515949964759
3.33234,-0.0403204421202815
3.332945,-0.0395197759856695
3.33355,-0.0395061603744698
3.334155,-0.0398727056737624
3.33476,-0.0397240210762978
3.335365,-0.0383414896193615
3.33597,-0.0359685010028365
3.336575,-0.0339074318085707
3.33718,-0.0334402773959483
3.337785,-0.0345249918917992
3.33839,-0.03588264300671
3.338995,-0.0363389638172286
3.3396,-0.0356929916233023
3.340205,-0.0344591395696266
3.34081,-0.0332861900997799
3.341415,-0.0326101659841501
3.34202,-0.0324937587539527
3.342625,-0.0326063624333234
3.34323,-0.0323947258475993
3.343835,-0.0314429611061603
3.34444,-0.0298838980051921
3.345045,-0.0285044211955614
3.34565,-0.0281623379221458
3.346255,-0.0288820946500521
3.34686,-0.0297770421704621
3.347465,-0.0300072490013179
3.34807,-0.0294776251976359
3.348675,-0.0285429218492603
3.34928,-0.0274781760769351
3.349885,-0.0264448764300279
3.35049,-0.0257072901976339
3.351095,-0.025510702414222
3.3517,-0.0256255085892333
3.352305,-0.0252604542898036
3.35291,-0.0237817883840722
3.353515,-0.0215935232897944
3.35412,-0.0199816181794011
3.354725,-0.0197836353007185
3.35533,-0.0204638759698396
3.355935,-0.020827124306063
3.35654,-0.0203270121718929
3.357145,-0.0193340277536193
3.35775,-0.0184266060908741
3.358355,-0.0177988373928612
3.35896,-0.0173041141656766
3.359565,-0.0168126954067455
3.36017,-0.0163446392752926
3.360775,-0.0158657128608964
3.36138,-0.0151475885442701
3.361985,-0.0140657993184362
3.36259,-0.0130013669913832
3.363195,-0.012575289198183
3.3638,-0.0128700169102436
3.364405,-0.0132272174614623
3.36501,-0.0128848762906365
3.365615,-0.0116333954556261
3.36622,-0.00993713148707911
3.366825,-0.00855685583275393
3.36743,-0.00794635649850397
3.368035,-0.0078951968071118
3.36864,-0.00776610276263815
3.369245,-0.00708879096625235
3.36985,-0.00589208867187107
3.370455,-0.00456301282485738
3.37106,-0.00356030272183108
3.371665,-0.00314829853896401
3.37227,-0.00318972842708798
3.372875,-0.00327064006054218
3.37348,-0.00307749442374571
3.374085,-0.00253776824031197
3.37469,-0.00170241328294181
3.375295,-0.000713824794425297
3.3759,0.000151190059419223
3.376505,0.000623619173876955
3.37711,0.000733858453984903
3.377715,0.000857073516344124
3.37832,0.00133943190037363
3.378925,0.00209757762807117
3.37953,0.00265832218595469
3.380135,0.00265769369293657
3.38074,0.00231009803859376
3.381345,0.00225614299269038
3.38195,0.00290151110443578
3.382555,0.00405637549844723
3.38316,0.00524927139597575
3.383765,0.00621209188682765
3.38437,0.0069653435438296
3.384975,0.00756476290537119
3.38558,0.00798054884732388
3.386185,0.00825862706070948
3.38679,0.00861527465153346
3.387395,0.00923582308426546
3.388,0.0100188647803856
3.388605,0.0106315352314576
3.38921,0.0108788179250974
3.389815,0.0109466631245179
3.39042,0.0112123583160458
3.391025,0.0118946898285949
3.39163,0.0129145135126345
3.392235,0.0139670400744847
3.39284,0.0146883224810438
3.393445,0.014876680049627
3.39405,0.0146667193032301
3.394655,0.0144617512492926
3.39526,0.0145928771465755
3.395865,0.0150188476900485
3.39647,0.0153714471064054
3.397075,0.0152713256748184
3.39768,0.0146648107607989
3.398285,0.013946741305988
3.39889,0.0137001542596301
3.399495,0.0142191040036516
3.4001,0.0152647226491246
3.400705,0.0162926388248581
3.40131,0.0169192093386593
3.401915,0.0171563521536577
3.40252,0.0172262899489043
3.403125,0.0172705696789232
3.40373,0.017315037829006
3.404335,0.0174012173621353
3.40494,0.0175554652783041
3.405545,0.0176454049081368
3.40615,0.0174869025736863
3.406755,0.0171274850105874
3.40736,0.0168525035208113
3.407965,0.0169076667893703
3.40857,0.0173083088414538
3.409175,0.0178502943338995
3.40978,0.018250366966297
3.410385,0.0183544397822772
3.41099,0.0182387138473695
3.411595,0.0180815130243658
3.4122,0.0179700129288151
3.412805,0.0178524549969693
3.41341,0.0176193838434248
3.414015,0.0172038195773406
3.41462,0.016667198746886
3.415225,0.0162118443420967
3.41583,0.0160440071546668
3.416435,0.0162165519094045
3.41704,0.0166351611508206
3.417645,0.0171477402513
3.41825,0.0175867769086443
3.418855,0.0178220149510538
3.41946,0.0178336481093777
3.420065,0.017708961592177
3.42067,0.0175653073159432
3.421275,0.0174651692303842
3.42188,0.0173560562868807
3.422485,0.0171000827168689
3.42309,0.0166319060065998
3.423695,0.0160858563887229
3.4243,0.0156928075714368
3.424905,0.0155676916323026
3.42551,0.0156582685610574
3.426115,0.0158309313591514
3.42672,0.0159304169870714
3.427325,0.0158257467860945
3.42793,0.015475554748674
3.428535,0.0149506631451919
3.42914,0.0143745398047503
3.429745,0.0138039280867486
3.43035,0.013141799888891
3.430955,0.0122143888791136
3.43156,0.011016385856808
3.432165,0.00987716026315782
3.43277,0.00925774237088708
3.433375,0.00929694047232867
3.43398,0.00961853974743357
3.434585,0.00965784614323934
3.43519,0.00918282794354563
3.435795,0.00848798190761205
3.4364,0.00806733241896395
3.437005,0.00810974721744429
3.43761,0.00835185470536189
3.438215,0.00839428945096072
3.43882,0.00807820156951194
3.439425,0.00754102329014309
3.44003,0.00698516098299637
3.440635,0.00647862348094023
3.44124,0.00598707827776815
3.441845,0.00552667077428857
3.44245,0.00521287474069155
3.443055,0.00513410031202589
3.44366,0.00520003940652401
3.444265,0.00515817428571578
3.44487,0.00477869313010583
3.445475,0.00404093007940865
3.44608,0.00315818932587642
3.446685,0.00237840264322288
3.44729,0.00172549940008263
3.447895,0.00098722274963966
3.4485,-1.10884562071279e-05
3.449105,-0.00116409297883597
3.44971,-0.00216052612876599
3.450315,-0.00279246506983979
3.45092,-0.00311916697039276
3.451525,-0.00329127622695224
3.45213,-0.00333769709983045
3.452735,-0.00325566918472486
3.45334,-0.00323408588515437
3.453945,-0.00359233945641638
3.45455,-0.00442607626738856
3.455155,-0.00541546916223132
3.45576,-0.00608862425820208
3.456365,-0.0062892467571569
3.45697,-0.00636698202741973
3.457575,-0.00684659529022458
3.45818,-0.00784419707683471
3.458785,-0.00887709330605128
3.45939,-0.00935321214138622
3.459995,-0.00920007804733136
3.4606,-0.00891240182124671
3.461205,-0.00900577861370427
3.46181,-0.0095382152290172
3.462415,-0.0102081562498501
3.46302,-0.0108039638578753
3.463625,-0.0114142703888861
3.46423,-0.0122022539826927
3.464835,-0.0131122317413432
3.46544,-0.0139251079319343
3.466045,-0.0145642327475477
3.46665,-0.0151866757461587
3.467255,-0.0159381982824131
3.46786,-0.0167221058221153
3.468465,-0.0172572376053286
3.46907,-0.0173774574147583
3.469675,-0.017298710331424
3.47028,-0.0175196469403319
3.470885,-0.0183551048092038
3.47149,-0.0195862389592666
3.472095,-0.0206478805266799
3.4727,-0.021161363987251
3.473305,-0.0212562935935669
3.47391,-0.0214222582297983
3.474515,-0.0220801776134503
3.47512,-0.0232201732496063
3.475725,-0.0244286954170298
3.47633,-0.0253109364318544
3.476935,-0.0258127377851881
3.47754,-0.0260763847930206
3.478145,-0.0261722551294959
3.47875,-0.0261792474523573
3.479355,-0.026436677786869
3.47996,-0.0274028578876935
3.480565,-0.0290738014055132
3.48117,-0.0306861292460182
3.481775,-0.0313001356702888
3.48238,-0.0308080886484804
3.482985,-0.0302257919245114
3.48359,-0.0307652743953826
3.484195,-0.0325868480600321
3.4848,-0.0346231099469999
3.485405,-0.0356646019709356
3.48601,-0.0354681712188936
3.486615,-0.0347801508108358
3.48722,-0.0344721589784978
3.487825,-0.0348170796341956
3.48843,-0.0355186590627273
3.489035,-0.0361651571357075
3.48964,-0.0365060423644601
3.490245,-0.0364574856113045
3.49085,-0.0361165978749032
3.491455,-0.0358436153252309
3.49206,-0.0361083344554297
3.492665,-0.0370298147178337
3.49327,-0.0381548730309245
3.493875,-0.0388439468679587
3.49448,-0.0388086541548294
3.495085,-0.0382649584503867
3.49569,-0.0377316942709702
3.496295,-0.0377139656257579
3.4969,-0.0384120379386173
3.497505,-0.0395640007741751
3.49811,-0.0405546981024133
3.498715,-0.040836266226248
3.49932,-0.0404112982065747
3.499925,-0.0399348821441807
3.50053,-0.0402078294511715
3.501135,-0.0414171006751793
3.50174,-0.0429330514170496
3.502345,-0.0439399961819014
3.50295,-0.0441366693844665
3.503555,-0.0438014737186867
3.50416,-0.0434160455837537
3.504765,-0.0433485649019246
3.50537,-0.0437623209771782
3.505975,-0.044573522441631
3.50658,-0.0453492534388482
3.507185,-0.0454445481287799
3.50779,-0.0445978345919065
3.508395,-0.0434480070871381
3.509,-0.0431470612794516
3.509605,-0.0442192376348624
3.51021,-0.0459845725547572
3.510815,-0.04729529614941
3.51142,-0.0476063366737365
3.512025,-0.0471970972071766
3.51263,-0.0466774383700914
3.513235,-0.0465025984760491
3.51384,-0.046807118011272
3.514445,-0.0474446537370416
3.51505,-0.0480371225958283
3.515655,-0.0480991807444958
3.51626,-0.0474277690399547
3.516865,-0.0464953010210558
3.51747,-0.0462130870474726
3.518075,-0.0470382476386272
3.51868,-0.0484444407199442
3.519285,-0.0494787076421379
3.51989,-0.0496202946325843
3.520495,-0.0489589544626311
3.5211,-0.0479187212841549
3.521705,-0.0470356841518683
3.52231,-0.0467350916458331
3.522915,-0.0470402979550684
3.52352,-0.0474194397060977
3.524125,-0.0470262705662397
3.52473,-0.0453939106616921
3.525335,-0.0431046879065119
3.52594,-0.0415704838040778
3.526545,-0.0417512856113268
3.52715,-0.0431215696493044
3.527755,-0.044245274994505
3.52836,-0.0442376986125236
3.528965,-0.0433205800317767
3.52957,-0.0422144523803787
3.530175,-0.041428894996224
3.53078,-0.0410617133516204
3.531385,-0.0409748652092778
3.53199,-0.0409682827371387
3.532595,-0.0407427855175535
3.5332,-0.0399126890941778
3.533805,-0.0384060454781322
3.53441,-0.0368859228567583
3.535015,-0.0363465206604191
3.53562,-0.0370342092619672
3.536225,-0.0380913930992569
3.53683,-0.03844025097321
3.537435,-0.0377126299040668
3.53804,-0.0363152390837324
3.538645,-0.0349722219308313
3.53925,-0.0342619492894296
3.539855,-0.0342945463317228
3.54046,-0.0346113065030546
3.541065,-0.0344422637316056
3.54167,-0.033282072633848
3.542275,-0.0313826822236011
3.54288,-0.0296835671872927
3.543485,-0.0290701901632389
3.54409,-0.0295332260109056
3.544695,-0.0301967978022569
3.5453,-0.0302505839835908
3.545905,-0.0295869735486261
3.54651,-0.0285465747787741
3.547115,-0.027475682087351
3.54772,-0.0266384158135427
3.548325,-0.0262473088472711
3.54893,-0.0263281352022779
3.549535,-0.0265338500582008
3.55014,-0.02625009538486
3.550745,-0.0251085693894137
3.55135,-0.0235095689909069
3.551955,-0.0224674822461517
3.55256,-0.0226368356659202
3.553165,-0.0235482477093668
3.55377,-0.02408165661005
3.554375,-0.0235785364483255
3.55498,-0.0222774024777929
3.555585,-0.0208659817148939
3.55619,-0.0198651704354218
3.556795,-0.0193864089611024
3.5574,-0.0192491530165851
3.558005,-0.0191428143302138
3.55861,-0.0186990649717521
3.559215,-0.017630842705038
3.55982,-0.0160351014078077
3.560425,-0.0145493206646414
3.56103,-0.0138943757509905
3.561635,-0.0141323725537531
3.56224,-0.0146187075602037
3.562845,-0.0146804887439916
3.56345,-0.0140708301613652
3.564055,-0.0128824294374891
3.56466,-0.0113994689642668
3.565265,-0.0100659753599327
3.56587,-0.00928168587795607
3.566475,-0.0090212682254773
3.56708,-0.00878127324334368
3.567685,-0.00806134399688144
3.56829,-0.00686989795320243
3.568895,-0.0057337061644325
3.5695,-0.00520224420965791
3.570105,-0.00529906470451334
3.57071,-0.0055098633990831
3.571315,-0.0052954700232087
3.57192,-0.00448552742407075
3.572525,-0.00325240054925849
3.57313,-0.00193517497873141
3.573735,-0.000912657412906105
3.57434,-0.000436494871544987
3.574945,-0.000388635295765415
3.57555,-0.000250941903514134
3.576155,0.000482444177865482
3.57676,0.00179137552290218
3.577365,0.00308020458330256
3.57797,0.00371235947623133
3.578575,0.00362650111817555
3.57918,0.00334316704245457
3.579785,0.00337625780450455
3.58039,0.0038211124551931
3.580995,0.00449809271185072
3.5816,0.00524521413486811
3.582205,0.00595229578643204
3.58281,0.00642946766418412
3.583415,0.00648241584726323
3.58402,0.00622278526672664
3.584625,0.00611291458103865
3.58523,0.00650924007985602
3.585835,0.00721582499203401
3.58644,0.00763373610041557
3.587045,0.00740433027581107
3.58765,0.00684288751790984
3.588255,0.00668680807597763
3.58886,0.00744730083306296
3.589465,0.00896431270833398
3.59007,0.0105180227915782
3.590675,0.0114367054806152
3.59128,0.0116464221198078
3.591885,0.0116104966643079
3.59249,0.0118257736869553
3.593095,0.0124604497604494
3.5937,0.013359073162618
3.594305,0.0142167469149982
3.59491,0.0147459104543198
3.595515,0.0148447163365515
3.59612,0.0147080741954061
3.596725,0.0147314671557613
3.59733,0.0152459446224812
3.597935,0.0162587105607619
3.59854,0.0173643629115888
3.599145,0.0179838213153123
3.59975,0.0178294130008305
3.600355,0.0171767391390669
3.60096,0.0166653151843209
3.601565,0.0167691601948145
3.60217,0.0173692309418912
3.602775,0.0178314382081869
3.60338,0.0175847259360273
3.603985,0.016695505305409
3.60459,0.015829865489038
3.605195,0.0155900260264033
3.6058,0.0159956427092993
3.606405,0.0166666034732113
3.60701,0.0172919669687278
3.607615,0.0177897208485176
3.60822,0.0181698919958045
3.608825,0.0183882320851718
3.60943,0.0183631720178301
3.610035,0.0181426971966332
3.61064,0.017967933718874
3.611245,0.0180325860477676
3.61185,0.0182066653025087
3.612455,0.0181684266437327
3.61306,0.0178173972919344
3.613665,0.0173913907115073
3.61427,0.0171930751819897
3.614875,0.0173522138250773
3.61548,0.0177794285422244
3.616085,0.0182108323134528
3.61669,0.0183722106449933
3.617295,0.0181839439610371
3.6179,0.0177875090146929
3.618505,0.0174044620696393
3.61911,0.0171857956713391
3.619715,0.0170940376943154
3.62032,0.0168697896268427
3.620925,0.0162287352049732
3.62153,0.0152060092980114
3.622135,0.0142309979189744
3.62274,0.0137732505180453
3.623345,0.0139604524313186
3.62395,0.0145264905267828
3.624555,0.0150323927593025
3.62516,0.0151653213651984
3.625765,0.0149260169758805
3.62637,0.0145645418159518
3.626975,0.0143295615576607
3.62758,0.0142507225425932
3.628185,0.0141236191108297
3.62879,0.0137045763662398
3.629395,0.0129719343570437
3.63,0.0122204497278062
3.630605,0.0118159876546733
3.63121,0.0118109203468119
3.631815,0.0119070468626321
3.63242,0.0118411450526563
3.633025,0.011672054387882
3.63363,0.0115952628652684
3.634235,0.0115790423191577
3.63484,0.0113546386058179
3.635445,0.0107675327225347
3.63605,0.00997867891637714
3.636655,0.00925897783651255
3.63726,0.00867896124618225
3.637865,0.00807229273191606
3.63847,0.00729352943007897
3.639075,0.0064375212939862
3.63968,0.0057327927876638
3.640285,0.00527316405606977
3.64089,0.00496513081046019
3.641495,0.00471850631905905
3.6421,0.004572628497078
3.642705,0.00458760645139509
3.64331,0.0046738791974518
3.643915,0.00460454912145432
3.64452,0.0041936744319539
3.645125,0.00344343065604133
3.64573,0.00254336851603149
3.646335,0.00172348865365883
3.64694,0.00107444524488551
3.647545,0.000524099874724276
3.64815,4.40540400479571e-06
3.648755,-0.000405858883309702
3.64936,-0.000568737200770096
3.649965,-0.000520521885648759
3.65057,-0.000543908186813117
3.651175,-0.000957264525885221
3.65178,-0.00184854545201709
3.652385,-0.00300377418794802
3.65299,-0.00406918189327342
3.653595,-0.00482483513215722
3.6542,-0.00535471710930606
3.654805,-0.0059599767255821
3.65541,-0.00687396909228226
3.656015,-0.00800937800914285
3.65662,-0.00898629596816057
3.657225,-0.00945744766502478
3.65783,-0.00941908320178311
3.658435,-0.0091923289063661
3.65904,-0.0091121641875013
3.659645,-0.00927951741482929
3.66025,-0.00962172866211735
3.660855,-0.0100660387217743
3.66146,-0.0105521146362121
3.662065,-0.0109823265433648
3.66267,-0.0112968308268169
3.663275,-0.011588220104547
3.66388,-0.0120604386874548
3.664485,-0.0127996388018527
3.66509,-0.0135951285430952
3.665695,-0.0141001487485354
3.6663,-0.0142165191568058
3.666905,-0.0142238763538352
3.66751,-0.0144705602255573
3.668115,-0.01503192637148
3.66872,-0.0157512052543979
3.669325,-0.016508104614259
3.66993,-0.0173107497139694
3.670535,-0.0181674232592041
3.67114,-0.0189916650051559
3.671745,-0.019687818938099
3.67235,-0.0203111760671846
3.672955,-0.0210577015839449
3.67356,-0.0220318185392928
3.674165,-0.0230726730703764
3.67477,-0.0238564651622769
3.675375,-0.0241669865530295
3.67598,-0.024106713214404
3.676585,-0.0240670513762013
3.67719,-0.0244308252263102
3.677795,-0.025254288747272
3.6784,-0.026234074511613
3.679005,-0.0269666657256694
3.67961,-0.0272475753405295
3.680215,-0.0272245312776364
3.68082,-0.0273544078111421
3.681425,-0.0280967014905648
3.68203,-0.0294683078847906
3.682635,-0.0309400751074033
3.68324,-0.0318945018002757
3.683845,-0.0321670489466857
3.68445,-0.0321176182261052
3.685055,-0.0322464409811413
3.68566,-0.0327979732851031
3.686265,-0.0337028347510424
3.68687,-0.0347545286589211
3.687475,-0.0357036355746144
3.68808,-0.0362772727670429
3.688685,-0.0363819521409699
3.68929,-0.0363743161650966
3.689895,-0.0368681781844034
3.6905,-0.0380536151083731
3.691105,-0.0393861640410424
3.69171,-0.0401397096917993
3.692315,-0.0401056846301199
3.69292,-0.0396486439486521
3.693525,-0.0392890882988823
3.69413,-0.0393637805435571
3.694735,-0.0399310597071845
3.69534,-0.0407772038271592
3.695945,-0.0414644426211861
3.69655,-0.0415455432495785
3.697155,-0.0409591208001944
3.69776,-0.0402662224100879
3.698365,-0.0402840918732365
3.69897,-0.0412758623072819
3.699575,-0.0426318123727561
3.70018,-0.0435158362402966
3.700785,-0.0436408737759559
3.70139,-0.0433114147672126
3.701995,-0.0429913354453474
3.7026,-0.042998330089391
3.703205,-0.0434428879799534
3.70381,-0.0442447893206797
3.704415,-0.0451283195301978
3.70502,-0.0456760393952586
3.705625,-0.0455775222986364
3.70623,-0.0449885525078843
3.706835,-0.0445786211721287
3.70744,-0.0449757113932824
3.708045,-0.0461230896403868
3.70865,-0.0473337536696607
3.709255,-0.0479111807403555
3.70986,-0.0476197907176556
3.710465,-0.0467504272796658
3.71107,-0.045900480098711
3.711675,-0.0455835168662025
3.71228,-0.0458740238575891
3.712885,-0.0463387503550932
3.71349,-0.0463333301216379
3.714095,-0.0455068315274568
3.7147,-0.0441932820025672
3.715305,-0.0432873315733576
3.71591,-0.0434753737818744
3.716515,-0.0445223046847005
3.71712,-0.0455205610842232
3.717725,-0.0457872557368169
3.71833,-0.045313489913811
3.718935,-0.0445226030191208
3.71954,-0.0438868250352724
3.720145,-0.0437189858979507
3.72075,-0.0440725024569611
3.721355,-0.0446562553530943
3.72196,-0.0448958295084312
3.722565,-0.0443510921053462
3.72317,-0.0432663856465957
3.723775,-0.042564135845781
3.72438,-0.0429835374503448
3.724985,-0.0442258367817585
3.72559,-0.0452473240315711
3.726195,-0.0453627407623799
3.7268,-0.0447671304551218
3.727405,-0.0440816622159905
3.72801,-0.0437012458397055
3.728615,-0.0435874089435613
3.72922,-0.0435032718356206
3.729825,-0.0432503535329819
3.73043,-0.0426021538846201
3.731035,-0.0412601207011877
3.73164,-0.0392475033753652
3.732245,-0.0373321629986118
3.73285,-0.0366027438749727
3.733455,-0.0373583567771527
3.73406,-0.0386960596231881
3.734665,-0.0393811046253384
3.73527,-0.0388957967525136
3.735875,-0.0376266602156975
3.73648,-0.036334644911219
3.737085,-0.0355535858017902
3.73769,-0.0353645653207608
3.738295,-0.0355039212246105
3.7389,-0.035493638900904
3.739505,-0.0348199559448639
3.74011,-0.0333539011600477
3.740715,-0.0317059599649063
3.74132,-0.03087910041598
3.741925,-0.0312960369914642
3.74253,-0.0323082118438964
3.743135,-0.0328441098292883
3.74374,-0.032358247228027
3.744345,-0.0310904012877855
3.74495,-0.0296910566223422
3.745555,-0.0287207502643425
3.74616,-0.0283614771629739
3.746765,-0.0284001395625221
3.74737,-0.0283341690834708
3.747975,-0.0275993943878764
3.74858,-0.0260125529003295
3.749185,-0.0241303987677799
3.74979,-0.0229495663646522
3.750395,-0.0229724930131585
3.751,-0.0236792951934664
3.751605,-0.0241220706621505
3.75221,-0.0238154427816991
3.752815,-0.0229050572166446
3.75342,-0.021811502049612
3.754025,-0.0209127228712268
3.75463,-0.0204029626585998
3.755235,-0.0202801950267072
3.75584,-0.020340427636121
3.756445,-0.0201759398144953
3.75705,-0.0194088130100135
3.757655,-0.0181424336846915
3.75826,-0.0170670339488733
3.758865,-0.0168049887484428
3.75947,-0.0171761515851543
3.760075,-0.0174223742164244
3.76068,-0.0170580296887186
3.761285,-0.0161780976176801
3.76189,-0.0150972786449287
3.762495,-0.0140183429995111
3.7631,-0.0130346916639709
3.763705,-0.0122984457570353
3.76431,-0.0120368834484192
3.764915,-0.0122343156015613
3.76552,-0.0123175182895983
3.766125,-0.011491087272506
3.76673,-0.0096405009609227
3.767335,-0.00764557623300458
3.76794,-0.00650061798229254
3.768545,-0.00634500470945716
3.76915,-0.00650182530971819
3.769755,-0.00616723464850361
3.77036,-0.0050233155154765
3.770965,-0.00347398601461732
3.77157,-0.00231264960813138
3.772175,-0.0019994348435803
3.77278,-0.00224376355929026
3.773385,-0.00232777886425558
3.77399,-0.00179916923262277
3.774595,-0.000839413647212982
3.7752,-4.97964579449539e-05
3.775805,0.000119613851671138
3.77641,-0.000164942859944498
3.777015,-0.000283049377154462
3.77762,0.00016238741997288
3.778225,0.00102038479109857
3.77883,0.00195764401059638
3.779435,0.00285507891613868
3.78004,0.00373920622992416
3.780645,0.00452548947477368
3.78125,0.00502836964380434
3.781855,0.00524770125395415
3.78246,0.00552346246992893
3.783065,0.00626147841435451
3.78367,0.0074430188350709
3.784275,0.00851415815748561
3.78488,0.00894410532212489
3.785485,0.00883525948729691
3.78609,0.00878972708038009
3.786695,0.00925521234965744
3.7873,0.0101681598436962
3.787905,0.0111388271280942
3.78851,0.0118267089886585
3.789115,0.0121568088978969
3.78972,0.0122748410150568
3.790325,0.0123477061780704
3.79093,0.0124165959019831
3.791535,0.0124443507216818
3.79214,0.0124376017534239
3.792745,0.012436170975584
3.79335,0.0124518606538675
3.793955,0.012495899651205
3.79456,0.0125924349687024
3.795165,0.0127691196333228
3.79577,0.0131194851479829
3.796375,0.0137736365174122
3.79698,0.014664365561286
3.797585,0.0154067001172059
3.79819,0.0156002544260016
3.798795,0.0152922630268767
3.7994,0.0150091700143673
3.800005,0.0152361974294784
3.80061,0.0159091903453596
3.801215,0.0164812730919859
3.80182,0.0165143466721374
3.802425,0.0161720657954322
3.80303,0.0160414394052856
3.803635,0.0164876400504895
3.80424,0.017305841943056
3.804845,0.0179974201765253
3.80545,0.0182554787390402
3.806055,0.0181332230694943
3.80666,0.0178479039690658
3.807265,0.0175677991876802
3.80787,0.0173864948871778
3.808475,0.01735353688728
3.80908,0.0174090689138847
3.809685,0.0172935383765248
3.81029,0.0166792501165321
3.810895,0.0155806330997326
3.8115,0.0145832468964785
3.812105,0.0144203087561872
3.81271,0.0152368506843012
3.813315,0.0164024920391141
3.81392,0.0171130859900472
3.814525,0.0170736093772735
3.81513,0.0165684640414619
3.815735,0.0160514582687947
3.81634,0.015784026915491
3.816945,0.0157350304948946
3.81755,0.0156737406304897
3.818155,0.0153673504751741
3.81876,0.0147783357640951
3.819365,0.0141145829330727
3.81997,0.0136492601225318
3.820575,0.0134658876714625
3.82118,0.0134189217472299
3.821785,0.0133395174898742
3.82239,0.013206341269333
3.822995,0.0130809299915397
3.8236,0.0129322858427361
3.824205,0.0126201481675763
3.82481,0.0120652394725047
3.825415,0.0113520245934105
3.82602,0.0106163836807942
3.826625,0.00986844357005926
3.82723,0.00899978261791171
3.827835,0.00801437157197406
3.82844,0.00716694946768756
3.829045,0.00674024030085019
3.82965,0.00672596274320379
3.830255,0.00683617297874165
3.83086,0.00679727947538189
3.831465,0.00655396850031629
3.83207,0.00620919094112882
3.832675,0.00584997294039754
3.83328,0.0054684547193623
3.833885,0.00502116825618982
3.83449,0.00452433603115969
3.835095,0.00404302649113309
3.8357,0.0035604798307047
3.836305,0.00294925348394364
3.83691,0.00216771784009215
3.837515,0.00142035633527678
3.83812,0.00101808513048857
3.838725,0.00105828806647136
3.83933,0.00126692265156384
3.839935,0.00122078016919954
3.84054,0.000759709275440307
3.841145,0.000103827710706599
3.84175,-0.000471099064089014
3.842355,-0.000963272308837557
3.84296,-0.00158032745095432
3.843565,-0.00245012218977055
3.84417,-0.00350144858743878
3.844775,-0.00455561438424834
3.84538,-0.00543800334276055
3.845985,-0.00607083347607839
3.84659,-0.00652561553340205
3.847195,-0.00693227050887445
3.8478,-0.00732546932307297
3.848405,-0.00763153028894843
3.84901,-0.00781751222977067
3.849615,-0.00801462591311822
3.85022,-0.00842152563962424
3.850825,-0.00907393823949952
3.85143,-0.00981347015414125
3.852035,-0.0105345976853556
3.85264,-0.0113534511721589
3.853245,-0.0124115774297843
3.85385,-0.0135725366301849
3.854455,-0.0144942165900725
3.85506,-0.0150169276751352
3.855665,-0.015322950328115
3.85627,-0.015691505260567
3.856875,-0.0162270432964209
3.85748,-0.0168751106685613
3.858085,-0.0176170865708398
3.85869,-0.0185349031762256
3.859295,-0.0196735566255606
3.8599,-0.0209345322132143
3.860505,-0.0221464298500558
3.86111,-0.0232123188072084
3.861715,-0.0241869146939202
3.86232,-0.0252013653687857
3.862925,-0.0262852215019039
3.86353,-0.0272814260556451
3.864135,-0.0279749157927453
3.86474,-0.0283119180220221
3.865345,-0.0284790563636921
3.86595,-0.028760810022725
3.866555,-0.0293273710617676
3.86716,-0.0301409013944214
3.867765,-0.0310181019241695
3.86837,-0.031779933887287
3.868975,-0.0323860805092242
3.86958,-0.0329583756260368
3.870185,-0.0336662051422202
3.87079,-0.0345431802970596
3.871395,-0.0354124789611751
3.872,-0.0360545487641051
3.872605,-0.0364364997619616
3.87321,-0.0367091949943344
3.873815,-0.0370290819404635
3.87442,-0.0374704346512812
3.875025,-0.0380732545580983
3.87563,-0.0388741219387754
3.876235,-0.039834548007745
3.87684,-0.0407760721226963
3.877445,-0.041496206160378
3.87805,-0.0420171175103096
3.878655,-0.04265556446236
3.87926,-0.0437012835148245
3.879865,-0.0449946892099937
3.88047,-0.0459852065825874
3.881075,-0.0463046983174785
3.88168,-0.0461686320478049
3.882285,-0.046122266521533
3.88289,-0.046458324739345
3.883495,-0.0469888858764417
3.8841,-0.0474026556766328
3.884705,-0.0476927742653146
3.88531,-0.0480684237981129
3.885915,-0.0485393887570504
3.88652,-0.0488565239037909
3.887125,-0.0489384147339118
3.88773,-0.0491264847090563
3.888335,-0.0498134771244627
3.88894,-0.050910657477208
3.889545,-0.0518346007162893
3.89015,-0.0520067762298742
3.890755,-0.0513626687693874
3.89136,-0.0504481957261409
3.891965,-0.050017743377424
3.89257,-0.0504497413613904
3.893175,-0.051476135986362
3.89378,-0.0524594574762628
3.894385,-0.052954730335901
3.89499,-0.0530194164195493
3.895595,-0.0530118658654777
3.8962,-0.0531664109444382
3.896805,-0.0534027257892832
3.89741,-0.0534968772304171
3.898015,-0.0533488529436269
3.89862,-0.0530348347205877
3.899225,-0.0526512624673765
3.89983,-0.0522096760266302
3.900435,-0.0517114023929005
3.90104,-0.0512679058691498
3.901645,-0.0510617755358446
3.90225,-0.0511225905719816
3.902855,-0.05118428489547
3.90346,-0.0509052061362669
3.904065,-0.0502801457041914
3.90467,-0.0497097315889404
3.905275,-0.0495474836005741
3.90588,-0.0496646668236367
3.906485,-0.0496014542176017
3.90709,-0.0490760331158302
3.907695,-0.0482056512950281
3.9083,-0.0472952563869341
3.908905,-0.0465503619276495
3.90951,-0.045990546071398
3.910115,-0.0455481415276492
3.91072,-0.0451800197933069
3.911325,-0.0448767496452084
3.91193,-0.0446112656944566
3.912535,-0.0443187773791332
3.91314,-0.0439254060182834
3.913745,-0.0433824099006351
3.91435,-0.0426887669175531
3.914955,-0.0418955627261202
3.91556,-0.0410429115716472
3.916165,-0.040082751982884
3.91677,-0.0389502789922716
3.917375,-0.0377242733571125
3.91798,-0.0366150384935428
3.918585,-0.035754604984645
3.91919,-0.0350467778676916
3.919795,-0.034251977458334
3.9204,-0.0332219357959219
3.921005,-0.0320675362272843
3.92161,-0.0310866895032171
3.922215,-0.0304626014229513
3.92282,-0.03001604866215
3.923425,-0.0293238737624991
3.92403,-0.0281030357059393
3.924635,-0.0264554920458186
3.92524,-0.0247872807162229
3.925845,-0.023520864705859
3.92645,-0.0227960615718233
3.927055,-0.0223689386207192
3.92766,-0.0218284989295674
3.928265,-0.0209611633164516
3.92887,-0.019917345620469
3.929475,-0.0190462811619567
3.93008,-0.0185937895471676
3.930685,-0.0185141275586253
3.93129,-0.018493022153862
3.931895,-0.0181355914547287
3.9325,-0.0171774995213743
3.933105,-0.0156068638931038
3.93371,-0.0137070447463549
3.934315,-0.011984421479839
3.93492,-0.0108666352378526
3.935525,-0.0103190404668775
3.93613,-0.00981289935349353
3.936735,-0.00880235668139072
3.93734,-0.00726020048791231
3.937945,-0.00569286494531187
3.93855,-0.0046233524175582
3.939155,-0.00408210252094603
3.93976,-0.0035797631859266
3.940365,-0.00256214191273093
3.94097,-0.000905241625442036
3.941575,0.00104905706939856
3.94218,0.00291996512561819
3.942785,0.00465058162435936
3.94339,0.00640813170427239
3.943995,0.00822481091366677
3.9446,0.00988197374527915
3.945205,0.0111814937907926
3.94581,0.0122149012997279
3.946415,0.0132570899612825
3.94702,0.0144185995637089
3.947625,0.0154967395925858
3.94823,0.0162345832851612
3.948835,0.0167083286559896
3.94944,0.0173790705111886
3.950045,0.0187140390207311
3.95065,0.020753390162823
3.951255,0.0230459117164589
3.95186,0.0250130938107141
3.952465,0.026394826272378
3.95307,0.0273866807821399
3.953675,0.0283987107414958
3.95428,0.0296601764021049
3.954885,0.0310007586336799
3.95549,0.0320314822780558
3.956095,0.032573353148933
3.9567,0.0328723371795525
3.957305,0.0333410201114068
3.95791,0.034141144951859
3.958515,0.0351482320284348
3.95912,0.0362861165157511
3.959725,0.0376465526464765
3.96033,0.0391860030851467
3.960935,0.0405351286714824
3.96154,0.0413274599415805
3.962145,0.0416454938315077
3.96275,0.0419505081624072
3.963355,0.0425403214793818
3.96396,0.0431766970751525
3.964565,0.0433229168749042
3.96517,0.0427838598636876
3.965775,0.0420606115665127
3.96638,0.0419356390405179
3.966985,0.0427162082914433
3.96759,0.0440325006127042
3.968195,0.0453261218881884
3.9688,0.0463322963502
3.969405,0.0470909853673641
3.97001,0.0476871909003098
3.970615,0.0481061116995683
3.97122,0.0483208685452171
3.971825,0.0484099366547945
3.97243,0.0484671569335658
3.973035,0.0484203691584929
3.97364,0.0481131092726911
3.974245,0.0476006773793755
3.97485,0.0471857544893947
3.975455,0.0471193122519783
3.97606,0.0474163318562612
3.976665,0.0479462875167546
3.97727,0.0485391850371603
3.977875,0.049023797176164
3.97848,0.0493108130866459
3.979085,0.0494595091731336
3.97969,0.0495832838867712
3.980295,0.0496535664803377
3.9809,0.049422407089672
3.981505,0.0486003541091649
3.98211,0.047175985388167
3.982715,0.0455487353751722
3.98332,0.0442665415697135
3.983925,0.0436215114069194
3.98453,0.0435510934008147
3.985135,0.0438569311496231
3.98574,0.0443563762301943
3.986345,0.0448288514065862
3.98695,0.0450154253148033
3.987555,0.0448203604318758
3.98816,0.0444536747156557
3.988765,0.0442150920888807
3.98937,0.0441104828114199
3.989975,0.0437924761732244
3.99058,0.0429164532882579
3.991185,0.0415089886629611
3.99179,0.0399898863718209
3.992395,0.0388577516282671
3.993,0.0383436546624478
3.993605,0.0383237061545571
3.99421,0.0384793428929044
3.994815,0.0385026301991368
3.99542,0.0382273525635677
3.996025,0.0376649889547053
3.99663,0.0369451122350173
3.997235,0.0361924906609918
3.99784,0.0354086226950427
3.998445,0.0344286187449295
3.99905,0.0330202936482308
3.999655,0.0311299982207864
4.00026,0.0290671094852683
4.000865,0.0273532468393518
4.00147,0.0263412195035721
4.002075,0.0259986830661318
4.00268,0.0259962019088113
4.003285,0.0259342821352611
4.00389,0.0255428101519566
4.004495,0.0247761693666452
4.0051,0.0238011665866909
4.005705,0.0228919792156257
4.00631,0.0222275400466891
4.006915,0.0216994517933048
4.00752,0.0209600345078282
4.008125,0.0197530830086
4.00873,0.0182004179365686
4.009335,0.0167117632434407
4.00994,0.0156441695455181
4.010545,0.0150858044827106
4.01115,0.014863787426796
4.011755,0.0146494089910024
4.01236,0.0141204513254734
4.012965,0.013163198358303
4.01357,0.0119730828103009
4.014175,0.0109092817803716
4.01478,0.0101690008039176
4.015385,0.00957131666933261
4.01599,0.00867903840726193
4.016595,0.00717817730577896
4.0172,0.00519979985458236
4.017805,0.00327472129267615
4.01841,0.00192143403835911
4.019015,0.00126853556171929
4.01962,0.00104909417018596
4.020225,0.000851038646903422
4.02083,0.000352886445719214
4.021435,-0.000544485673303536
4.02204,-0.00170280608214379
4.022645,-0.00287416809516484
4.02325,-0.00389543638609298
4.023855,-0.00478775044280107
4.02446,-0.00571346424833797
4.025065,-0.00685981345655662
4.02567,-0.00828119804701964
4.026275,-0.00979537160227069
4.02688,-0.0111096632900638
4.027485,-0.0120819980409326
4.02809,-0.012802571758272
4.028695,-0.0134663289378837
4.0293,-0.0142634512924103
4.029905,-0.01534969100262
4.03051,-0.0167904526074281
4.031115,-0.0184781937077254
4.03172,-0.0201505931276897
4.032325,-0.0215622244959262
4.03293,-0.0226983427025831
4.033535,-0.0238285877981851
4.03414,-0.0252527148719116
4.034745,-0.026922238983796
4.03535,-0.0284217998594418
4.035955,-0.029408257609365
4.03656,-0.0299556645167532
4.037165,-0.0303986895913957
4.03777,-0.0309574542826271
4.038375,-0.0316209246019862
4.03898,-0.0323281236925629
4.039585,-0.0331029884248885
4.04019,-0.0339517429312066
4.040795,-0.0347397199070515
4.0414,-0.0353155148140305
4.042005,-0.0357654588153664
4.04261,-0.0364031786595875
4.043215,-0.0374205854311906
4.04382,-0.0386502947560161
4.044425,-0.0397230899520581
4.04503,-0.0403470213009629
4.045635,-0.0404649315764673
4.04624,-0.0403322989283141
4.046845,-0.0404426864933175
4.04745,-0.0411939063232188
4.048055,-0.0425214370751563
4.04866,-0.0438729881207218
4.049265,-0.0446141128037117
4.04987,-0.0445776018989104
4.050475,-0.044303572067161
4.05108,-0.0446510068592593
4.051685,-0.0459994416038621
4.05229,-0.0478653473841935
4.052895,-0.0494190109570309
4.0535,-0.0502508595424389
4.054105,-0.0505088666398597
4.05471,-0.0505116413216724
4.055315,-0.0505177932729846
4.05592,-0.0508094155481198
4.056525,-0.0516272076202709
4.05713,-0.0527750948360454
4.057735,-0.0534837841735301
4.05834,-0.0530733172309633
4.058945,-0.0518853489031815
4.05955,-0.0512667934312439
4.060155,-0.0522992681704415
4.06076,-0.054646873258985
4.061365,-0.0569178910267695
4.06197,-0.0580104062701693
4.062575,-0.0578903590854334
4.06318,-0.0573211347305333
4.063785,-0.0571704106611298
4.06439,-0.0578742608846088
4.064995,-0.0592200646192075
4.0656,-0.0604396163726706
4.066205,-0.0606300547994534
4.06681,-0.0594428770417098
4.067415,-0.0576374077476018
4.06802,-0.0568068123493246
4.068625,-0.0580864676987303
4.06923,-0.0609867298912404
4.069835,-0.0638029268753126
4.07044,-0.0652114881597232
4.071045,-0.0651918963244497
4.07165,-0.0645378855019413
4.072255,-0.0639868345600565
4.07286,-0.063954386227113
4.073465,-0.0646053109338866
4.07407,-0.0655762961473277
4.074675,-0.0657026678376141
4.07528,-0.0637982905175583
4.075885,-0.0602623803709344
4.07649,-0.057520786097538
4.077095,-0.0580335451331016
4.0777,-0.0617108027546792
4.078305,-0.0658712761123556
4.07891,-0.0679132344409474
4.079515,-0.0675601321926719
4.08012,-0.0664169712053242
4.080725,-0.0659700079850302
4.08133,-0.066502702431813
4.081935,-0.0675518481086941
4.08254,-0.0685080490151856
4.083145,-0.0685522762261094
4.08375,-0.0668395690199478
4.084355,-0.0635440673712994
4.08496,-0.0605275207199869
4.085565,-0.0601495743147437
4.08617,-0.0630206896790946
4.086775,-0.0672568992301828
4.08738,-0.070165651375796
4.087985,-0.0704393255388396
4.08859,-0.0687770829114141
4.089195,-0.0668969924430888
4.0898,-0.0661965776301233
4.090405,-0.0670149714686435
4.09101,-0.0685297947472658
4.091615,-0.0690396624014749
4.09222,-0.0668726791757325
4.092825,-0.0619762543489179
4.09343,-0.0568411476951233
4.094035,-0.0550005723471625
4.09464,-0.057859907070529
4.095245,-0.0632732661463347
4.09585,-0.0675957845474403
4.096455,-0.0687814560284301
4.09706,-0.0674069714080055
4.097665,-0.0654311059456342
4.09827,-0.0644812496580279
4.098875,-0.0649815885430772
4.09948,-0.0661971113980963
4.100085,-0.0667090648187274
4.10069,-0.0651607923521642
4.101295,-0.0613342661982325
4.1019,-0.0569181160393277
4.102505,-0.054720682712784
4.10311,-0.0563503360325013
4.103715,-0.0606395650854321
4.10432,-0.0647263309039196
4.104925,-0.0665085388005845
4.10553,-0.0658340820205984
4.106135,-0.0639110943433674
4.10674,-0.0622388960173934
4.107345,-0.0618375919382761
4.10795,-0.0626480264822807
4.108555,-0.0632317061614698
4.10916,-0.0614886534902704
4.109765,-0.0565277266068378
4.11037,-0.0502140124815972
4.110975,-0.0463474641573162
4.11158,-0.0474893086978345
4.112185,-0.0524883500355178
4.11279,-0.0575579611387704
4.113395,-0.0596821156417429
4.114,-0.0586313698188948
4.114605,-0.0561773854280682
4.11521,-0.0542359209614695
4.115815,-0.0537549200144044
4.11642,-0.0545115682619079
4.117025,-0.0552761017856569
4.11763,-0.0543576236055257
4.118235,-0.050818116152905
4.11884,-0.0457357491555247
4.119445,-0.0420030906770138
4.12005,-0.0420881897052232
4.120655,-0.0456846733467451
4.12126,-0.0499456689626838
4.121865,-0.0521062236027369
4.12247,-0.0515101480853493
4.123075,-0.0493407087102348
4.12368,-0.047224184453342
4.124285,-0.0462655973529102
4.12489,-0.0466486068260308
4.125495,-0.0473924755288314
4.1261,-0.0465950804258246
4.126705,-0.0427663600334133
4.12731,-0.0366279672291596
4.127915,-0.0313964947175913
4.12852,-0.0304020023608086
4.129125,-0.0339733363715267
4.12973,-0.0391041883703157
4.130335,-0.0423783880384085
4.13094,-0.0426858850583839
4.131545,-0.0411355987404497
4.13215,-0.0393540339827602
4.132755,-0.0383704330105271
4.13336,-0.0384518191710515
4.133965,-0.0391097564384241
4.13457,-0.0391040076888646
4.135175,-0.0370611166147746
4.13578,-0.0328497281215871
4.136385,-0.0284461001380233
4.13699,-0.0267282858234293
4.137595,-0.0288072028902913
4.1382,-0.032819400759861
4.138805,-0.0357223427600622
4.13941,-0.0359498658770112
4.140015,-0.0341723018938506
4.14062,-0.0321245956645392
4.141225,-0.0311399324445411
4.14183,-0.0314256330515594
4.142435,-0.0321215468308086
4.14304,-0.031797359566866
4.143645,-0.0292163082430558
4.14425,-0.0243441284903204
4.144855,-0.019018181046979
4.14546,-0.0160967258079357
4.146065,-0.0171097033400604
4.14667,-0.0207485002800034
4.147275,-0.024123931124759
4.14788,-0.0253031937962665
4.148485,-0.0243314079293258
4.14909,-0.0223921379137036
4.149695,-0.0206859272829703
4.1503,-0.0199083147679166
4.150905,-0.0200592885522773
4.15151,-0.0203195802746257
4.152115,-0.0193409756953498
4.15272,-0.0162965594931258
4.153325,-0.0120359420520248
4.15393,-0.00889013221387735
4.154535,-0.00870232552784654
4.15514,-0.0109792785827403
4.155745,-0.0134024586342813
4.15635,-0.0140908779832429
4.156955,-0.0129330648460444
4.15756,-0.0109536439704871
4.158165,-0.00912399943213565
4.15877,-0.00795333918351973
4.159375,-0.00761154730629969
4.15998,-0.00777590178879452
4.160585,-0.00737678857214222
4.16119,-0.0051846721772868
4.161795,-0.00122797641020829
4.1624,0.00256527054308877
4.163005,0.00384473708411198
4.16361,0.00219487239940203
4.164215,-0.000440181617804684
4.16482,-0.00178814858897322
4.165425,-0.00119465812850313
4.16603,0.00043373738123493
4.166635,0.00191119005916014
4.16724,0.00268068315191503
4.167845,0.00284551852407624
4.16845,0.00283319858371977
4.169055,0.00320904984292449
4.16966,0.00452298711553507
4.170265,0.0068562534135732
4.17087,0.00936732385879933
4.171475,0.0106643334654024
4.17208,0.0100457060115227
4.172685,0.00827027540092082
4.17329,0.00686894346511541
4.173895,0.00685591833452745
4.1745,0.0081683228086398
4.175105,0.00998904687095678
4.17571,0.0113875723131765
4.176315,0.011845462539703
4.17692,0.0115024676019802
4.177525,0.0111162156878837
4.17813,0.0116795645898428
4.178735,0.0136719941866099
4.17934,0.0163968170808737
4.179945,0.0182667223943223
4.18055,0.0181751384049874
4.181155,0.0165798158039974
4.18176,0.0149858842235429
4.182365,0.0145302431305803
4.18297,0.0152762504452892
4.183575,0.0165671039148085
4.18418,0.0176861437108401
4.184785,0.0182241902409511
4.18539,0.0181387371011128
4.185995,0.0177570698941627
4.1866,0.0176964556283782
4.187205,0.0184599124239014
4.18781,0.0198765969593835
4.188415,0.0210433948664207
4.18902,0.0211209847807771
4.189625,0.0202393253057852
4.19023,0.0193668778295971
4.190835,0.0192991360787376
4.19144,0.0200374246143846
4.192045,0.0210781468851361
4.19265,0.0219840349323774
4.193255,0.0225983297271285
4.19386,0.0229168153553684
4.194465,0.0230084369137141
4.19507,0.023111993865921
4.195675,0.0236090476430052
4.19628,0.0246671593311693
4.196885,0.0258848386527615
4.19749,0.0265288901432939
4.198095,0.0262916585000769
4.1987,0.0256318262222795
4.199305,0.0252544888097801
4.19991,0.0254749532489293
4.200515,0.0261378804953533
4.20112,0.026880914930311
4.201725,0.0273494616113018
4.20233,0.0273174577880899
4.202935,0.0268116096934148
4.20354,0.0261801914444426
4.204145,0.0259083572365284
4.20475,0.0261922797823696
4.205355,0.02666739833548
4.20596,0.0267030689122856
4.206565,0.0260662661383465
4.20717,0.0251603669903783
4.207775,0.0245418906028148
4.20838,0.0244107163024986
4.208985,0.0246246056607107
4.20959,0.0249592542875818
4.210195,0.0252270998912436
4.2108,0.0252623515460248
4.211405,0.024970181667246
4.21201,0.0244913684693264
4.212615,0.024221611390546
4.21322,0.0244691032936154
4.213825,0.0250347514942255
4.21443,0.0252774929454843
4.215035,0.0247628996695433
4.21564,0.0237872597482429
4.216245,0.023092004985956
4.21685,0.0231052060843744
4.217455,0.0235787706081741
4.21806,0.0239134271308024
4.218665,0.0237547424369314
4.21927,0.0232544057319251
4.219875,0.0227849428730362
4.22048,0.0225254896645193
4.221085,0.0223939451346602
4.22169,0.0222533052887611
4.222295,0.0220200648908396
4.2229,0.0216010875107874
4.223505,0.0209281751347483
4.22411,0.020134036088163
4.224715,0.0195389618946613
4.22532,0.019378317368653
4.225925,0.0196141607325905
4.22653,0.0200009793407671
4.227135,0.0202602523952844
4.22774,0.0202180913377448
4.228345,0.0198628774628753
4.22895,0.0193289113941212
4.229555,0.0188097938190677
4.23016,0.0184231900329773
4.230765,0.0181195921672636
4.23137,0.0177285908677024
4.231975,0.0171378202546008
4.23258,0.0164387100325773
4.233185,0.0158378949764244
4.23379,0.0154466865458774
4.234395,0.0152381315728884
4.235,0.0151277019480122
4.235605,0.0149799475894008
4.23621,0.0146135539154822
4.236815,0.0139253941337681
4.23742,0.0130225335389329
4.238025,0.0121691137047616
4.23863,0.0115468831301129
4.239235,0.0110774061123248
4.23984,0.0105034345718168
4.240445,0.0096437897282039
4.24105,0.00858836325295545
4.241655,0.00764938091706911
4.24226,0.00710246415231266
4.242865,0.00697458613224213
4.24347,0.00705254958543295
4.244075,0.00705187009360238
4.24468,0.00680164874764727
4.245285,0.0063198708335899
4.24589,0.00575004172812303
4.246495,0.00524163355675344
4.2471,0.00484924194012471
4.247705,0.00449074688877384
4.24831,0.00400251037362907
4.248915,0.00328377180966645
4.24952,0.00242706730938437
4.250125,0.00166673507125345
4.25073,0.00114623224509798
4.251335,0.000794942711548522
4.25194,0.000474383083056683
4.252545,0.000131728080457744
4.25315,-0.000267260454738407
4.253755,-0.000842411441852287
4.25436,-0.00169382493655175
4.254965,-0.002710804098903
4.25557,-0.00361873942823056
4.256175,-0.00427621839455761
4.25678,-0.004862230620896
4.257385,-0.00569003728850045
4.25799,-0.00681044157215548
4.258595,-0.00787222664075895
4.2592,-0.00848946892295959
4.259805,-0.00869749257515228
4.26041,-0.00888775005675212
4.261015,-0.00930903276107734
4.26162,-0.00979754029851564
4.262225,-0.0100639790669935
4.26283,-0.0101314736995883
4.263435,-0.010331828769734
4.26404,-0.0108776362214514
4.264645,-0.011601262208013
4.26525,-0.0122050291682489
4.265855,-0.0126770142704975
4.26646,-0.0132982099213315
4.267065,-0.0142239667026718
4.26767,-0.0152247803612577
4.268275,-0.0159077211707753
4.26888,-0.0160944881668356
4.269485,-0.0159832289039605
4.27009,-0.0160193178165357
4.270695,-0.0165637924458365
4.2713,-0.0176144593204333
4.271905,-0.018849826875208
4.27251,-0.0199215493958482
4.273115,-0.0206705278286319
4.27372,-0.021149571138367
4.274325,-0.0215831459742119
4.27493,-0.0222616649947546
4.275535,-0.0232972891614078
4.27614,-0.0244753500155097
4.276745,-0.0254279699058456
4.27735,-0.0259135460806364
4.277955,-0.0259487811433657
4.27856,-0.0258092288314253
4.279165,-0.0258976839444551
4.27977,-0.0264810325339971
4.280375,-0.0274806315164256
4.28098,-0.0284882032050078
4.281585,-0.0290138956799067
4.28219,-0.0288834595437214
4.282795,-0.0285351798766431
4.2834,-0.0287715537591603
4.284005,-0.0299516829900846
4.28461,-0.0315210834450079
4.285215,-0.0325787630553061
4.28582,-0.0327845552581882
4.286425,-0.0325311596142571
4.28703,-0.0324161754494555
4.287635,-0.0327517440725793
4.28824,-0.0334934062755928
4.288845,-0.0344353122459263
4.28945,-0.0353491348286707
4.290055,-0.035978208294314
4.29066,-0.0361179736040483
4.291265,-0.0358970706131596
4.29187,-0.0358735072446474
4.292475,-0.0365602589278793
4.29308,-0.0378344527184511
4.293685,-0.0390286689723015
4.29429,-0.0395776957877085
4.294895,-0.0394378980662403
4.2955,-0.038995918805312
4.296105,-0.0387155615413682
4.29671,-0.0388268313531466
4.297315,-0.0392560067056752
4.29792,-0.0397317164835479
4.298525,-0.0398886018718349
4.29913,-0.0394440084767679
4.299735,-0.0385547521011178
4.30034,-0.0379774670485801
4.300945,-0.0385186815751775
4.30155,-0.040170436164717
4.302155,-0.0420084237926371
4.30276,-0.0430009026188786
4.303365,-0.042787613302383
4.30397,-0.0418350246488877
4.304575,-0.0410795181880356
4.30518,-0.0413074498188781
4.305785,-0.0426028000366141
4.30639,-0.044242397011498
4.306995,-0.0451618964930647
4.3076,-0.0447379402336465
4.308205,-0.0433578158696048
4.30881,-0.0422426223666251
4.309415,-0.0424546592303423
4.31002,-0.0439074849215707
4.310625,-0.0454886329456097
4.31123,-0.0461879871414416
4.311835,-0.045909410310704
4.31244,-0.0452457882623302
4.313045,-0.0447830394551595
4.31365,-0.0447260620961402
4.314255,-0.045000973588215
4.31486,-0.045419717166089
4.315465,-0.0456259308413303
4.31607,-0.0451349368920676
4.316675,-0.0438097041218866
4.31728,-0.0423391368148469
4.317885,-0.0418450302654649
4.31849,-0.0427241508196351
4.319095,-0.0441470358832305
4.3197,-0.0449493479400419
4.320305,-0.0447371560622226
4.32091,-0.0439625000801753
4.321515,-0.0432763546337789
4.32212,-0.0430456549150896
4.322725,-0.0432836443740566
4.32333,-0.0437456808385972
4.323935,-0.0440295032721031
4.32454,-0.0437440367267145
4.325145,-0.0427856527992128
4.32575,-0.0415693018594625
4.326355,-0.0408717658984961
4.32696,-0.0411609451067069
4.327565,-0.0420851015563498
4.32817,-0.0428321849454827
4.328775,-0.0428627871230648
4.32938,-0.0421512543992675
4.329985,-0.0410154916733282
4.33059,-0.039954522777742
4.331195,-0.0394431925428177
4.3318,-0.0395681898948926
4.332405,-0.0397984411546085
4.33301,-0.0392939297981426
4.333615,-0.0376412331518548
4.33422,-0.0353806345805628
4.334825,-0.0337363682081893
4.33543,-0.0335734839926885
4.336035,-0.0345534797302244
4.33664,-0.0355053724631199
4.337245,-0.0355465474336897
4.33785,-0.0346526236242972
4.338455,-0.0333757647172992
4.33906,-0.0323228281665429
4.339665,-0.0318305633482036
4.34027,-0.031864346187464
4.340875,-0.0320308484060984
4.34148,-0.0317435206708375
4.342085,-0.0306443978808392
4.34269,-0.0290565612108609
4.343295,-0.0279225187665874
4.3439,-0.0279855724894211
4.344505,-0.0289512821786852
4.34511,-0.0297318490142408
4.345715,-0.0295491505014046
4.34632,-0.0285163830079067
4.346925,-0.0272148013696716
4.34753,-0.026088164625258
4.348135,-0.0253217095741678
4.34874,-0.0249774472405307
4.349345,-0.024918867955104
4.34995,-0.0246600644499552
4.350555,-0.0236322685641273
4.35116,-0.0218081180217903
4.351765,-0.0199865136803752
4.35237,-0.0192030623080512
4.352975,-0.0196933340819384
4.35358,-0.0206012935577458
4.354185,-0.0208461864082588
4.35479,-0.0200867206737005
4.355395,-0.0187821344361556
4.356,-0.0175935417341603
4.356605,-0.0168838519697765
4.35721,-0.0166417020535531
4.357815,-0.0166361408486065
4.35842,-0.0165372123693108
4.359025,-0.0160210356672891
4.35963,-0.0149791848519966
4.360235,-0.0137175502071111
4.36084,-0.0128179709972388
4.361445,-0.012601786833584
4.36205,-0.0127677330833091
4.362655,-0.0126883112862043
4.36326,-0.0119617211632144
4.363865,-0.0106365944511739
4.36447,-0.00910674211118409
4.365075,-0.00785317742136616
4.36568,-0.00714916973920313
4.366285,-0.00690619731380141
4.36689,-0.00673225023887568
4.367495,-0.00614505633891951
4.3681,-0.00490277706108228
4.368705,-0.00330783738812157
4.36931,-0.00210847229365361
4.369915,-0.00184765060104327
4.37052,-0.00229198854770724
4.371125,-0.00266057784594359
4.37173,-0.00233830600030565
4.372335,-0.00128250137828629
4.37294,6.61319133572031e-05
4.373545,0.00115630371349192
4.37415,0.00171569879499443
4.374755,0.00185289135718042
4.37536,0.00187417151938669
4.375965,0.00208201334795053
4.37657,0.00261920067034094
4.377175,0.00333129675195209
4.37778,0.00384323197776321
4.378385,0.00393958902502431
4.37899,0.00382632808434934
4.379595,0.00388909484113429
4.3802,0.00431392724225228
4.380805,0.00506803662086544
4.38141,0.006058008344802
4.382015,0.00713704003317373
4.38262,0.00804902802123163
4.383225,0.00849544503337306
4.38383,0.00837278021957306
4.384435,0.00802001941424235
4.38504,0.00808172745960421
4.385645,0.00889308018298277
4.38625,0.0100431719457705
4.386855,0.0107805667743606
4.38746,0.0108252413475609
4.388065,0.0105395939327373
4.38867,0.0103887515919939
4.389275,0.0105587835002962
4.38988,0.0110476368206609
4.390485,0.0118013856506681
4.39109,0.0126827834077177
4.391695,0.0134462190137884
4.3923,0.0138630483104882
4.392905,0.0139181618754945
4.39351,0.0138377745870388
4.394115,0.0138513538296251
4.39472,0.0139365872817065
4.395325,0.0138692238185291
4.39593,0.0135410919425423
4.396535,0.0131634141825479
4.39714,0.0131279704365348
4.397745,0.0136866044439551
4.39835,0.0147110546227581
4.398955,0.0157347116578904
4.39956,0.0163198032400033
4.400165,0.0164243514429539
4.40077,0.0163782721110897
4.401375,0.0165383348653826
4.40198,0.0169968936516526
4.402585,0.0175499508985587
4.40319,0.017869550856252
4.403795,0.0177534176771017
4.4044,0.0173191860530583
4.405005,0.0169454164897556
4.40561,0.0169255720261106
4.406215,0.0172082813164607
4.40682,0.0175497066257511
4.407425,0.0178403375426883
4.40803,0.0181625047651505
4.408635,0.0185543065009852
4.40924,0.0188657651559399
4.409845,0.0189351240908013
4.41045,0.0188086340901558
4.411055,0.0186623968240201
4.41166,0.0185428743895598
4.412265,0.0182826937485608
4.41287,0.0177225550489577
4.413475,0.0170026783890391
4.41408,0.016539713604892
4.414685,0.0166470144690049
4.41529,0.0172242745525398
4.415895,0.0178677947189135
4.4165,0.0182471249015515
4.417105,0.0183237747012078
4.41771,0.018244687402826
4.418315,0.0181306362115054
4.41892,0.0179995700821886
4.419525,0.017833081026305
4.42013,0.0176390374492895
4.420735,0.017396826081122
4.42134,0.0170024878153076
4.421945,0.0163988579104949
4.42255,0.0157561872306494
4.423155,0.0154149582794946
4.42376,0.0155885627676652
4.424365,0.0160907548588553
4.42497,0.0163701467065307
4.425575,0.0159361328883607
4.42618,0.0148585213023267
4.426785,0.0137779422948455
4.42739,0.0132792373007519
4.427995,0.0132749330349076
4.4286,0.0131323114509875
4.429205,0.0123751983779021
4.42981,0.0111440060874711
4.430415,0.0100033257804846
4.43102,0.00940140360164066
4.431625,0.00933341286311491
4.43223,0.00948525357422065
4.432835,0.00960836127732642
4.43344,0.00967166389960287
4.434045,0.00970293794402613
4.43465,0.00962095370847012
4.435255,0.00930177695151996
4.43586,0.00877266228020237
4.436465,0.00822871346622024
4.43707,0.00780129383958128
4.437675,0.00738556835743579
4.43828,0.00679583912320613
4.438885,0.00605755024792895
4.43949,0.00542086782220045
4.440095,0.0050741193235575
4.4407,0.00495334777865098
4.441305,0.00486080152109614
4.44191,0.00468688922951653
4.442515,0.0044490283539257
4.44312,0.00413278256854644
4.443725,0.00361634539808697
4.44433,0.00283233578329846
4.444935,0.00190576921364808
4.44554,0.00102527429449092
4.446145,0.000216417701766453
4.44675,-0.000681136555048033
4.447355,-0.0017759151777831
4.44796,-0.00288654336271318
4.448565,-0.00362815548283979
4.44917,-0.00377656957228979
4.449775,-0.00349753515100015
4.45038,-0.00320573241299612
4.450985,-0.00324998769529284
4.45159,-0.00371417934800634
4.452195,-0.00441697181449609
4.4528,-0.00508234519127609
4.453405,-0.00559046582029012
4.45401,-0.0060686960428364
4.454615,-0.00670365701509737
4.45522,-0.00751959199677807
4.455825,-0.00836130198671212
4.45643,-0.00902954271591364
4.457035,-0.00943317812542397
4.45764,-0.00963959886053579
4.458245,-0.00976270642840134
4.45885,-0.00984710898614134
4.459455,-0.00993569084413554
4.46006,-0.0101901838439986
4.460665,-0.0108104593499299
4.46127,-0.0118040179921432
4.461875,-0.012897371805785
4.46248,-0.0137318054159483
4.463085,-0.0142021214746296
4.46369,-0.014614106915472
4.464295,-0.0153926902841424
4.4649,-0.0165701142680443
4.465505,-0.0177028447599978
4.46611,-0.0183606059762702
4.466715,-0.0185499526603139
4.46732,-0.0186115941429266
4.467925,-0.0188291321948553
4.46853,-0.0191945768861432
4.469135,-0.0195320865197113
4.46974,-0.0198121317749713
4.470345,-0.020251523726216
4.47095,-0.0210492928026589
4.471555,-0.0221077353335868
4.47216,-0.0231151219302558
4.472765,-0.0238667516592514
4.47337,-0.0244113955934238
4.473975,-0.0249069484095168
4.47458,-0.0254099873362496
4.475185,-0.0258127794175579
4.47579,-0.025996167938779
4.476395,-0.0260458082477572
4.477,-0.0262352851802624
4.477605,-0.026766985741381
4.47821,-0.0275827558033265
4.478815,-0.0284147618047857
4.47942,-0.0290017785163769
4.480025,-0.0293242801197493
4.48063,-0.029657896000788
4.481235,-0.0303193193978842
4.48184,-0.0313213476453634
4.482445,-0.0323550495727111
4.48305,-0.0331186321491817
4.483655,-0.0335408936754217
4.48426,-0.0337009758996946
4.484865,-0.0337042328591042
4.48547,-0.0336751525082026
4.486075,-0.0337898905697228
4.48668,-0.0342425353493649
4.487285,-0.035067544101417
4.48789,-0.0359624371808385
4.488495,-0.0364648405534795
4.4891,-0.0364693201985679
4.489705,-0.0364637756568772
4.49031,-0.03704472575432
4.490915,-0.0382327641859758
4.49152,-0.0394444825886386
4.492125,-0.0400928504449893
4.49273,-0.0400836623748735
4.493335,-0.039815210983812
4.49394,-0.0398073782143568
4.494545,-0.0402862457843338
4.49515,-0.0410786477554373
4.495755,-0.0418565652593592
4.49636,-0.042391221585693
4.496965,-0.0426161563444614
4.49757,-0.0426412554065725
4.498175,-0.042763971799082
4.49878,-0.0432722210187387
4.499385,-0.0441249160696743
4.49999,-0.0449699547876353
4.500595,-0.0454958389377992
4.5012,-0.045602325302476
4.501805,-0.0453204033821565
4.50241,-0.0448191097330335
4.503015,-0.0444658515245295
4.50362,-0.0446479300251806
4.504225,-0.0453778804285428
4.50483,-0.0461029122152554
4.505435,-0.0460990075181603
4.50604,-0.0452307552137281
4.506645,-0.0442708149538697
4.50725,-0.0442241174268365
4.507855,-0.0452546256318758
4.50846,-0.0465140330478757
4.509065,-0.0470942602366859
4.50967,-0.0468573273174013
4.510275,-0.0462840325643918
4.51088,-0.0458453784971619
4.511485,-0.0456886950152768
4.51209,-0.0457772738684678
4.512695,-0.0460844601493922
4.5133,-0.0465008216257858
4.513905,-0.046659824070476
4.51451,-0.0461678666437627
4.515115,-0.0451801126243941
4.51572,-0.0445203629829127
4.516325,-0.044897382188758
4.51693,-0.0460979188916361
4.517535,-0.047214705995023
4.51814,-0.0475131639682489
4.518745,-0.0468912001855836
4.51935,-0.0457787619626426
4.519955,-0.0448576603111191
4.52056,-0.0446829308817297
4.521165,-0.0452362635213561
4.52177,-0.0457788323970443
4.522375,-0.0453517481475519
4.52298,-0.0436475496433967
4.523585,-0.0414673719607291
4.52419,-0.0402106630321295
4.524795,-0.0406647515034594
4.5254,-0.0422352988996373
4.526005,-0.0435359465114355
4.52661,-0.0436712954037179
4.527215,-0.0427837543259225
4.52782,-0.0415882401837729
4.528425,-0.0407086859495988
4.52903,-0.0404014016925934
4.529635,-0.0405820430914208
4.53024,-0.0408844012696113
4.530845,-0.0407838092573152
4.53145,-0.0399442164700615
4.532055,-0.0386132632212909
4.53266,-0.0375975112986887
4.533265,-0.0375893389200541
4.53387,-0.0384366062927376
4.534475,-0.0392825887334177
4.53508,-0.0394154601718894
4.535685,-0.03875177846861
4.53629,-0.0376221588179321
4.536895,-0.0364333094368866
4.5375,-0.0355455237514182
4.538105,-0.035173040685927
4.53871,-0.0351629954772286
4.539315,-0.0349342945705133
4.53992,-0.0338888128342734
4.540525,-0.0320470190823735
4.54113,-0.0302331754755976
4.541735,-0.02941538669651
4.54234,-0.029743927571498
4.542945,-0.0304106610993884
4.54355,-0.0304988711744222
4.544155,-0.0297409695339882
4.54476,-0.0284961992361405
4.545365,-0.0273154760438865
4.54597,-0.0265867717161658
4.546575,-0.0263900706399615
4.54718,-0.0264887857336736
4.547785,-0.0264108346899247
4.54839,-0.0257153323598066
4.548995,-0.0244136092020528
4.5496,-0.0231538494639306
4.550205,-0.0227739129389319
4.55081,-0.0234912860792808
4.551415,-0.0246359432173651
4.55202,-0.025270210340062
4.552625,-0.0249340804162145
4.55323,-0.0238241701789579
4.553835,-0.0224952569385953
4.55444,-0.0214270962718721
4.555045,-0.0207525602258329
4.55565,-0.0202727540745975
4.556255,-0.019594688808621
4.55686,-0.0183074756886415
4.557465,-0.0163376916581981
4.55807,-0.0143238713522144
4.558675,-0.0133545382514329
4.55928,-0.013887955674179
4.559885,-0.0150246041731229
4.56049,-0.0152805318857658
4.561095,-0.0140459275869442
4.5617,-0.0120063047177766
4.562305,-0.0102672420567087
4.56291,-0.00936426345881047
4.563515,-0.00909575070239271
4.56412,-0.00900208389142521
4.564725,-0.00877340210853583
4.56533,-0.00830441905794446
4.565935,-0.00761475505556751
4.56654,-0.00682314234894145
4.567145,-0.00613602639730069
4.56775,-0.00571888725017783
4.568355,-0.00553475878256357
4.56896,-0.00538804627522524
4.569565,-0.00507850989406851
4.57017,-0.00445133992721294
4.570775,-0.00346868007647196
4.57138,-0.00234177823022568
4.571985,-0.00144596760051964
4.57259,-0.000988813859417497
4.573195,-0.000799238894410228
4.5738,-0.000482283514212157
4.574405,0.000230099916107645
4.57501,0.0012325395115519
4.575615,0.00208541862696175
4.57622,0.00241382288232243
4.576825,0.00234504728531362
4.57743,0.00237212691277489
4.578035,0.00276990541476757
4.57864,0.0034029373491254
4.579245,0.0040791901065507
4.57985,0.00478397242859416
4.580455,0.0055139747974923
4.58106,0.00610609556483052
4.581665,0.00637317825087286
4.58227,0.00635716082553606
4.582875,0.00635110930880879
4.58348,0.00661953935379058
4.584085,0.00708398002487119
4.58469,0.0073797811477612
4.585295,0.0073222526561191
4.5859,0.00719121621531767
4.586505,0.00742878054761001
4.58711,0.00817542134697932
4.587715,0.00917595670927866
4.58832,0.010036278206423
4.588925,0.0105450183181751
4.58953,0.0108205335123113
4.590135,0.0111794923846841
4.59074,0.0118355606523399
4.591345,0.0126903384519693
4.59195,0.013415945467991
4.592555,0.0137456605051827
4.59316,0.0137089655921446
4.593765,0.0136408577204239
4.59437,0.0139237483947398
4.594975,0.0146390217831428
4.59558,0.0155195471721028
4.596185,0.0162749091958656
4.59679,0.0168597556401725
4.597395,0.0173718852945192
4.598,0.0177814933808314
4.598605,0.0179064949226587
4.59921,0.0176979775582041
4.599815,0.0174095990813419
4.60042,0.0173397982156487
4.601025,0.0174540355298061
4.60163,0.0174194450327272
4.602235,0.0170564998152732
4.60284,0.0166064102042042
4.603445,0.016452223634263
4.60405,0.0167088360872239
4.604655,0.0171773999888213
4.60526,0.0175888619296486
4.605865,0.0178288686840988
4.60647,0.017980156403717
4.607075,0.0181795501044882
4.60768,0.0184459831677031
4.608285,0.0186545372403169
4.60889,0.0186645384607285
4.609495,0.0184592603320519
4.6101,0.0181558718434511
4.610705,0.0178945351101661
4.61131,0.0177368369044565
4.611915,0.0176745789367305
4.61252,0.0177287650399762
4.613125,0.0179776105631195
4.61373,0.0184199225436244
4.614335,0.0188614021927064
4.61494,0.0190136943149946
4.615545,0.0187150377790726
4.61615,0.0180886651148929
4.616755,0.0174969600706591
4.61736,0.0172286710550042
4.617965,0.0171633469516345
4.61857,0.016855961892856
4.619175,0.0160682878333097
4.61978,0.015130592950455
4.620385,0.014616195149743
4.62099,0.0147082872753215
4.621595,0.0150579540596228
4.6222,0.0152337204123949
4.622805,0.0151451115215486
4.62341,0.0149936722113257
4.624015,0.0149193084415202
4.62462,0.0148196106756249
4.625225,0.0145349060512761
4.62583,0.0140901119190311
4.626435,0.0136439375384469
4.62704,0.0132338477025929
4.627645,0.0127054971257761
4.62825,0.0119668984236248
4.628855,0.0112210377178837
4.62946,0.0108244317584884
4.630065,0.0109144835163467
4.63067,0.0112360193103274
4.631275,0.0113670259783239
4.63188,0.0110884909882922
4.632485,0.0104909084900883
4.63309,0.00979870018091354
4.633695,0.009202433130482
4.6343,0.00876214695357388
4.634905,0.00830423342259896
4.63551,0.00747814960488369
4.636115,0.0061118079316924
4.63672,0.00453688058628728
4.637325,0.00340964896853402
4.63793,0.0031357898209496
4.638535,0.00354721127892582
4.63914,0.00414891759765139
4.639745,0.00456307663547261
4.64035,0.00469521860596135
4.640955,0.00458741818350706
4.64156,0.00426763310549573
4.642165,0.00378446226199372
4.64277,0.00326852623941977
4.643375,0.00284856792467953
4.64398,0.00252785485077393
4.644585,0.00218363958607481
4.64519,0.00169418651566502
4.645795,0.00108844836417525
4.6464,0.000567562981062136
4.647005,0.000321997791788989
4.64761,0.000307212874855856
4.648215,0.000254757579415067
4.64882,-7.5604752235868e-05
4.649425,-0.000711215801782457
4.65003,-0.00151656498011897
4.650635,-0.00233113821661639
4.65124,-0.00306840232845482
4.651845,-0.00376805105179013
4.65245,-0.00456922480893297
4.653055,-0.00561122952479376
4.65366,-0.00691032532867624
4.654265,-0.00825247033645365
4.65487,-0.00924671684543832
4.655475,-0.00962623941519851
4.65608,-0.00952427256249524
4.656685,-0.00937463976966919
4.65729,-0.00952610153456919
4.657895,-0.0100034507802183
4.6585,-0.0106127951881368
4.659105,-0.0111638880516593
4.65971,-0.0115799460092814
4.660315,-0.0118991536561166
4.66092,-0.0122260436819602
4.661525,-0.0126777567603299
4.66213,-0.0133373036256698
4.662735,-0.0141727672359706
4.66334,-0.0150028920623477
4.663945,-0.0156272730073751
4.66455,-0.0159865981774696
4.665155,-0.0161681681725382
4.66576,-0.0163270960289107
4.666365,-0.0166441712863272
4.66697,-0.0172698618417558
4.667575,-0.018203348730081
4.66818,-0.0192358267326699
4.668785,-0.0200982528944969
4.66939,-0.0207095148343629
4.669995,-0.021270092202458
4.6706,-0.0220724593457661
4.671205,-0.0231731958215281
4.67181,-0.0242924849212675
4.672415,-0.0250969333072176
4.67302,-0.0254951091298874
4.673625,-0.025596911427968
4.67423,-0.0255427218230028
4.674835,-0.025502142720423
4.67544,-0.0257256385254776
4.676045,-0.0264018400122059
4.67665,-0.0274081949324592
4.677255,-0.0283099783178644
4.67786,-0.0287356343365861
4.678465,-0.0287858989946256
4.67907,-0.0289981409516758
4.679675,-0.0298052803150271
4.68028,-0.0310506188334462
4.680885,-0.0321377914829959
4.68149,-0.0326267444292921
4.682095,-0.0326100593044059
4.6827,-0.0325733625999682
4.683305,-0.0329410212266311
4.68391,-0.0337230419680509
4.684515,-0.0346024449466322
4.68512,-0.035324249462109
4.685725,-0.0358856136713272
4.68633,-0.0363790608162362
4.686935,-0.0368505094386221
4.68754,-0.0373576559353258
4.688145,-0.0379659473601108
4.68875,-0.0386171173632783
4.689355,-0.039163954340693
4.68996,-0.0395162144726551
4.690565,-0.0396014386587264
4.69117,-0.0393296251990511
4.691775,-0.038814120828961
4.69238,-0.0385003189860963
4.692985,-0.0388413567307618
4.69359,-0.0398015862213921
4.694195,-0.0407450623802872
4.6948,-0.0409349804825253
4.695405,-0.0403014117111906
4.69601,-0.0396797716484781
4.696615,-0.0400160621569231
4.69722,-0.0412978742993865
4.697825,-0.0425948257074056
4.69843,-0.0431673590168393
4.699035,-0.0431387646662429
4.69964,-0.0430699876299902
4.700245,-0.0432947347372863
4.70085,-0.043786626037525
4.701455,-0.0444226171134403
4.70206,-0.0451529437382462
4.702665,-0.0458545215925197
4.70327,-0.0461714855899454
4.703875,-0.0458155389281102
4.70448,-0.0451283860338874
4.705085,-0.0450093214222617
4.70569,-0.0459804221023317
4.706295,-0.0475312317466574
4.7069,-0.048626955023835
4.707505,-0.0486706242247303
4.70811,-0.0478721367106165
4.708715,-0.046942019451635
4.70932,-0.0465244725596251
4.709925,-0.0467572101791996
4.71053,-0.0472627543599156
4.711135,-0.0474958018493122
4.71174,-0.047058236547845
4.712345,-0.0458846736685731
4.71295,-0.0444525135473797
4.713555,-0.0437078901416032
4.71416,-0.0443115141791582
4.714765,-0.0459007633789451
4.71537,-0.0473981345783972
4.715975,-0.047965067306132
4.71658,-0.0474791608953301
4.717185,-0.0464031185922114
4.71779,-0.0455040946714908
4.718395,-0.0454686957128984
4.719,-0.0463781646033408
4.719605,-0.0474711975636067
4.72021,-0.0476593283217743
4.720815,-0.0465179568381291
4.72142,-0.0448202316032901
4.722025,-0.0439527664986049
4.72263,-0.0446023771790176
4.723235,-0.0460572012143242
4.72384,-0.0469850276106247
4.724445,-0.0467404023128647
4.72505,-0.0456751226106772
4.725655,-0.0444565389803602
4.72626,-0.0434972959537098
4.726865,-0.0429573573962665
4.72747,-0.0428791627754807
4.728075,-0.0430697411918777
4.72868,-0.0429669314164004
4.729285,-0.0419445155798477
4.72989,-0.0400035316964677
4.730495,-0.0381073198086919
4.7311,-0.0374502773221443
4.731705,-0.0382110474035824
4.73231,-0.0393324617930439
4.732915,-0.0396444216429243
4.73352,-0.0388790790884264
4.734125,-0.0375816498781361
4.73473,-0.0364464617502523
4.735335,-0.0358762526290803
4.73594,-0.035878525291713
4.736545,-0.0360844629415404
4.73715,-0.0359132211285589
4.737755,-0.0349768643935592
4.73836,-0.0334752913495664
4.738965,-0.0321814902971323
4.73957,-0.0318743099383857
4.740175,-0.0325989076945935
4.74078,-0.0335581499747751
4.741385,-0.0338403786744653
4.74199,-0.0331349142012067
4.742595,-0.031772761414066
4.7432,-0.0303419506251354
4.743805,-0.0293199474677249
4.74441,-0.028863085046126
4.745015,-0.0287345760767792
4.74562,-0.0283998407521477
4.746225,-0.0273531008188267
4.74683,-0.0255633721425611
4.747435,-0.0236987074713768
4.74804,-0.0227333040965283
4.748645,-0.0230371538277665
4.74925,-0.0239194053381618
4.749855,-0.0242975111464481
4.75046,-0.0236841724919201
4.751065,-0.0223986591807194
4.75167,-0.0210775646579928
4.752275,-0.0201796554759253
4.75288,-0.0198294733716926
4.753485,-0.0198792019505645
4.75409,-0.0199716193131501
4.754695,-0.01965351828168
4.7553,-0.0186860411562011
4.755905,-0.0173785316932367
4.75651,-0.0164839997078209
4.757115,-0.0164953311071094
4.75772,-0.0170588192753842
4.758325,-0.0173307577236859
4.75893,-0.0168286337320891
4.759535,-0.0157115282303389
4.76014,-0.0144144590767844
4.760745,-0.0132878367071602
4.76135,-0.0125228904155784
4.761955,-0.0121567319236221
4.76256,-0.0119877545607046
4.763165,-0.0115827794171269
4.76377,-0.0105801073733363
4.764375,-0.0090894824165685
4.76498,-0.00772696069761798
4.765585,-0.00709042901270937
4.76619,-0.00717404268457842
4.766795,-0.00740501551471427
4.7674,-0.00717771394869326
4.768005,-0.00626034221947892
4.76861,-0.00488567188230754
4.769215,-0.00359749388808347
4.76982,-0.00286510492284466
4.770425,-0.0027199719337814
4.77103,-0.00276237709334864
4.771635,-0.00251304018681696
4.77224,-0.00179085388501874
4.772845,-0.000853697348526059
4.77345,-0.000216116633609637
4.774055,-0.000198293802840493
4.77466,-0.000545161444524248
4.775265,-0.000630427931400446
4.77587,-0.000108128145980044
4.776475,0.000824764876774361
4.77708,0.00181156226521563
4.777685,0.00272674998237748
4.77829,0.00361149253382519
4.778895,0.00440059232310714
4.7795,0.00491599527711991
4.780105,0.00514672703397212
4.78071,0.00536770217914182
4.781315,0.00586312719383232
4.78192,0.00657877273350648
4.782525,0.00718309095001968
4.78313,0.0075045331278676
4.783735,0.00774193126625729
4.78434,0.00817448999052526
4.784945,0.00885029308407113
4.78555,0.00965222772918027
4.786155,0.0105083391027608
4.78676,0.0113802652018838
4.787365,0.0120976456273922
4.78797,0.0124085613605627
4.788575,0.0122933566169724
4.78918,0.0121033382337423
4.789785,0.0122451818119238
4.79039,0.0127323503476571
4.790995,0.0131456491280645
4.7916,0.0131106250940168
4.792205,0.0127576913430949
4.79281,0.0126071247876428
4.793415,0.0130405240046453
4.79402,0.0139740075314048
4.794625,0.0149984961873061
4.79523,0.0157367495599143
4.795835,0.0160726053986067
4.79644,0.0161427697067813
4.797045,0.0161775158537204
4.79765,0.0163239028573549
4.798255,0.0165735677529733
4.79886,0.0168119800242443
4.799465,0.0169139875433858
4.80007,0.0168362817814679
4.800675,0.0166416581888991
4.80128,0.0164279724303043
4.801885,0.0162907554985929
4.80249,0.0163594081896552
4.803095,0.0167307390483267
4.8037,0.0173055322401399
4.804305,0.0178145476287015
4.80491,0.0180749303861931
4.805515,0.0181396899625964
4.80612,0.0181687849190905
4.806725,0.0182255913139576
4.80733,0.018209261717214
4.807935,0.017950342813555
4.80854,0.0174150299370578
4.809145,0.0168511269262065
4.80975,0.0166481385732101
4.810355,0.016986380715151
4.81096,0.0176567390092265
4.811565,0.018241867109751
4.81217,0.0184830704624727
4.812775,0.018489295934225
4.81338,0.0185551754683005
4.813985,0.0187955273238657
4.81459,0.0190543558374979
4.815195,0.0191553903984009
4.8158,0.0191041547873743
4.816405,0.0189915050322934
4.81701,0.018824359678157
4.817615,0.0185633320086379
4.81822,0.0182576419099286
4.818825,0.0180532349841276
4.81943,0.0180731295814224
4.820035,0.0182844266760346
4.82064,0.0184640990782655
4.821245,0.0183240951570374
4.82185,0.0177277677596501
4.822455,0.0168272916108209
4.82306,0.015968357739888
4.823665,0.0153842151334995
4.82427,0.014953190389859
4.824875,0.0143187851482629
4.82548,0.0132877671812059
4.826085,0.0120569683999439
4.82669,0.011032438601582
4.827295,0.0104946655757016
4.8279,0.0104465280078213
4.828505,0.0106864455578968
4.82911,0.0109617186475204
4.829715,0.0110899871606446
4.83032,0.0109869431767321
4.830925,0.0106271355188819
4.83153,0.010063814619359
4.832135,0.00947892872087381
4.83274,0.00907548341581357
4.833345,0.00885250740761132
4.83395,0.00856225147353477
4.834555,0.00798290592304786
4.83516,0.00721469839499339
4.835765,0.00662108141397479
4.83637,0.00648346266625373
4.836975,0.00675331134764257
4.83758,0.00709672391054888
4.838185,0.00714894929243682
4.83879,0.00676399309813165
4.839395,0.00606471198160299
4.84,0.00529146287236136
4.840605,0.00460638627683509
4.84121,0.00398593664804252
4.841815,0.00323791608020632
4.84242,0.00215022548872248
4.843025,0.000742017447729894
4.84363,-0.000602673377459726
4.844235,-0.00137434642854637
4.84484,-0.0013875950313047
4.845445,-0.000955126596983146
4.84605,-0.000596353270742682
4.846655,-0.00059448033672374
4.84726,-0.000842061330172343
4.847865,-0.00107988788724143
4.84847,-0.00121296119775441
4.849075,-0.00137883280028015
4.84968,-0.001784802905933
4.850285,-0.00252294728572408
4.85089,-0.0034973252445388
4.851495,-0.00446778403532934
4.8521,-0.00517999961865557
4.852705,-0.00554456361147009
4.85331,-0.00569013728268989
4.853915,-0.00575745811937928
4.85452,-0.00572115647851685
4.855125,-0.00556758715387406
4.85573,-0.00555229159254292
4.856335,-0.00604777780162884
4.85694,-0.00710709761913075
4.857545,-0.00834458844324011
4.85815,-0.00933231768742832
4.858755,-0.010034944814182
4.85936,-0.0107890793669642
4.859965,-0.0118712373552627
4.86057,-0.0131343040420881
4.861175,-0.0141454119573515
4.86178,-0.0146637537793226
4.862385,-0.0148403905533185
4.86299,-0.0149543880111561
4.863595,-0.0151352134796585
4.8642,-0.0153923523721862
4.864805,-0.0157752205909252
4.86541,-0.0163738005523072
4.866015,-0.0171537810920177
4.86662,-0.0178813598052151
4.867225,-0.0183232640085696
4.86783,-0.0185687248050542
4.868435,-0.0190494056785451
4.86904,-0.0200746051117921
4.869645,-0.0213925499992934
4.87025,-0.0223968236847392
4.870855,-0.0227410704598561
4.87146,-0.0226239835099941
4.872065,-0.0225398011565098
4.87267,-0.0228584867529434
4.873275,-0.0235959074815726
4.87388,-0.0244945654333519
4.874485,-0.0252956737522726
4.87509,-0.0259406055783157
4.875695,-0.0265388267731422
4.8763,-0.0272044211559342
4.876905,-0.0279579415713205
4.87751,-0.0287281435917592
4.878115,-0.0294217459253554
4.87872,-0.0300452670038239
4.879325,-0.030700655902814
4.87993,-0.031359079320489
4.880535,-0.0317621481907026
4.88114,-0.0317372043171003
4.881745,-0.0315535804522735
4.88235,-0.0317556179671992
4.882955,-0.0325686758623519
4.88356,-0.0335926212892192
4.884165,-0.0341909218587367
4.88477,-0.0341546046145433
4.885375,-0.0339191067501124
4.88598,-0.0340870967720317
4.886585,-0.0347878185208227
4.88719,-0.0356494969738985
4.887795,-0.0363288587301132
4.8884,-0.0367866700886903
4.889005,-0.0370810134564053
4.88961,-0.0372331101397278
4.890215,-0.037378974341992
4.89082,-0.0377976938847018
4.891425,-0.0386034401910724
4.89203,-0.0394877628711941
4.892635,-0.0399326353003449
4.89324,-0.0397574520412775
4.893845,-0.0394346801641015
4.89445,-0.0397231078228133
4.895055,-0.040885231307204
4.89566,-0.0424089573681869
4.896265,-0.0435744229986389
4.89687,-0.0440806574883527
4.897475,-0.0440857039145875
4.89808,-0.0439249400434719
4.898685,-0.0439099919526694
4.89929,-0.0442234490688055
4.899895,-0.0448276547390996
4.9005,-0.0454305873859069
4.901105,-0.045613428141855
4.90171,-0.0451686937151686
4.902315,-0.044459905818296
4.90292,-0.0442957428196416
4.903525,-0.0451544885055686
4.90413,-0.0466108583756799
4.904735,-0.0477723101944737
4.90534,-0.0481467045365382
4.905945,-0.047907065979753
4.90655,-0.0475183583846807
4.907155,-0.0473486148697072
4.90776,-0.0475712073627083
4.908365,-0.048172975090519
4.90897,-0.0488720961553494
4.909575,-0.0491258484321927
4.91018,-0.0485125081319575
4.910785,-0.0472982540852119
4.91139,-0.0464479244270798
4.911995,-0.0467376208282129
4.9126,-0.0479237290905585
4.913205,-0.0490387304649379
4.91381,-0.0493351586540137
4.914415,-0.0487448676842755
4.91502,-0.0476970826984824
4.915625,-0.0467823775936085
4.91623,-0.0464571772720611
4.916835,-0.0467414358953254
4.91744,-0.0470759691961627
4.918045,-0.0466329117837281
4.91865,-0.0450108296989588
4.919255,-0.0427991232303415
4.91986,-0.041347761849425
4.920465,-0.0416040744234632
4.92107,-0.0431260529925451
4.921675,-0.0445277043472134
4.92228,-0.0448149804390134
4.922885,-0.0440382672143842
4.92349,-0.0428635626818012
4.924095,-0.0419014852751009
4.9247,-0.0414529231177038
4.925305,-0.0415404815543628
4.92591,-0.0418742390332088
4.926515,-0.0418461625564103
4.92712,-0.0408755076785249
4.927725,-0.0390453882816873
4.92833,-0.0373896343121105
4.928935,-0.0371698892966436
4.92954,-0.0386222451149457
4.930145,-0.0406223653591253
4.93075,-0.0417017488641854
4.931355,-0.0412233746827242
4.93196,-0.0396242904393688
4.932565,-0.0378568696196654
4.93317,-0.0367346053059577
4.933775,-0.0365469795618733
4.93438,-0.0369354364278983
4.934985,-0.0370737332823889
4.93559,-0.0361982569090573
4.936195,-0.0342693771534177
4.9368,-0.0322637382485677
4.937405,-0.031540486427854
4.93801,-0.032530977752068
4.938615,-0.034169861476598
4.93922,-0.0349056424962436
4.939825,-0.0341414358745775
4.94043,-0.0325287997005253
4.941035,-0.0311135599738048
4.94164,-0.0304751273186417
4.942245,-0.0305302226780036
4.94285,-0.0307857302523082
4.943455,-0.0306904270978262
4.94406,-0.0299512409063576
4.944665,-0.0287117440399489
4.94527,-0.0275187587115206
4.945875,-0.0269977519479179
4.94648,-0.027313248914484
4.947085,-0.0279610527282843
4.94769,-0.0282422885964462
4.948295,-0.0278417748364233
4.9489,-0.0268691985903909
4.949505,-0.0255931970153441
4.95011,-0.0243409913811736
4.950715,-0.0234681546069693
4.95132,-0.0231190545428887
4.951925,-0.0229762698937153
4.95253,-0.0224160509233702
4.953135,-0.0210615118126225
4.95374,-0.0192472186615699
4.954345,-0.0178537695453668
4.95495,-0.0174989837236246
4.955555,-0.0178945395696112
4.95616,-0.0181587930670751
4.956765,-0.0177002841113658
4.95737,-0.0166084970550713
4.957975,-0.015302669148566
4.95858,-0.0141121027894345
4.959185,-0.0132340185554724
4.95979,-0.0127996230949225
4.960395,-0.0127237296305943
4.961,-0.0125878773284333
4.961605,-0.0119562882615586
4.96221,-0.0108857862737842
4.962815,-0.00996035420860642
4.96342,-0.00967457057708015
4.964025,-0.00983699883448768
4.96463,-0.00974997303005627
4.965235,-0.00897410502735464
4.96584,-0.00777661454026922
4.966445,-0.00682862120476309
4.96705,-0.00652343303645289
4.967655,-0.00659259082390448
4.96826,-0.00641053037985843
4.968865,-0.0056285982406201
4.96947,-0.00441581435692841
4.970075,-0.00317068267939825
4.97068,-0.00218743745582364
4.971285,-0.0015876273546169
4.97189,-0.00134179847190722
4.972495,-0.00122756583458986
4.9731,-0.000922799556953487
4.973705,-0.000269263328728931
4.97431,0.000629687072301409
4.974915,0.00156238293153163
4.97552,0.00236375169744023
4.976125,0.00295946610989291
4.97673,0.00333957378800439
4.977335,0.00353254694674565
4.97794,0.00363180127832853
4.978545,0.0037847742466703
4.97915,0.00405882299391681
4.979755,0.00432898201193951
4.98036,0.00441466889446801
4.980965,0.0043764533833033
4.98157,0.00454415817751345
4.982175,0.00517464446709987
4.98278,0.00620123050841752
4.983385,0.00733513321787988
4.98399,0.0082923242413725
4.984595,0.00894141655562297
4.9852,0.00932852123752532
4.985805,0.00959652528510533
4.98641,0.00991159946737698
4.987015,0.010444704581904
4.98762,0.0112887335172043
4.988225,0.0122886701464183
4.98883,0.0130483798958989
4.989435,0.0132864857655714
4.99004,0.0131706009172293
4.990645,0.0131788626555039
4.99125,0.0136622891250988
4.991855,0.0145673224771852
4.99246,0.0155068915075355
4.993065,0.0161185561416597
4.99367,0.0163722483073746
4.994275,0.0164670863573911
4.99488,0.0165240010615905
4.995485,0.0165347029982625
4.99609,0.0165141290841737
4.996695,0.0164935795751001
4.9973,0.0163866306577886
4.997905,0.0160768414343428
4.99851,0.0156709750122744
4.999115,0.0154942003032586
4.99972,0.015806313522485
5.000325,0.016570578122462
5.00093,0.0174379190678075
5.001535,0.0179814563917296
5.00214,0.0180341930468623
5.002745,0.0177582866862456
5.00335,0.0173913793813682
5.003955,0.0170549429842152
5.00456,0.0168190166340679
5.005165,0.0167752071083897
5.00577,0.0169285172723353
5.006375,0.0171226380847176
5.00698,0.0171818027196061
5.007585,0.0170795724705559
5.00819,0.0169651061297896
5.008795,0.0170892434991709
5.0094,0.0176377450080958
5.010005,0.0185154695863353
5.01061,0.01928175820194
5.011215,0.0193744921639561
5.01182,0.0185439939215156
5.012425,0.0171880986559692
5.01303,0.0161662586596041
5.013635,0.0160563628289555
5.01424,0.0165616349019676
5.014845,0.0168454472309584
5.01545,0.0164972116629478
5.016055,0.0159433781592849
5.01666,0.0158419112024846
5.017265,0.0163259985068202
5.01787,0.0169641856561889
5.018475,0.017270615311871
5.01908,0.0170906657326238
5.019685,0.0165666665371141
5.02029,0.0159227520051629
5.020895,0.0153599740041859
5.0215,0.0150432908065688
5.022105,0.0150262837117665
5.02271,0.0151335327862437
5.023315,0.015028438174347
5.02392,0.0145426898724204
5.024525,0.013891348279268
5.02513,0.0134414978097118
5.025735,0.0133300137732483
5.02634,0.0133991805153984
5.026945,0.0134212649205866
5.02755,0.0132760152806512
5.028155,0.0129458427458896
5.02876,0.0124542397308396
5.029365,0.0118579320258022
5.02997,0.0112420980524176
5.030575,0.0106449735622469
5.03118,0.00998137360328784
5.031785,0.00911774266805204
5.03239,0.00808646712333975
5.032995,0.00717921709906616
5.0336,0.00674173188514251
5.034205,0.00686635497484232
5.03481,0.00730337778622294
5.035415,0.00765488441576188
5.03602,0.00765389879313055
5.036625,0.0072882152887002
5.03723,0.00670683147659436
5.037835,0.00607904957436802
5.03844,0.0055404947664683
5.039045,0.00514997740371643
5.03965,0.00481452358340637
5.040255,0.00433159553866797
5.04086,0.00361310864338875
5.041465,0.00284784781060549
5.04207,0.00235773178117922
5.042675,0.00229802925951076
5.04328,0.00252692389251519
5.043885,0.0027107468787638
5.04449,0.00253445120154798
5.045095,0.00189778081223248
5.0457,0.000975976358801958
5.046305,8.02687773733017e-05
5.04691,-0.000576159328371741
5.047515,-0.00101186122224795
5.04812,-0.00143322131229569
5.048725,-0.00210730343998334
5.04933,-0.00321681470076956
5.049935,-0.00467407315546193
5.05054,-0.00602156601791013
5.051145,-0.00665923869661041
5.05175,-0.00634152794512075
5.052355,-0.00548991019499364
5.05296,-0.00492634776920989
5.053565,-0.00521004568899184
5.05417,-0.00621945783561431
5.054775,-0.00734042864939409
5.05538,-0.0079891008768893
5.055985,-0.00801373347703912
5.05659,-0.00775485043799056
5.057195,-0.0077643166435866
5.0578,-0.00835379613207588
5.058405,-0.00932167244044318
5.05901,-0.0101487169416779
5.059615,-0.0104910392211224
5.06022,-0.0104457918844002
5.060825,-0.0103692471391961
5.06143,-0.010540307557329
5.062035,-0.0110170022928008
5.06264,-0.0117324434346597
5.063245,-0.0126108341853377
5.06385,-0.0135353778331727
5.064455,-0.01431433558971
5.06506,-0.0148349531827075
5.065665,-0.0152564788870067
5.06627,-0.0159389053670413
5.066875,-0.0170866735974342
5.06748,-0.0184775660421534
5.068085,-0.0196336394484532
5.06869,-0.0202705312338411
5.069295,-0.0205139317461662
5.0699,-0.0206955361136961
5.070505,-0.021051198314598
5.07111,-0.0216626629406485
5.071715,-0.0225491066900407
5.07232,-0.023629339762204
5.072925,-0.0246357677003883
5.07353,-0.025270587542483
5.074135,-0.025537651829171
5.07474,-0.0258323627009164
5.075345,-0.026574329492441
5.07595,-0.0277520623864887
5.076555,-0.0289253962257319
5.07716,-0.0296445063857672
5.077765,-0.0297960071532159
5.07837,-0.0296457092862476
5.078975,-0.0296445006361636
5.07958,-0.0301223103212226
5.080185,-0.0310789447106532
5.08079,-0.0322123365585865
5.081395,-0.033101865758925
5.082,-0.0334427896318552
5.082605,-0.0333070534254707
5.08321,-0.0332350143691908
5.083815,-0.0338353559397569
5.08442,-0.0351232993090741
5.085025,-0.0364394630460443
5.08563,-0.0371509506926866
5.086235,-0.037225234725946
5.08684,-0.0370361780101647
5.087445,-0.0368761290259572
5.08805,-0.036839178942481
5.088655,-0.0370067002165104
5.08926,-0.0374541257434232
5.089865,-0.0380173274536046
5.09047,-0.0382684208492002
5.091075,-0.0379443933599468
5.09168,-0.0374012931839571
5.092285,-0.0374150338485386
5.09289,-0.0383606972090029
5.093495,-0.0397536240380944
5.0941,-0.0407728488180753
5.094705,-0.0410595569051102
5.09531,-0.0408832571324802
5.095915,-0.0407509886102976
5.09652,-0.0410042725878843
5.097125,-0.0416612714617677
5.09773,-0.0424823999311078
5.098335,-0.0431372831653095
5.09894,-0.0433658115906885
5.099545,-0.0431414090751954
5.10015,-0.0428224371496727
5.100755,-0.0430211602496405
5.10136,-0.0440498786440866
5.101965,-0.045533429574421
5.10257,-0.04677166556658
5.103175,-0.0473555823483267
5.10378,-0.0472993119088078
5.104385,-0.0468523269740084
5.10499,-0.0463914879769986
5.105595,-0.0463016587036905
5.1062,-0.046715585494706
5.106805,-0.0472995299396157
5.10741,-0.0473702860022826
5.108015,-0.0464363734033222
5.10862,-0.0448297242824536
5.109225,-0.0436989288254461
5.10983,-0.0440300628390589
5.110435,-0.0456311073492132
5.11104,-0.0473254435001704
5.111645,-0.0480615996432091
5.11225,-0.0476443844588104
5.112855,-0.0466390099434087
5.11346,-0.0458420322245082
5.114065,-0.0457242161025476
5.11467,-0.0461772035368019
5.115275,-0.0466866215933214
5.11588,-0.0467056310792506
5.116485,-0.0459994244824448
5.11709,-0.0448928742570553
5.117695,-0.0442001855604485
5.1183,-0.0445659709265614
5.118905,-0.0457340426023731
5.11951,-0.0467572855583241
5.120115,-0.0469437463246186
5.12072,-0.0462955158060004
5.121325,-0.0451979547119321
5.12193,-0.0441005576408616
5.122535,-0.0434153628768505
5.12314,-0.0433629163128322
5.123745,-0.0437457218844709
5.12435,-0.0438972240603309
5.124955,-0.0430486442772079
5.12556,-0.0410760353416192
5.126165,-0.0389869454001844
5.12677,-0.0382573432388177
5.127375,-0.0393362735928125
5.12798,-0.0410966127510788
5.128585,-0.0419965172989167
5.12919,-0.0414522722903814
5.129795,-0.0399940125401218
5.1304,-0.0385276290468222
5.131005,-0.0376660325718148
5.13161,-0.0375320276226698
5.132215,-0.0378475879144401
5.13282,-0.0380514798584994
5.133425,-0.037518208223042
5.13403,-0.036023803480188
5.134635,-0.0341523288815973
5.13524,-0.0330026908555957
5.135845,-0.0332007123816404
5.13645,-0.0342968636708825
5.137055,-0.0352479999196473
5.13766,-0.035261832670477
5.138265,-0.0342034973869107
5.13887,-0.0325970263297451
5.139475,-0.0313095300783749
5.14008,-0.0309376371653348
5.140685,-0.0313101803022814
5.14129,-0.0315650356004027
5.141895,-0.0307970002683828
5.1425,-0.0288473365215932
5.143105,-0.0266304660164276
5.14371,-0.0255135099375343
5.144315,-0.0260446983265818
5.14492,-0.0273791389399762
5.145525,-0.0281970954255276
5.14613,-0.0279408414093155
5.146735,-0.0269499583387392
5.14734,-0.0257947689286108
5.147945,-0.0248299944262735
5.14855,-0.0242191194139967
5.149155,-0.024033995851973
5.14976,-0.0241237146704802
5.150365,-0.0239928038564949
5.15097,-0.0231478649300881
5.151575,-0.0217403150319941
5.15218,-0.0206526216986948
5.152785,-0.0206378009415145
5.15339,-0.0214432039535494
5.153995,-0.022052491153014
5.1546,-0.0216967855531137
5.155205,-0.0204468006779824
5.15581,-0.0189937840666586
5.156415,-0.0180045194055273
5.15702,-0.0176084120813794
5.157625,-0.0174449434265767
5.15823,-0.0170903414804118
5.158835,-0.0163108577288235
5.15944,-0.0150619956140048
5.160045,-0.0135361169399318
5.16065,-0.0121964842831854
5.161255,-0.0114559225000915
5.16186,-0.0112437651881084
5.162465,-0.0111130266033177
5.16307,-0.0107176734925369
5.163675,-0.00995351241673745
5.16428,-0.00884461568364068
5.164885,-0.00760435378109562
5.16549,-0.00664666489579189
5.166095,-0.00624877621577418
5.1667,-0.00619824712135053
5.167305,-0.00592611298955599
5.16791,-0.0050740127625946
5.168515,-0.00390391840801776
5.16912,-0.00309116985474795
5.169725,-0.00303638423962459
5.17033,-0.00336889735887127
5.170935,-0.0032792127219117
5.17154,-0.00235437369878252
5.172145,-0.000887569010625694
5.17275,0.000560029278783992
5.173355,0.00162914451987588
5.17396,0.00225820382023719
5.174565,0.00258451278565804
5.17517,0.00283703618255821
5.175775,0.00321301998571339
5.17638,0.00373397475675659
5.176985,0.0042236075320103
5.17759,0.00449089878064174
5.178195,0.00456726468308022
5.1788,0.00476889767882338
5.179405,0.00545252948545921
5.18001,0.00664693599103749
5.180615,0.00799630987505839
5.18122,0.00909199195917076
5.181825,0.00978961913555698
5.18243,0.0102141428947739
5.183035,0.0105192211069961
5.18364,0.0106935444364641
5.184245,0.0106437357044469
5.18485,0.0104180661384934
5.185455,0.0102455310148314
5.18606,0.0103153874276629
5.186665,0.0105764023133704
5.18727,0.0108449304855105
5.187875,0.0110707626977548
5.18848,0.0113744368007461
5.189085,0.0118614081104933
5.18969,0.0125104243640068
5.190295,0.0132160034024977
5.1909,0.0138569845035301
5.191505,0.014315571779493
5.19211,0.0145034431418065
5.192715,0.0144533085852278
5.19332,0.014371756909137
5.193925,0.0145138520430844
5.19453,0.0149451459119988
5.195135,0.0154419621432372
5.19574,0.0157062983055567
5.196345,0.0157010426873454
5.19695,0.015689927384032
5.197555,0.0159418028989647
5.19816,0.0164873690789368
5.198765,0.0171441788674487
5.19937,0.0176674213342727
5.199975,0.0178753260967702
5.20058,0.0177416264550737
5.201185,0.0174355279498826
5.20179,0.0172178653930355
5.202395,0.0172180633337679
5.203,0.0173070936035803
5.203605,0.0172182687016777
5.20421,0.0168192813046112
5.204815,0.0162793840195349
5.20542,0.0159378158364943
5.206025,0.0160002608619557
5.20663,0.0164086445929832
5.207235,0.0169721957582736
5.20784,0.0175277578851449
5.208445,0.017968096531356
5.20905,0.018193590538684
5.209655,0.0181190058490273
5.21026,0.0177806342783625
5.210865,0.0174043932131678
5.21147,0.0172501508760911
5.212075,0.0173238363252214
5.21268,0.017339255116461
5.213285,0.0170611371851202
5.21389,0.0165938609156614
5.214495,0.01624919131849
5.2151,0.0162409446038213
5.215705,0.0165586264314714
5.21631,0.0170138857498096
5.216915,0.0173505197098924
5.21752,0.0173596280729496
5.218125,0.0169614497716668
5.21873,0.016280549429667
5.219335,0.0156504237048116
5.21994,0.0153783530894087
5.220545,0.015404442422146
5.22115,0.015310936365825
5.221755,0.014781277396629
5.22236,0.0139722850661474
5.222965,0.0133625717224894
5.22357,0.0133167802330423
5.224175,0.0138148087562124
5.22478,0.0144849037128156
5.225385,0.0148569229982292
5.22599,0.0146569882631293
5.226595,0.0139538221698431
5.2272,0.013097225408887
5.227805,0.0124819574862265
5.22841,0.0122479813801538
5.229015,0.0121663675197844
5.22962,0.0118803248586025
5.230225,0.0112854938242683
5.23083,0.0106120657406564
5.231435,0.010127798890913
5.23204,0.00987774567380069
5.232645,0.00975302737589099
5.23325,0.00968275687817617
5.233855,0.00964878331228956
5.23446,0.00954666689807461
5.235065,0.00916225386613053
5.23567,0.00838063434762025
5.236275,0.00737012431920098
5.23688,0.00646969278838008
5.237485,0.0058817446324149
5.23809,0.00547082900283523
5.238695,0.00487560133939342
5.2393,0.0038968781373123
5.239905,0.00278867006038658
5.24051,0.00207603653318372
5.241115,0.00204377255440238
5.24172,0.00243728348735704
5.242325,0.00268471029466034
5.24293,0.00240506173676835
5.243535,0.00170491894611762
5.24414,0.0010064581424354
5.244745,0.00061542838988697
5.24535,0.000477020899729839
5.245955,0.000313374348119383
5.24656,-0.00011486107983087
5.247165,-0.000886200268875822
5.24777,-0.00189655348223725
5.248375,-0.00290300291202599
5.24898,-0.00366351523288888
5.249585,-0.00405557121560036
5.25019,-0.00411670643256664
5.250795,-0.0040879398956922
5.2514,-0.00435924231290476
5.252005,-0.00517131825623835
5.25261,-0.00632563532015542
5.253215,-0.00732633503295604
5.25382,-0.00787488479034349
5.254425,-0.00815794822385953
5.25503,-0.00863816758491718
5.255635,-0.00959878989643229
5.25624,-0.0108498500782948
5.256845,-0.0118759699901756
5.25745,-0.0123239910200564
5.258055,-0.012295410484412
5.25866,-0.0121466087669358
5.259265,-0.0121458862953469
5.25987,-0.0123763150877832
5.260475,-0.012831133511314
5.26108,-0.0134780297240677
5.261685,-0.0142214562933072
5.26229,-0.0148552475378554
5.262895,-0.0151516142362674
5.2635,-0.0151169038470078
5.264105,-0.0151380263447157
5.26471,-0.0156791144134652
5.265315,-0.0167656522143512
5.26592,-0.0179147003158475
5.266525,-0.0186072864979321
5.26713,-0.0187313741388338
5.267735,-0.0185973552675502
5.26834,-0.0186254637350831
5.268945,-0.0190239048225949
5.26955,-0.019714741953252
5.270155,-0.0204968021286797
5.27076,-0.0212223225009487
5.271365,-0.0218516944342828
5.27197,-0.0224445631660516
5.272575,-0.0231339324286617
5.27318,-0.0240162953058529
5.273785,-0.0250238752069501
5.27439,-0.025979756291362
5.274995,-0.0267477376387302
5.2756,-0.0272394736802709
5.276205,-0.027405128772401
5.27681,-0.0273810366704604
5.277415,-0.0275465859890561
5.27802,-0.0282486283422921
5.278625,-0.0294213845800453
5.27923,-0.0305333425427333
5.279835,-0.0310086664506793
5.28044,-0.0308061086852162
5.281045,-0.0305818609570961
5.28165,-0.0311267589101963
5.282255,-0.0325508979671498
5.28286,-0.034158611610492
5.283465,-0.0351915981244625
5.28407,-0.0355114108815649
5.284675,-0.0355099206782433
5.28528,-0.0355994491182028
5.285885,-0.0359395536545597
5.28649,-0.0365277656725789
5.287095,-0.0373284795318814
5.2877,-0.0382055160977553
5.288305,-0.0388486018017829
5.28891,-0.039006607853113
5.289515,-0.0388785042484707
5.29012,-0.0390685886540521
5.290725,-0.039947144479657
5.29133,-0.0412081793535977
5.291935,-0.0422633222268651
5.29254,-0.0428755764831781
5.293145,-0.0432053970605963
5.29375,-0.0434370620224304
5.294355,-0.0435747417627153
5.29496,-0.0435497248599488
5.295565,-0.0434026868186047
5.29617,-0.0432845224114432
5.296775,-0.0432520571633575
5.29738,-0.0431475892177577
5.297985,-0.0428403694275056
5.29859,-0.0425589977760477
5.299195,-0.0427183945458127
5.2998,-0.0433831660677342
5.300405,-0.0441688886837834
5.30101,-0.0446686111706554
5.301615,-0.0447567542568725
5.30222,-0.0445635411298412
5.302825,-0.044373338896278
5.30343,-0.0445038120604134
5.304035,-0.0450797340519053
5.30464,-0.0458206723479833
5.305245,-0.0461420691861202
5.30585,-0.0456561503825771
5.306455,-0.0446766959818608
5.30706,-0.0441161661059918
5.307665,-0.0446502402991111
5.30827,-0.045988822279547
5.308875,-0.0471843325443267
5.30948,-0.0475781467119528
5.310085,-0.0472235680466436
5.31069,-0.0465637817190162
5.311295,-0.046021972119766
5.3119,-0.0458774582062794
5.312505,-0.046239748224023
5.31311,-0.0468817498589398
5.313715,-0.0471330620010191
5.31432,-0.0462767684552196
5.314925,-0.0443588113467415
5.31553,-0.0425323196782098
5.316135,-0.0421824996770402
5.31674,-0.0435041063098006
5.317345,-0.0452404919798533
5.31795,-0.0459874623798944
5.318555,-0.0454635526347145
5.31916,-0.0444329097160525
5.319765,-0.0437504239580157
5.32037,-0.043692505274781
5.320975,-0.044013260270879
5.32158,-0.0443161915397454
5.322185,-0.0442792032435537
5.32279,-0.0437391134804368
5.323395,-0.0428110810985239
5.324,-0.0419701136465996
5.324605,-0.0418019315767124
5.32521,-0.0424532824539997
5.325815,-0.0434233259058228
5.32642,-0.0440115614554633
5.327025,-0.0438187104774611
5.32763,-0.0428532989031155
5.328235,-0.0414780615524974
5.32884,-0.0403038762571041
5.329445,-0.0398527290294839
5.33005,-0.0400906017261131
5.330655,-0.0403063780048295
5.33126,-0.0396483988151718
5.331865,-0.037940424112799
5.33247,-0.0359990656987926
5.333075,-0.0350258644828561
5.33368,-0.0354883219686489
5.334285,-0.0366388903984642
5.33489,-0.0372796759293202
5.335495,-0.0368517314547657
5.3361,-0.0356747649579901
5.336705,-0.0343938144774895
5.33731,-0.0334331770902229
5.337915,-0.0329127331465445
5.33852,-0.0327940887168294
5.339125,-0.0328504393676571
5.33973,-0.0326014044304221
5.340335,-0.0316246284310986
5.34094,-0.0300958845785926
5.341545,-0.0288554180964129
5.34215,-0.028663943689652
5.342755,-0.0293848689131812
5.34336,-0.0300829168590927
5.343965,-0.0298920179403781
5.34457,-0.0286973690071845
5.345175,-0.0270998982617116
5.34578,-0.0258336711324587
5.346385,-0.0252126454139123
5.34699,-0.025045072749877
5.347595,-0.0248582335815624
5.3482,-0.024143277196387
5.348805,-0.0226702755606546
5.34941,-0.0208106881650262
5.350015,-0.019410936584234
5.35062,-0.0190640820150612
5.351225,-0.0195302679879432
5.35183,-0.02006323952555
5.352435,-0.0201585294259211
5.35304,-0.01977344560595
5.353645,-0.0190577287714799
5.35425,-0.0181849901730819
5.354855,-0.0174070503589741
5.35546,-0.0170370905146421
5.356065,-0.0171509118715311
5.35667,-0.0173026897828807
5.357275,-0.0168162438500797
5.35788,-0.01553546125968
5.358485,-0.0141458918010372
5.35909,-0.0135350780454912
5.359695,-0.0138340527862063
5.3603,-0.0142778444144591
5.360905,-0.0140213624224858
5.36151,-0.0129102989576899
5.362115,-0.0114647775441914
5.36272,-0.0102798256960016
5.363325,-0.0095177831720988
5.36393,-0.00896651716549827
5.364535,-0.00842895584147304
5.36514,-0.0078462793413537
5.365745,-0.00711836263711978
5.36635,-0.00609966915089461
5.366955,-0.00487452487153287
5.36756,-0.00382353190394919
5.368165,-0.00322844633420981
5.36877,-0.00293231117000982
5.369375,-0.00251540586636238
5.36998,-0.00168603235997599
5.370585,-0.000484297636114042
5.37119,0.000748460899347987
5.371795,0.00161907687228128
5.3724,0.00199079168083232
5.373005,0.0020617620251133
5.37361,0.00219080436665981
5.374215,0.00263091355511627
5.37482,0.00330155154870344
5.375425,0.00380616799842914
5.37603,0.00383343839982277
5.376635,0.00360185826444672
5.37724,0.0037169511168181
5.377845,0.00449267177046032
5.37845,0.00561304631156073
5.379055,0.00651349146672867
5.37966,0.00691162699575479
5.380265,0.00699820282768345
5.38087,0.00723364296765071
5.381475,0.00787904930027671
5.38208,0.00873032724356025
5.382685,0.00944934734042387
5.38329,0.0100309950629333
5.383895,0.0106703805570929
5.3845,0.0112908979078295
5.385105,0.0115956573692106
5.38571,0.0115646377588578
5.386315,0.01156663706331
5.38692,0.0119830342677276
5.387525,0.0128750715206224
5.38813,0.0139091860897555
5.388735,0.0145694255775896
5.38934,0.0146127475232486
5.389945,0.0143135263386385
5.39055,0.0141609904424394
5.391155,0.0143987468936538
5.39176,0.0149011816001448
5.392365,0.0153264888500015
5.39297,0.0153418468755494
5.393575,0.0149025751682368
5.39418,0.014355918707719
5.394785,0.0141140394876602
5.39539,0.0142896594849604
5.395995,0.0147780453961806
5.3966,0.0154785677681841
5.397205,0.0162459351555005
5.39781,0.0168230226015164
5.398415,0.0170150655842154
5.39902,0.0168848380658104
5.399625,0.0167395642532591
5.40023,0.0169086299882906
5.400835,0.01740787230187
5.40144,0.0178012384159093
5.402045,0.0176140609203991
5.40265,0.0169621761970699
5.403255,0.0165258148700359
5.40386,0.0168122781848495
5.404465,0.0176612514457848
5.40507,0.0185036277257996
5.405675,0.0189087683639918
5.40628,0.0188632712706561
5.406885,0.0186505439393949
5.40749,0.0185252967610876
5.408095,0.0185207500394061
5.4087,0.0185364495768966
5.409305,0.0184909418813547
5.40991,0.018317714950503
5.410515,0.0179351075946266
5.41112,0.0173647537023155
5.411725,0.0168078335948607
5.41233,0.0164999708706086
5.412935,0.0165502405010556
5.41354,0.0169232707461593
5.414145,0.0174620630157791
5.41475,0.0179244786684742
5.415355,0.0180743633360198
5.41596,0.0177819426847093
5.416565,0.017113541032653
5.41717,0.0163675969087085
5.417775,0.0159079635479505
5.41838,0.0158344159010981
5.418985,0.0158719543650907
5.41959,0.0156862292225589
5.420195,0.015243919462081
5.4208,0.0147878914397568
5.421405,0.0145576506909593
5.42201,0.0146067769961903
5.422615,0.0147990389526719
5.42322,0.0148952000524127
5.423825,0.0146686356057281
5.42443,0.0140364351241023
5.425035,0.0131602648913596
5.42564,0.0123613567062859
5.426245,0.0118339588871492
5.42685,0.0114606545173787
5.427455,0.0109424677831284
5.42806,0.0100919274794606
5.428665,0.0090443071610281
5.42927,0.00822803982755307
5.429875,0.00804836222464863
5.43048,0.00850285838274596
5.431085,0.00913164610845254
5.43169,0.009406794141854
5.432295,0.00915225516097049
5.4329,0.0085938014038537
5.433505,0.0081007840379538
5.43411,0.00787623665186452
5.434715,0.00779282735269813
5.43532,0.0075285538532312
5.435925,0.00690253060173176
5.43653,0.00606172375746772
5.437135,0.00535922321576379
5.43774,0.00507922398387163
5.438345,0.0052316972380909
5.43895,0.00556530016513307
5.439555,0.00579050719172524
5.44016,0.00579323576261934
5.440765,0.00561609735723836
5.44137,0.00528553958605844
5.441975,0.00475462133098945
5.44258,0.00401533663725895
5.443185,0.00318265894107002
5.44379,0.00242048846908946
5.444395,0.00178093232130205
5.445,0.00114845461116303
5.445605,0.0004031260350249
5.44621,-0.000393889363007334
5.446815,-0.0010589550011272
5.44742,-0.00146439213863917
5.448025,-0.00159020104956567
5.44863,-0.00151744481826829
5.449235,-0.00144569395822095
5.44984,-0.00160956034408601
5.450445,-0.00210346379174075
5.45105,-0.00281017250145459
5.451655,-0.00349238828396323
5.45226,-0.00396177492292992
5.452865,-0.00426763474196975
5.45347,-0.00473882241404869
5.454075,-0.00566275244913228
5.45468,-0.00688709130162541
5.455285,-0.00791723771778279
5.45589,-0.00839924993236182
5.456495,-0.00840047115347665
5.4571,-0.00834776173319309
5.457705,-0.00876905129308304
5.45831,-0.00990361598757055
5.458915,-0.0114646908076255
5.45952,-0.0128717046110331
5.460125,-0.0137244520154201
5.46073,-0.0140549524245228
5.461335,-0.014300607550761
5.46194,-0.0150726700813649
5.462545,-0.0166422684153896
5.46315,-0.0185347241017833
5.463755,-0.0198905248282492
5.46436,-0.0202732847676652
5.464965,-0.0199618668482106
5.46557,-0.019576484893286
5.466175,-0.0195850331080764
5.46678,-0.0200491969407129
5.467385,-0.0207294426524439
5.46799,-0.0213992767235254
5.468595,-0.0219510694436692
5.4692,-0.02228076487531
5.469805,-0.0223911133613749
5.47041,-0.0226004976833712
5.471015,-0.023270684714089
5.47162,-0.0242980707640432
5.472225,-0.0252074787393624
5.47283,-0.0257163324605541
5.473435,-0.0259270760160685
5.47404,-0.0260766311329968
5.474645,-0.0263307013663519
5.47525,-0.026733400124853
5.475855,-0.0272561165487621
5.47646,-0.0279198972376589
5.477065,-0.0287566507749247
5.47767,-0.0295952824770505
5.478275,-0.0301361445449815
5.47888,-0.0303812274782891
5.479485,-0.0307429573030865
5.48009,-0.0315550717614173
5.480695,-0.0326622762012368
5.4813,-0.0335854255612286
5.481905,-0.033935709901691
5.48251,-0.0336958183307327
5.483115,-0.0332768678814443
5.48372,-0.033253250610522
5.484325,-0.0338907022878759
5.48493,-0.0349128455619733
5.485535,-0.0357307352037747
5.48614,-0.0358948045884067
5.486745,-0.0354361722043585
5.48735,-0.034908090608134
5.487955,-0.0350143608995813
5.48856,-0.0359854698931057
5.489165,-0.0373337754518111
5.48977,-0.0383541504499456
5.490375,-0.0387655993475006
5.49098,-0.0387770228392283
5.491585,-0.0387459997444155
5.49219,-0.038951491627647
5.492795,-0.0395565708912292
5.4934,-0.0405496558244424
5.494005,-0.041644371217544
5.49461,-0.0423637136711334
5.495215,-0.0424103359219959
5.49582,-0.0420475834591079
5.496425,-0.0420184693982274
5.49703,-0.0428737743433014
5.497635,-0.0443834360993815
5.49824,-0.0458043705433234
5.498845,-0.0466335147656013
5.49945,-0.0468703875092673
5.500055,-0.0467210732004168
5.50066,-0.0463908188934031
5.501265,-0.0461422903499283
5.50187,-0.0462441969642479
5.502475,-0.0466772548660708
5.50308,-0.0469848985680195
5.503685,-0.0466181175354024
5.50429,-0.0455777493099809
5.504895,-0.0446647533872914
5.5055,-0.0447985459765224
5.506105,-0.0459908187466162
5.50671,-0.0472966002823579
5.507315,-0.0478314227103561
5.50792,-0.0475050771576696
5.508525,-0.0467865692739467
5.50913,-0.0461644047885736
5.509735,-0.0459352851847465
5.51034,-0.0461962349208501
5.510945,-0.0467535416304967
5.51155,-0.0470850172154535
5.512155,-0.0466668611299806
5.51276,-0.045531166099023
5.513365,-0.0444466285168971
5.51397,-0.0443178566866553
5.514575,-0.0452986032775681
5.51518,-0.0466537257569413
5.515785,-0.047500786249412
5.51639,-0.0474551842090549
5.516995,-0.0466573976695742
5.5176,-0.0455619803046127
5.518205,-0.0447470149853033
5.51881,-0.0446321975851941
5.519415,-0.045127999047457
5.52002,-0.0455371052320258
5.520625,-0.0450047752635498
5.52123,-0.0433167942871184
5.521835,-0.0413299169392346
5.52244,-0.0403921151600494
5.523045,-0.041057692217978
5.52365,-0.0424877484371574
5.524255,-0.0433387350630919
5.52486,-0.043045755537797
5.525465,-0.042068237953505
5.52607,-0.0411866711250692
5.526675,-0.0408518706332512
5.52728,-0.0410673272100628
5.527885,-0.0415198979367026
5.52849,-0.041681958782928
5.529095,-0.0410645036879425
5.5297,-0.03967515265017
5.530305,-0.0382147780617062
5.53091,-0.0376058195580159
5.531515,-0.0381455296790502
5.53212,-0.0391778465852284
5.532725,-0.039732035387497
5.53333,-0.0393699703539148
5.533935,-0.0383296217251992
5.53454,-0.0371056558486162
5.535145,-0.0361022574747861
5.53575,-0.0355557496463785
5.536355,-0.0354936828698013
5.53696,-0.035584844319126
5.537565,-0.0351602847569747
5.53817,-0.033703977562666
5.538775,-0.0315176894872413
5.53938,-0.0298018617772717
5.539985,-0.0297428598201675
5.54059,-0.0313402651187243
5.541195,-0.033285674076044
5.5418,-0.0340584378540157
5.542405,-0.0330696001131472
5.54301,-0.0308927982845515
5.543615,-0.0286483166946043
5.54422,-0.0272473724135369
5.544825,-0.0270060432753117
5.54543,-0.0275357767896438
5.546035,-0.0278575677289292
5.54664,-0.0269978119654037
5.547245,-0.0248610645691427
5.54785,-0.0225395948779671
5.548455,-0.021484565837772
5.54906,-0.0221383403665372
5.549665,-0.0234716640940145
5.55027,-0.0239767865596897
5.550875,-0.0230154404790995
5.55148,-0.0211957381743384
5.552085,-0.0196208553979013
5.55269,-0.018917342702976
5.553295,-0.0189253132656249
5.5539,-0.0190214886171616
5.554505,-0.0185681004516105
5.55511,-0.0172811280779406
5.555715,-0.015447577456605
5.55632,-0.0138036755848459
5.556925,-0.0130178444902775
5.55753,-0.0131410449727945
5.558135,-0.0136089838472992
5.55874,-0.0137874789745489
5.559345,-0.0133892600675363
5.55995,-0.0124820606522746
5.560555,-0.0113698954225027
5.56116,-0.0104618619178823
5.561765,-0.0100577726086602
5.56237,-0.0101106310459447
5.562975,-0.0101617718312891
5.56358,-0.00963602517498472
5.564185,-0.00838250319289526
5.56479,-0.00696371296202616
5.565395,-0.00623326148415029
5.566,-0.00645608388194792
5.566605,-0.00698783010812331
5.56721,-0.00697387874325439
5.567815,-0.00615686049717205
5.56842,-0.00488802042128064
5.569025,-0.00361603711984448
5.56963,-0.00255521377764454
5.570235,-0.00174516480345213
5.57084,-0.00120230068146257
5.571445,-0.000856117288560129
5.57205,-0.000415053640428208
5.572655,0.000480232650283659
5.57326,0.0018315119575611
5.573865,0.00309524172053322
5.57447,0.00364654684955235
5.575075,0.00346748232118316
5.57568,0.00321762618016919
5.576285,0.00361318532844632
5.57689,0.00478886140620327
5.577495,0.00620525451843066
5.5781,0.00716616251314697
5.578705,0.00746059089496774
5.57931,0.00748714873364441
5.579915,0.00777416251744201
5.58052,0.00841402313171821
5.581125,0.00895588040775915
5.58173,0.00884933102690232
5.582335,0.00804073497794001
5.58294,0.00717397771559304
5.583545,0.00710197111517895
5.58415,0.00808538839106913
5.584755,0.00959477217165944
5.58536,0.0109600464999301
5.585965,0.011961425746256
5.58657,0.0127049879846681
5.587175,0.0132345471408851
5.58778,0.01349958011358
5.588385,0.0136086830214703
5.58899,0.0138884857876973
5.589595,0.0145647500462044
5.5902,0.0154307630671432
5.590805,0.0159668309683161
5.59141,0.0158849867399847
5.592015,0.0154915217282417
5.59262,0.0153605312207694
5.593225,0.0157151765597881
5.59383,0.0163202268263345
5.594435,0.0168890496694605
5.59504,0.0173536298213707
5.595645,0.017735531138711
5.59625,0.0179361929879367
5.596855,0.0177885353418373
5.59746,0.0173098569683169
5.598065,0.0167868285858766
5.59867,0.0165113774126612
5.599275,0.0164467825107362
5.59988,0.0162583216880418
5.600485,0.0157296457273657
5.60109,0.0150555979852679
5.601695,0.0146533885456124
5.6023,0.0147738989181913
5.602905,0.0153355542167051
5.60351,0.0160275936104454
5.604115,0.0165234861306076
5.60472,0.0166781292873934
5.605325,0.0166019025413653
5.60593,0.0165285190599462
5.606535,0.0165655714815654
5.60714,0.0166049664746336
5.607745,0.0165015139399935
5.60835,0.0162705959120273
5.608955,0.0160710169974869
5.60956,0.0160370142001386
5.610165,0.0161741242403097
5.61077,0.0164414757914123
5.611375,0.0168731133275262
5.61198,0.0174813658680731
5.612585,0.0180464682809327
5.61319,0.0181955168872188
5.613795,0.0177965801122688
5.6144,0.0171701907341697
5.615005,0.0168002124062647
5.61561,0.0168547051556815
5.616215,0.0170226945190067
5.61682,0.0168232388496704
5.617425,0.0161309430900299
5.61803,0.0153904238911498
5.618635,0.0151826141256819
5.61924,0.0156022000352142
5.619845,0.0162326447044993
5.62045,0.0166889872788649
5.621055,0.0169741608136158
5.62166,0.0172435253528613
5.622265,0.0173423254120443
5.62287,0.0167908600596949
5.623475,0.0154067792695851
5.62408,0.0138296871682489
5.624685,0.0130637222878004
5.62529,0.0133913256038422
5.625895,0.0140524325958994
5.6265,0.0141263199767612
5.627105,0.0134240990653076
5.62771,0.0124331238223154
5.628315,0.0117354514837794
5.62892,0.0115977429485706
5.629525,0.011866053781894
5.63013,0.0121237318804265
5.630735,0.0120266680062329
5.63134,0.0115260750479783
5.631945,0.0107968081122672
5.63255,0.0100306213791619
5.633155,0.00930453423016202
5.63376,0.00857902663986558
5.634365,0.00780892881170228
5.63497,0.00704969827079696
5.635575,0.0063993075421552
5.63618,0.00587983573297517
5.636785,0.00549098033766485
5.63739,0.00531718543107509
5.637995,0.00543171108641108
5.6386,0.00571157995471798
5.639205,0.00583166220319307
5.63981,0.00548438139065177
5.640415,0.00468356557650971
5.64102,0.00383856551327631
5.641625,0.0033581226862605
5.64223,0.00315586333723157
5.642835,0.00272900883970292
5.64344,0.00177378097358207
5.644045,0.000578448356308855
5.64465,-0.000254896850589586
5.645255,-0.000407563073430291
5.64586,-0.000146664711054404
5.646465,-7.46208487343127e-05
5.64707,-0.000563762478883858
5.647675,-0.00144586878288497
5.64828,-0.00229576956355392
5.648885,-0.00290766613788783
5.64949,-0.00339439632880586
5.650095,-0.00397406215455011
5.6507,-0.00477664153612767
5.651305,-0.00575432369789819
5.65191,-0.00672533895326547
5.652515,-0.00754080639800502
5.65312,-0.00818193011469941
5.653725,-0.0086794549781049
5.65433,-0.00901118742096488
5.654935,-0.00915427760633202
5.65554,-0.00921830304555758
5.656145,-0.00943700406411665
5.65675,-0.00998202785094275
5.657355,-0.0107751660829493
5.65796,-0.0114942639962365
5.658565,-0.0118627651466243
5.65917,-0.0119936048299214
5.659775,-0.0123348228119931
5.66038,-0.0131781811214983
5.660985,-0.0142796502465519
5.66159,-0.0150616348493368
5.662195,-0.0152129665100812
5.6628,-0.0150442971706485
5.663405,-0.0152211167742636
5.66401,-0.0161573410670309
5.664615,-0.0176578390717116
5.66522,-0.0191112218185064
5.665825,-0.0200050111728321
5.66643,-0.020276957339322
5.667035,-0.0202433869988476
5.66764,-0.0202767857570252
5.668245,-0.0205988281540947
5.66885,-0.0212941451129467
5.669455,-0.0223279667756825
5.67006,-0.0234954610789762
5.670665,-0.0244683519881156
5.67127,-0.0249863858534787
5.671875,-0.0250716165728564
5.67248,-0.0250535948546203
5.673085,-0.0252860029799202
5.67369,-0.025854793259144
5.674295,-0.0266186668333659
5.6749,-0.0273955974388085
5.675505,-0.0280149003897407
5.67611,-0.0283512579197214
5.676715,-0.0284805879830344
5.67732,-0.0287316336282882
5.677925,-0.0293962923115146
5.67853,-0.0303960429314865
5.679135,-0.0313461395618012
5.67974,-0.0318781150250427
5.680345,-0.0318770426760382
5.68095,-0.0315931568872087
5.681555,-0.0315532348981139
5.68216,-0.0321828045222336
5.682765,-0.0334248688423455
5.68337,-0.034730084008663
5.683975,-0.0354511403516409
5.68458,-0.0353833692445306
5.685185,-0.0350419758431964
5.68579,-0.0352826303902332
5.686395,-0.0364315696029142
5.687,-0.0378884210491408
5.687605,-0.038811932352575
5.68821,-0.0390210907713602
5.688815,-0.0389537085062649
5.68942,-0.0389735487661501
5.690025,-0.0390839108666304
5.69063,-0.0392326081986716
5.691235,-0.0395495116935868
5.69184,-0.0401127858415443
5.692445,-0.0406045245894772
5.69305,-0.0404762969072115
5.693655,-0.039636011781832
5.69426,-0.0388428263726942
5.694865,-0.0390762265038325
5.69547,-0.0404395400114444
5.696075,-0.0420053758484619
5.69668,-0.0428147469465777
5.697285,-0.0427408270865023
5.69789,-0.0423838625623127
5.698495,-0.0424055998204849
5.6991,-0.0430060843894866
5.699705,-0.043894150319941
5.70031,-0.0446506810042199
5.700915,-0.0450548769490024
5.70152,-0.0450992182089121
5.702125,-0.0448998922996576
5.70273,-0.0447558232118998
5.703335,-0.0450917126930103
5.70394,-0.0460550834968783
5.704545,-0.047291463905083
5.70515,-0.0482805626582317
5.705755,-0.0487125688655131
5.70636,-0.0485293552124792
5.706965,-0.047921502198253
5.70757,-0.0473512510982917
5.708175,-0.0473031160029003
5.70878,-0.0478160469674167
5.709385,-0.0483116996525753
5.70999,-0.0480437036448028
5.710595,-0.0468476247344419
5.7112,-0.0454950110087279
5.711805,-0.045121094293534
5.71241,-0.0460532997988547
5.713015,-0.047384374441278
5.71362,-0.0479499062843037
5.714225,-0.0474630018023754
5.71483,-0.0465130662467411
5.715435,-0.0457908423361262
5.71604,-0.0455478807501443
5.716645,-0.0456400358409022
5.71725,-0.0458071058668713
5.717855,-0.0457810808543271
5.71846,-0.0452778473649405
5.719065,-0.0441812743088497
5.71967,-0.0428818575362731
5.720275,-0.0421945210590185
5.72088,-0.0425900450307929
5.721485,-0.043633928540324
5.72209,-0.0444434082502465
5.722695,-0.0444743406204328
5.7233,-0.0437306497488174
5.723905,-0.0425936926727979
5.72451,-0.0416602498908663
5.725115,-0.0414437534167699
5.72572,-0.041908475619495
5.726325,-0.0423113646931745
5.72693,-0.0417131894536081
5.727535,-0.0398369247716033
5.72814,-0.0375436301713299
5.728745,-0.0363178579424724
5.72935,-0.0369213588641514
5.729955,-0.0385782261212624
5.73056,-0.0397866666489858
5.731165,-0.0397619138749278
5.73177,-0.0388203034606963
5.732375,-0.03769721999367
5.73298,-0.0369042762963155
5.733585,-0.036609196873705
5.73419,-0.0367313533978055
5.734795,-0.0369560384175561
5.7354,-0.0367852179983275
5.736005,-0.0358339546481873
5.73661,-0.0342798292696167
5.737215,-0.0329861483614821
5.73782,-0.0328151434763337
5.738425,-0.0336515570036498
5.73903,-0.0344282745916591
5.739635,-0.0342121907980292
5.74024,-0.0329822733484465
5.740845,-0.0313914477463443
5.74145,-0.0301053542137817
5.742055,-0.0294184491021692
5.74266,-0.0292212019216969
5.743265,-0.0291029577941969
5.74387,-0.0285546819749461
5.744475,-0.0272700033734057
5.74508,-0.025423709575598
5.745685,-0.0237619279572021
5.74629,-0.0231808584563084
5.746895,-0.023858536070644
5.7475,-0.0249213449776323
5.748105,-0.0252326429854229
5.74871,-0.024397146892367
5.749315,-0.0228791470126913
5.74992,-0.021368425364852
5.750525,-0.0202861054212013
5.75113,-0.0197708176718935
5.751735,-0.0197104699405549
5.75234,-0.0196627524531048
5.752945,-0.0190696535968562
5.75355,-0.0177873724557408
5.754155,-0.0163671246026501
5.75476,-0.0156650250876784
5.755365,-0.0160216682352311
5.75597,-0.016841582792168
5.756575,-0.0170874881198525
5.75718,-0.0161799575577333
5.757785,-0.0144227106945337
5.75839,-0.0126395082086688
5.758995,-0.0114617390862802
5.7596,-0.0109613751386814
5.760205,-0.0107826933391555
5.76081,-0.0104255905755382
5.761415,-0.00952897575309865
5.76202,-0.00813796528917067
5.762625,-0.00673515272061144
5.76323,-0.00587610823073049
5.763835,-0.00568343297134519
5.76444,-0.00573646140105971
5.765045,-0.00550637905934706
5.76565,-0.00481792392514563
5.766255,-0.00387682563870021
5.76686,-0.00297013675695076
5.767465,-0.00222305047162775
5.76807,-0.00165949143204748
5.768675,-0.00135514030752267
5.76928,-0.00131077179920875
5.769885,-0.0012581158723594
5.77049,-0.00086065458637156
5.771095,-0.000123183993847934
5.7717,0.000556255646155391
5.772305,0.000788944307505622
5.77291,0.000592181209525773
5.773515,0.000379383187319563
5.77412,0.000622945918732669
5.774725,0.00149658187348761
5.77533,0.0027405851519995
5.775935,0.00387026475742647
5.77654,0.00453630008111665
5.777145,0.00471196008888793
5.77775,0.00467908547524659
5.778355,0.00487724606711024
5.77896,0.00557460095997676
5.779565,0.00656772585923361
5.78017,0.00731560515134706
5.780775,0.00748954028563357
5.78138,0.00733060479122863
5.781985,0.00736684696316346
5.78259,0.00787134877380158
5.783195,0.00870478562656241
5.7838,0.0095708639431037
5.784405,0.0102807859289339
5.78501,0.0107853255134216
5.785615,0.011062038843572
5.78622,0.0111115666361753
5.786825,0.0110845361171427
5.78743,0.0112311519337914
5.788035,0.0115908148562569
5.78864,0.0118499315509008
5.789245,0.0117030864651206
5.78985,0.0113250811740003
5.790455,0.011277757525722
5.79106,0.0119183640299012
5.791665,0.0130324842740099
5.79227,0.0140406053259253
5.792875,0.0145097489031805
5.79348,0.0145256582788094
5.794085,0.0145669385219843
5.79469,0.0149707977965079
5.795295,0.0156115388055316
5.7959,0.0161579162291826
5.796505,0.0164847393522191
5.79711,0.0166891787659738
5.797715,0.0168377386295379
5.79832,0.0169075709664183
5.798925,0.0169367302585422
5.79953,0.017077934317956
5.800135,0.0174898668856963
5.80074,0.0181896997469729
5.801345,0.0189714820541878
5.80195,0.0194948941455389
5.802555,0.0195310533455277
5.80316,0.0191567790270142
5.803765,0.0186998999435841
5.80437,0.0184678818957351
5.804975,0.0184978873606868
5.80558,0.0185259730599831
5.806185,0.0182072510390043
5.80679,0.0174757743349825
5.807395,0.0167110281430265
5.808,0.0164302364805366
5.808605,0.0168085203027446
5.80921,0.0175809145428716
5.809815,0.0183437045908467
5.81042,0.0188424438978697
5.811025,0.0190341858964911
5.81163,0.0190168349526398
5.812235,0.0189229603240202
5.81284,0.018812337431705
5.813445,0.0186492285648444
5.81405,0.0183798617598235
5.814655,0.0179985081232291
5.81526,0.0175770222751367
5.815865,0.0172578091787832
5.81647,0.0171348321428556
5.817075,0.0171503301512184
5.81768,0.0172181745627255
5.818285,0.017373303780774
5.81889,0.0176286384814679
5.819495,0.0177632435316871
5.8201,0.017478809318553
5.820705,0.0167747821421444
5.82131,0.0159930501147323
5.821915,0.0154346072153123
5.82252,0.0150119624142937
5.823125,0.0143419712560155
5.82373,0.0132151070429358
5.824335,0.0119330991282342
5.82494,0.011054065571777
5.825545,0.0108174103583584
5.82615,0.0109817104774403
5.826755,0.011202791314941
5.82736,0.0113737330782806
5.827965,0.0115419972840066
5.82857,0.0116148208662803
5.829175,0.0112988730384111
5.82978,0.0104370773921032
5.830385,0.00936060960180473
5.83099,0.00869219074340616
5.831595,0.00866813124948236
5.8322,0.0088200134642186
5.832805,0.00851864741220338
5.83341,0.00771993675916235
5.834015,0.00700154651582543
5.83462,0.00692059270291961
5.835225,0.00743113679405121
5.83583,0.00793082647870299
5.836435,0.00785981523902643
5.83704,0.00720851273606272
5.837645,0.00641420926572373
5.83825,0.00584805610433366
5.838855,0.00548453818025699
5.83946,0.00501579522110347
5.840065,0.00419379680139308
5.84067,0.00308068625957666
5.841275,0.00203207438022174
5.84188,0.00139985945989518
5.842485,0.00120777610336908
5.84309,0.00117935546660691
5.843695,0.00109012231858955
5.8443,0.000978438481013878
5.844905,0.000962813754389003
5.84551,0.000947627346152605
5.846115,0.000649445230277634
5.84672,-3.56812584636377e-05
5.847325,-0.000812002366035021
5.84793,-0.00129677100176441
5.848535,-0.00153951393309961
5.84914,-0.00203376253160053
5.849745,-0.00310339439474278
5.85035,-0.00443429829048135
5.850955,-0.00539493882384734
5.85156,-0.00572700105582957
5.852165,-0.00574802484310356
5.85277,-0.00593651452185132
5.853375,-0.00647540349131673
5.85398,-0.00720529367420301
5.854585,-0.00791624606560896
5.85519,-0.00859339565355402
5.855795,-0.00935599676475351
5.8564,-0.0102329253111005
5.857005,-0.0111172289820125
5.85761,-0.01195215097508
5.858215,-0.0128230886571034
5.85882,-0.013776996481762
5.859425,-0.0146417564382119
5.86003,-0.0151230528575288
5.860635,-0.0150868545302558
5.86124,-0.0147612466249074
5.861845,-0.0146356361658262
5.86245,-0.0150548825431711
5.863055,-0.0158947737468569
5.86366,-0.0167132618488832
5.864265,-0.0172079988984276
5.86487,-0.0174603093040906
5.865475,-0.0177731632672066
5.86608,-0.0183631887893758
5.866685,-0.0191918281989117
5.86729,-0.0200226249415168
5.867895,-0.0206545955269088
5.8685,-0.021093673295282
5.869105,-0.0214355551158223
5.86971,-0.0216902683958386
5.870315,-0.0219013059545588
5.87092,-0.0223418966519843
5.871525,-0.0233418113616529
5.87213,-0.024841311650517
5.872735,-0.0262355272599251
5.87334,-0.0268416667986878
5.873945,-0.0266174548769842
5.87455,-0.0263381685504524
5.875155,-0.0268916101810873
5.87576,-0.0283405736752614
5.876365,-0.0298249150812736
5.87697,-0.0304869581853191
5.877575,-0.0303322371500219
5.87818,-0.0300542940435099
5.878785,-0.0302037200849906
5.87939,-0.030756743715304
5.879995,-0.0314350733807293
5.8806,-0.0321573903678575
5.881205,-0.0329722896388928
5.88181,-0.0336867021480071
5.882415,-0.0339075979823331
5.88302,-0.0335996634914691
5.883625,-0.0333840355961712
5.88423,-0.0339843150142242
5.884835,-0.0354129668429759
5.88544,-0.0369555658542082
5.886045,-0.0379064232685207
5.88665,-0.038101815807052
5.887255,-0.0378599421139775
5.88786,-0.0376820293782001
5.888465,-0.0379959594273351
5.88907,-0.0389380813237812
5.889675,-0.040187972530085
5.89028,-0.0410662208160179
5.890885,-0.041047929708999
5.89149,-0.0403485758493767
5.892095,-0.039893696022561
5.8927,-0.0404710096609233
5.893305,-0.0418844625542648
5.89391,-0.0431459526643726
5.894515,-0.0435168780391719
5.89512,-0.043156345917935
5.895725,-0.0427424771294291
5.89633,-0.0426782001894307
5.896935,-0.0428327622099546
5.89754,-0.0430097733093044
5.898145,-0.0433311930350659
5.89875,-0.0438699544114607
5.899355,-0.0441531896840101
5.89996,-0.0435810224698411
5.900565,-0.0424252615889325
5.90117,-0.0418728681821432
5.901775,-0.0427271954306241
5.90238,-0.0444209152831853
5.902985,-0.0456292680804496
5.90359,-0.0456168867674608
5.904195,-0.0448118659651828
5.9048,-0.0442304099345465
5.905405,-0.0444764466711523
5.90601,-0.0453140111940341
5.906615,-0.0460787902362718
5.90722,-0.046282141603378
5.907825,-0.0458580570996489
5.90843,-0.0451310394827881
5.909035,-0.0446789721074571
5.90964,-0.0449885340935374
5.910245,-0.0459955875480616
5.91085,-0.0471138070825242
5.911455,-0.047875727911397
5.91206,-0.048284785762032
5.912665,-0.048439009551337
5.91327,-0.0482251470434887
5.913875,-0.0476331706274854
5.91448,-0.0470853555409311
5.915085,-0.0470634670809024
5.91569,-0.0473707266334471
5.916295,-0.0470885058725272
5.9169,-0.0455712800459333
5.917505,-0.0434404912441517
5.91811,-0.0422409348340204
5.918715,-0.0428775567782602
5.91932,-0.0446362860932888
5.919925,-0.0459989196582144
5.92053,-0.0461212501693449
5.921135,-0.0452762332918046
5.92174,-0.0442378330689514
5.922345,-0.0435962368479337
5.92295,-0.043513023750237
5.923555,-0.0437933226156924
5.92416,-0.0440197298316217
5.924765,-0.0436868907504363
5.92537,-0.0424705321444023
5.925975,-0.0406564352931617
5.92658,-0.0392519182057525
5.927185,-0.0392129382672243
5.92779,-0.0404073288159252
5.928395,-0.0416943499778725
5.929,-0.0420446226971023
5.929605,-0.0412748752597274
5.93021,-0.0398632689363625
5.930815,-0.0384746544246531
5.93142,-0.037644420653334
5.932025,-0.0375379580725901
5.93263,-0.0377462235869499
5.933235,-0.0374281787538677
5.93384,-0.0359753849762441
5.934445,-0.0337119069507572
5.93505,-0.0318373897369858
5.935655,-0.0313995667499932
5.93626,-0.0322453341327209
5.936865,-0.0332167371639933
5.93747,-0.0333406745150512
5.938075,-0.0325288699890472
5.93868,-0.031276293711751
5.939285,-0.0301063239299107
5.93989,-0.0293319031056049
5.940495,-0.0290549686167951
5.9411,-0.0291372344608714
5.941705,-0.0291338816788682
5.94231,-0.0284782706075952
5.942915,-0.0270076777940916
5.94352,-0.0253534708037405
5.944125,-0.0245321388993519
5.94473,-0.0249124813064421
5.945335,-0.0257806840749078
5.94594,-0.0260921553472654
5.946545,-0.0254149138634733
5.94715,-0.0240808150676825
5.947755,-0.0227292284930961
5.94836,-0.0218263988242617
5.948965,-0.0214558520420531
5.94957,-0.0213784771742351
5.950175,-0.0211943339516985
5.95078,-0.0205072531786109
5.951385,-0.019159368746414
5.95199,-0.0175221860560667
5.952595,-0.0164410672938151
5.9532,-0.0165284818288796
5.953805,-0.017474640350586
5.95441,-0.0182691514649813
5.955015,-0.0180512508789817
5.95562,-0.0167032097706059
5.956225,-0.0148708279680548
5.95683,-0.0135275219267143
5.957435,-0.0133133538618574
5.95804,-0.0140433481609979
5.958645,-0.0147860580691598
5.95925,-0.0145704246674105
5.959855,-0.013197166999193
5.96046,-0.0114277837397565
5.961065,-0.0103337526747011
5.96167,-0.0103223720395837
5.962275,-0.0107837135921987
5.96288,-0.0107877366170769
5.963485,-0.00999263866462169
5.96409,-0.0087289185153783
5.964695,-0.00744197333882272
5.9653,-0.00633210599396054
5.965905,-0.00545158848494776
5.96651,-0.0048587477856989
5.967115,-0.00450310133677698
5.96772,-0.00407304152045961
5.968325,-0.0031899990894979
5.96893,-0.0018432370177212
5.969535,-0.000539495697411077
5.97014,0.000148867440206965
5.970745,0.000196766458006375
5.97135,0.000130138123199761
5.971955,0.000464876000192682
5.97256,0.00133337450729349
5.973165,0.0025591077630072
5.97377,0.00383665285624797
5.974375,0.00483172986713485
5.97498,0.00530745736708123
5.975585,0.00529886884348759
5.97619,0.0051337116523894
5.976795,0.00518377925726602
5.9774,0.00555778387619276
5.978005,0.00601576723674727
5.97861,0.00619638441503166
5.979215,0.00599064946834962
5.97982,0.00567176976177012
5.980425,0.00563133353208777
5.98103,0.00606352548593448
5.981635,0.00689406615014004
5.98224,0.0078882173089165
5.982845,0.00877672697640848
5.98345,0.00934977504014082
5.984055,0.00956832413802232
5.98466,0.00964178998795231
5.985265,0.009893053245345
5.98587,0.0104543754402332
5.986475,0.0111112951999384
5.98708,0.0115111665328375
5.987685,0.0115730485208968
5.98829,0.011631601714612
5.988895,0.0121000300504531
5.9895,0.0130376602419628
5.990105,0.0140940383693892
5.99071,0.0148494934369561
5.991315,0.0151937132916443
5.99192,0.0153651760757613
5.992525,0.0156437747824477
5.99313,0.0160473651936916
5.993735,0.0162960958070926
5.99434,0.0160364329708265
5.994945,0.0151743860192986
5.99555,0.0140791840225075
5.996155,0.0134094511337018
5.99676,0.0135962019627898
5.997365,0.0144897739865486
5.99797,0.0156074448939376
5.998575,0.0166224969211693
5.99918,0.0174528288832298
5.999785,0.0180277119508164
6.00039,0.0182369738278275
6.000995,0.0181278537040579
6.0016,0.0179882649065747
6.002205,0.0180990919542999
6.00281,0.0184017551965119
6.003415,0.0185174225355005
6.00402,0.0181695847451292
6.004625,0.0175530490028422
6.00523,0.0171774772593627
6.005835,0.0173179816748299
6.00644,0.0177689534531452
6.007045,0.0182028205834421
6.00765,0.0185648953906553
6.008255,0.0189674119325883
6.00886,0.0193318465484662
6.009465,0.0193420849073326
6.01007,0.0188166793741749
6.010675,0.0180304836354663
6.01128,0.0175092663439345
6.011885,0.0174490133650434
6.01249,0.0174515135519851
6.013095,0.0169926013146565
6.0137,0.0161110156904866
6.014305,0.0154170754805563
6.01491,0.0154000739000421
6.015515,0.0159293306959132
6.01612,0.0164712054387282
6.016725,0.0166440106777705
6.01733,0.0165082797485864
6.017935,0.0163737265564878
6.01854,0.0163861224477431
6.019145,0.0163751347724158
6.01975,0.0161281092415729
6.020355,0.0156899446898719
6.02096,0.0152645611122449
6.021565,0.0149131778907217
6.02217,0.0145213402705589
6.022775,0.0140268971259928
6.02338,0.0135614382647526
6.023985,0.0133595301711328
6.02459,0.013513870227253
6.025195,0.0137977622657062
6.0258,0.0138102851265778
6.026405,0.0133444791742798
6.02701,0.0125626810332631
6.027615,0.0118100351701637
6.02822,0.0112948223838944
6.028825,0.0109177433899906
6.02943,0.0103754822032873
6.030035,0.00948932807702892
6.03064,0.00846511503452428
6.031245,0.00772339381123162
6.03185,0.0074444372301285
6.032455,0.00743789116531817
6.03306,0.00748008641911101
6.033665,0.00757142254939566
6.03427,0.00776742013519183
6.034875,0.00788600014816832
6.03548,0.00755041437786764
6.036085,0.00661042035969731
6.03669,0.00546603910129308
6.037295,0.00478119720055067
6.0379,0.00476482667900905
6.038505,0.00490058922409687
6.03911,0.00456676218535319
6.039715,0.00375493466852324
6.04032,0.00297025537482648
6.040925,0.00260527959845205
6.04153,0.00262274409815402
6.042135,0.00271150257107027
6.04274,0.00258135797099317
6.043345,0.00214778033879569
6.04395,0.00150436874755863
6.044555,0.000747315685679758
6.04516,-0.000122076361288143
6.045765,-0.00110076506623973
6.04637,-0.00208904440733959
6.046975,-0.00300164491418267
6.04758,-0.00388171813516966
6.048185,-0.0047703118667897
6.04879,-0.00555769223801508
6.049395,-0.00606981080281857
6.05,-0.00624364488965166
6.050605,-0.00621106250350073
6.05121,-0.00625609267457638
6.051815,-0.00664762433249986
6.05242,-0.00744381699087897
6.053025,-0.00841818634591657
6.05363,-0.00920882817578407
6.054235,-0.00963221299713259
6.05484,-0.00987491663641894
6.055445,-0.0103417374760031
6.05605,-0.0112635655658504
6.056655,-0.0124192354748337
6.05726,-0.0133246996832751
6.057865,-0.0137357188443718
6.05847,-0.0138369677363354
6.059075,-0.0139297110997051
6.05968,-0.014105658975875
6.060285,-0.0143036827090301
6.06089,-0.0145851372094681
6.061495,-0.0151607709077815
6.0621,-0.0160736091644723
6.062705,-0.0170241945222287
6.06331,-0.017667514721591
6.063915,-0.0180355097112923
6.06452,-0.018521321411085
6.065125,-0.0193838872494864
6.06573,-0.0203846324198039
6.066335,-0.0210204077462459
6.06694,-0.0210360155325484
6.067545,-0.0206471910324876
6.06815,-0.0203321161873927
6.068755,-0.0204453891019893
6.06936,-0.0209911340895944
6.069965,-0.0217015100554695
6.07057,-0.0222937941906811
6.071175,-0.0226628109965536
6.07178,-0.0228789171516614
6.072385,-0.0231021972101395
6.07299,-0.0235348840395437
6.073595,-0.024323329531638
6.0742,-0.0254098979271021
6.074805,-0.0265349531121128
6.07541,-0.0273981781933108
6.076015,-0.0278219680000531
6.07662,-0.0278856235926482
6.077225,-0.0279711254323879
6.07783,-0.0285393387053189
6.078435,-0.0296854675138568
6.07904,-0.0309346089265652
6.079645,-0.0316437986331417
6.08025,-0.0316520159456277
6.080855,-0.031462545385048
6.08146,-0.0317883965174856
6.082065,-0.0329060201732646
6.08267,-0.034393466473494
6.083275,-0.0355299287338304
6.08388,-0.0359626914015676
6.084485,-0.0359335235952661
6.08509,-0.0359116520562314
6.085695,-0.0361292080464387
6.0863,-0.0365216215654535
6.086905,-0.0370221713698646
6.08751,-0.0376871669773983
6.088115,-0.0384391203397742
6.08872,-0.0389049866740143
6.089325,-0.0387953247450678
6.08993,-0.0384425286707886
6.090535,-0.038646356490861
6.09114,-0.0397971618057506
6.091745,-0.0413629445453859
6.09235,-0.0424320769756673
6.092955,-0.0426299003670202
6.09356,-0.0423698461015406
6.094165,-0.0423072635143446
6.09477,-0.0427276425685594
6.095375,-0.0434711910424869
6.09598,-0.0442137142814924
6.096585,-0.0446592888280358
6.09719,-0.0446459229461284
6.097795,-0.04432212801302
6.0984,-0.0441716102605629
6.099005,-0.0446186413351345
6.09961,-0.0455785120895317
6.100215,-0.0465906937668459
6.10082,-0.0473409164756097
6.101425,-0.0477793792860217
6.10203,-0.0478362373592002
6.102635,-0.0474287143278796
6.10324,-0.0468026664524032
6.103845,-0.0465424720531141
6.10445,-0.0469812022553925
6.105055,-0.0476449043782115
6.10566,-0.0475612204256934
6.106265,-0.0463129145242361
6.10687,-0.0446875838441692
6.107475,-0.0440373459355116
6.10808,-0.0449082476900784
6.108685,-0.0464934043066138
6.10929,-0.0475172162898806
6.109895,-0.0474010591021142
6.1105,-0.0465109860317174
6.111105,-0.0456020955781964
6.11171,-0.045192302914445
6.112315,-0.0453395497228609
6.11292,-0.0458084101156488
6.113525,-0.046244250331349
6.11413,-0.0462051578280277
6.114735,-0.045379293278775
6.11534,-0.0440727529109332
6.115945,-0.0432742418660051
6.11655,-0.0437665035583693
6.117155,-0.0451981559586673
6.11776,-0.0464177925695316
6.118365,-0.0466441927429659
6.11897,-0.046014848788797
6.119575,-0.0451724277590157
6.12018,-0.044629729297134
6.120785,-0.0444853284246696
6.12139,-0.0445099287685803
6.121995,-0.0443531886406483
6.1226,-0.0437162654405078
6.123205,-0.0425211772364945
6.12381,-0.0410820196123761
6.124415,-0.0400568839286486
6.12502,-0.0399485836570912
6.125625,-0.0405740673769016
6.12623,-0.0412543872986738
6.126835,-0.0414715638754206
6.12744,-0.0410997141337569
6.128045,-0.0402292104735725
6.12865,-0.0391387215815007
6.129255,-0.0383255151199059
6.12986,-0.0382078787353446
6.130465,-0.0386439626337147
6.13107,-0.0388568053750416
6.131675,-0.0380579336455607
6.13228,-0.036301948860857
6.132885,-0.0346738967580757
6.13349,-0.0343469938679145
6.134095,-0.0353472927720154
6.1347,-0.0365357382782361
6.135305,-0.0368327535401942
6.13591,-0.0360818704413517
6.136515,-0.0347674913923926
6.13712,-0.0333918692979442
6.137725,-0.0322780350886531
6.13833,-0.0316374046266474
6.138935,-0.031459197320423
6.13954,-0.0312940101657646
6.140145,-0.0304215517035746
6.14075,-0.02853926807655
6.141355,-0.0263526780330726
6.14196,-0.0251739399162362
6.142565,-0.0256035760005056
6.14317,-0.0267971002510028
6.143775,-0.0273382109298866
6.14438,-0.0266332687503409
6.144985,-0.0252295921633619
6.14559,-0.0240191073257999
6.146195,-0.0234255549024442
6.1468,-0.0233035807278468
6.147405,-0.0232926049816345
6.14801,-0.0230502588359896
6.148615,-0.0223241140461062
6.14922,-0.0211024656017132
6.149825,-0.0197693047732438
6.15043,-0.0189529899492669
6.151035,-0.0190015199310325
6.15164,-0.0195895695801576
6.152245,-0.0199749479840849
6.15285,-0.0196227323087053
6.153455,-0.0185534940185946
6.15406,-0.0172037200038794
6.154665,-0.0160308088027658
6.15527,-0.0152625518161251
6.155875,-0.0148998354063045
6.15648,-0.0147003228845673
6.157085,-0.0141645251838398
6.15769,-0.0128778952225069
6.158295,-0.011067771726266
6.1589,-0.00962873370408624
6.159505,-0.00931006775293879
6.16011,-0.0099326100757719
6.160715,-0.0105898817267347
6.16132,-0.0104797556485365
6.161925,-0.0094275798790764
6.16253,-0.00785231563954454
6.163135,-0.00640675517455008
6.16374,-0.00555816034029682
6.164345,-0.00536381343491479
6.16495,-0.00548568119349788
6.165555,-0.00537347818275065
6.16616,-0.00463506689112362
6.166765,-0.00343228429567466
6.16737,-0.00244367135439144
6.167975,-0.00223938351610424
6.16858,-0.00271388713773289
6.169185,-0.00324320523649559
6.16979,-0.00323579380651026
6.170395,-0.00244209439069115
6.171,-0.00104077921986243
6.171605,0.00042524519312589
6.17221,0.00141998327715491
6.172815,0.00181621073896701
6.17342,0.00190780328616533
6.174025,0.00214381914259889
6.17463,0.00285503707904292
6.175235,0.00399648844423094
6.17584,0.00506313202606355
6.176445,0.00550470665027618
6.17705,0.00534356402902357
6.177655,0.00516703448164226
6.17826,0.0054836060143551
6.178865,0.00630680184332219
6.17947,0.00730531721958089
6.180075,0.00814710143059499
6.18068,0.00871528060971817
6.181285,0.00905537915665192
6.18189,0.00918414236994653
6.182495,0.00912988934350424
6.1831,0.00913143575687475
6.183705,0.00947941610245178
6.18431,0.0100724770339048
6.184915,0.0104456690406083
6.18552,0.0103799242348441
6.186125,0.0101931365844086
6.18673,0.010328300708352
6.187335,0.0109523710257274
6.18794,0.0119872110350621
6.188545,0.0132177256708461
6.18915,0.0143284794301467
6.189755,0.0150584354070491
6.19036,0.0153924452846838
6.190965,0.0155468993029519
6.19157,0.0157698521644167
6.192175,0.0161524814087406
6.19278,0.0165634361014799
6.193385,0.0167645454163829
6.19399,0.0166805984889382
6.194595,0.0165301828466581
6.1952,0.016604944287967
6.195805,0.016991297093871
6.19641,0.0175635239382019
6.197015,0.0181202991173794
6.19762,0.0184840723479048
6.198225,0.0186016902459357
6.19883,0.0185744307466139
6.199435,0.0185024931769368
6.20004,0.0183460089529621
6.200645,0.0180265720128084
6.20125,0.0175843759192449
6.201855,0.0171404634742978
6.20246,0.0167852542366679
6.203065,0.016581639514765
6.20367,0.0165888357204129
6.204275,0.0168220511515806
6.20488,0.0172520440479657
6.205485,0.0178240484892902
6.20609,0.0184030112117541
6.206695,0.0187900453059579
6.2073,0.01890121932343
6.207905,0.0188646408997042
6.20851,0.0188667700506328
6.209115,0.0189369347233232
6.20972,0.0189162635001367
6.210325,0.0186344085632883
6.21093,0.018128791798258
6.211535,0.017691438242596
6.21214,0.0176373993758144
6.212745,0.0179805124014448
6.21335,0.0184037031639111
6.213955,0.0185962881080542
6.21456,0.018521528724955
6.215165,0.0182979457858575
6.21577,0.017958469648685
6.216375,0.0174487626328836
6.21698,0.016783640566416
6.217585,0.0160781331455874
6.21819,0.0154307196738454
6.218795,0.0148412593026547
6.2194,0.014240439698102
6.220005,0.0135872722476571
6.22061,0.0129678550989851
6.221215,0.0125777101734625
6.22182,0.012548883027547
6.222425,0.0128037275028847
6.22303,0.0130967334781973
6.223635,0.0131677313803758
6.22424,0.012884109237675
6.224845,0.0123365533328334
6.22545,0.0117965207534874
6.226055,0.0114700343321836
6.22666,0.0112739625424714
6.227265,0.0109351136337393
6.22787,0.0103133212785224
6.228475,0.00956307189033107
6.22908,0.00897668632701497
6.229685,0.00872143955317908
6.23029,0.00875092387315029
6.230895,0.00891693781335288
6.2315,0.00906733228578914
6.232105,0.00903012981416149
6.23271,0.0086493874679134
6.233315,0.00794368984808867
6.23392,0.00714277342684277
6.234525,0.00645371203892884
6.23513,0.00584870116849088
6.235735,0.00517213350548998
6.23634,0.00437150521673302
6.236945,0.0035329348898627
6.23755,0.00278919270333243
6.238155,0.00228469553982271
6.23876,0.00215138329132703
6.239365,0.00240962970808587
6.23997,0.00287245046846524
6.240575,0.00320526811559695
6.24118,0.00314201733956071
6.241785,0.002652889534096
6.24239,0.00192817291964589
6.242995,0.00124040094941916
6.2436,0.000766863569224921
6.244205,0.000458973899569931
6.24481,9.76439813701537e-05
6.245415,-0.000471454334726731
6.24602,-0.00117063056530224
6.246625,-0.00178178433992673
6.24723,-0.00216348713818879
6.247835,-0.00234411106276934
6.24844,-0.00244896256273493
6.249045,-0.00259590010897225
6.24965,-0.0028735141842502
6.250255,-0.00337558977682513
6.25086,-0.00415607871711191
6.251465,-0.00510121420851308
6.25207,-0.00594582215621407
6.252675,-0.00653733424257778
6.25328,-0.00705020304740548
6.253885,-0.00781574630083285
6.25449,-0.00891973476250082
6.255095,-0.010056061848325
6.2557,-0.010807230200224
6.256305,-0.0110157663591716
6.25691,-0.01089566176116
6.257515,-0.010865763362408
6.25812,-0.0112617061729029
6.258725,-0.0121026326179468
6.25933,-0.0130889592051226
6.259935,-0.0138585719231984
6.26054,-0.0142833490331541
6.261145,-0.0145428341755282
6.26175,-0.0149372073512252
6.262355,-0.0156322884814703
6.26296,-0.0165578758373518
6.263565,-0.0175318582376294
6.26417,-0.0184308905097123
6.264775,-0.0191734381539842
6.26538,-0.019636590125566
6.265985,-0.0197881517947321
6.26659,-0.0198900863828615
6.267195,-0.0203851560879391
6.2678,-0.0214739402970718
6.268405,-0.0228343282570593
6.26901,-0.0238632113102458
6.269615,-0.0242737021891663
6.27022,-0.0244288682777792
6.270825,-0.0249809392671524
6.27143,-0.0261182786550157
6.272035,-0.0272938990959929
6.27264,-0.0278602528277791
6.273245,-0.0278333233776788
6.27385,-0.0277780561053047
6.274455,-0.028048139594234
6.27506,-0.028453206677734
6.275665,-0.028699440457323
6.27627,-0.0288828291321299
6.276875,-0.0293478697012791
6.27748,-0.0301313454743999
6.278085,-0.0307768166550345
6.27869,-0.0308712695614813
6.279295,-0.0306851373509339
6.2799,-0.0309889283313368
6.280505,-0.0321374558747555
6.28111,-0.0335861780252093
6.281715,-0.0344561248852799
6.28232,-0.0344242485221573
6.282925,-0.0340068638135315
6.28353,-0.0340889570293603
6.284135,-0.035144795123475
6.28474,-0.0367743617052365
6.285345,-0.0380152448056662
6.28595,-0.0382110114450144
6.286555,-0.0375696130645536
6.28716,-0.036909038653311
6.287765,-0.0370077750680038
6.28837,-0.0381041254310123
6.288975,-0.0397381192317021
6.28958,-0.0411142296859258
6.290185,-0.0417816704658673
6.29079,-0.0418663613106196
6.291395,-0.0416638739729448
6.292,-0.0413207860145901
6.292605,-0.0410172595783893
6.29321,-0.0411471063976206
6.293815,-0.0419479648516921
6.29442,-0.0429554914973191
6.295025,-0.0431931280571816
6.29563,-0.0421993744298313
6.296235,-0.0407894675759104
6.29684,-0.0404577320816908
6.297445,-0.0418432376143197
6.29805,-0.044030840936366
6.298655,-0.0455518284134651
6.29926,-0.0457935807263055
6.299865,-0.0452655854441591
6.30047,-0.0448297274343884
6.301075,-0.0449780575877768
6.30168,-0.045710206264566
6.302285,-0.0467246788894117
6.30289,-0.0475565209269296
6.303495,-0.047743730967502
6.3041,-0.0471594034702255
6.304705,-0.046284309664036
6.30531,-0.0460175186455427
6.305915,-0.0469338270797546
6.30652,-0.0486403872907413
6.307125,-0.0500532858656564
6.30773,-0.0503618615867923
6.308335,-0.0496320684789467
6.30894,-0.0485609434065221
6.309545,-0.0478521724567071
6.31015,-0.0478420827548729
6.310755,-0.0484058752938704
6.31136,-0.0489219885797884
6.311965,-0.0485450740452496
6.31257,-0.0469573843309879
6.313175,-0.0449045144080193
6.31378,-0.0437101059760462
6.314385,-0.0440640806868154
6.31499,-0.0453848514834549
6.315595,-0.0464922042469007
6.3162,-0.0466907486824263
6.316805,-0.0460593281674953
6.31741,-0.0450424274037651
6.318015,-0.0440960964180317
6.31862,-0.0436009700325135
6.319225,-0.0437392489600372
6.31983,-0.0442108496798507
6.320435,-0.0442380149681214
6.32104,-0.0432265928481633
6.321645,-0.0415272390285668
6.32225,-0.0403179206550586
6.322855,-0.0404911801037667
6.32346,-0.0417163434022456
6.324065,-0.0428307475779891
6.32467,-0.0430486375482713
6.325275,-0.0425028682412679
6.32588,-0.0417276141792499
6.326485,-0.0409924379958122
6.32709,-0.0402873083634424
6.327695,-0.0397101410570714
6.3283,-0.0394301938685325
6.328905,-0.0391976074494651
6.32951,-0.0383347626419219
6.330115,-0.0365544082943167
6.33072,-0.0346027860623844
6.331325,-0.0337004446873989
6.33193,-0.034306447400365
6.332535,-0.0357074709199051
6.33314,-0.0367707003177842
6.333745,-0.0368039660589798
6.33435,-0.0358329819337004
6.334955,-0.0344127825802889
6.33556,-0.0332002630388057
6.336165,-0.0325655111910668
6.33677,-0.0324398632067358
6.337375,-0.0323393513967893
6.33798,-0.0316273216840336
6.338585,-0.0301083493272528
6.33919,-0.0284485987342767
6.339795,-0.0276825543508863
6.3404,-0.0281322681688714
6.341005,-0.0290917777371898
6.34161,-0.029646271521295
6.342215,-0.0294210336214982
6.34282,-0.028535329459642
6.343425,-0.0273127804480307
6.34403,-0.0261694642431083
6.344635,-0.0255006503679799
6.34524,-0.0254337210371264
6.345845,-0.0255928432965882
6.34645,-0.0252104600982846
6.347055,-0.0237701171132832
6.34766,-0.0217090402918362
6.348265,-0.0202459916288325
6.34887,-0.0201905209506658
6.349475,-0.0210743998031452
6.35008,-0.0217158475277044
6.350685,-0.0213798167982819
6.35129,-0.0201857865941681
6.351895,-0.0187301385052756
6.3525,-0.0175638053906552
6.353105,-0.0168971760840593
6.35371,-0.0166311438035228
6.354315,-0.016539451829358
6.35492,-0.0163505652293303
6.355525,-0.0157866068226383
6.35613,-0.0147770181427203
6.356735,-0.0136743695527952
6.35734,-0.0130126917877408
6.357945,-0.0129604314963659
6.35855,-0.0131609079981357
6.359155,-0.0130583791993548
6.35976,-0.0122723038378135
6.360365,-0.0108496869135198
6.36097,-0.00930114605179446
6.361575,-0.00825951265167978
6.36218,-0.00798231618240747
6.362785,-0.00814542207810096
6.36339,-0.00806597576015575
6.363995,-0.00717370682830498
6.3646,-0.00549714215416347
6.365205,-0.00384232260113958
6.36581,-0.00327027270219471
6.366415,-0.00410076674452185
6.36702,-0.00548213659873152
6.367625,-0.00608093938273142
6.36823,-0.00516795374232361
6.368835,-0.00307685565531102
6.36944,-0.000789420575062293
6.370045,0.000803290299136648
6.37065,0.001345220910935
6.371255,0.00107056538554673
6.37186,0.000627918683871096
6.372465,0.000700865977080842
6.37307,0.00154287899291048
6.373675,0.00276586254618095
6.37428,0.00365638189228358
6.374885,0.00383950777923332
6.37549,0.00363795018814472
6.376095,0.0037300054600403
6.3767,0.00450188885742631
6.377305,0.00574984312839394
6.37791,0.00693774522017697
6.378515,0.00768640206894801
6.37912,0.00801288719157489
6.379725,0.0081752780505953
6.38033,0.00841204111270146
6.380935,0.00884611293906389
6.38154,0.00948430238648369
6.382145,0.0101726853177022
6.38275,0.0106434159417898
6.383355,0.0107762789355176
6.38396,0.0107719711584686
6.384565,0.0109622961094474
6.38517,0.0115289532759497
6.385775,0.0124268575602082
6.38638,0.0134257062654334
6.386985,0.01422063216624
6.38759,0.0146431158992829
6.388195,0.0147825166225738
6.3888,0.0148522101043092
6.389405,0.0149624292732899
6.39001,0.0150662393134059
6.390615,0.0150793370923346
6.39122,0.014985259834742
6.391825,0.0148663546164042
6.39243,0.0148686318671483
6.393035,0.015094106393205
6.39364,0.0155320531535664
6.394245,0.0160938655915945
6.39485,0.0166568008904796
6.395455,0.017085973530077
6.39606,0.0172826720928044
6.396665,0.0172509409116618
6.39727,0.0171300972774499
6.397875,0.0171369529691917
6.39848,0.0173983235374778
6.399085,0.0177765097055827
6.39969,0.0179217730008538
6.400295,0.017629749277696
6.4009,0.0171381601010189
6.401505,0.0169326984619257
6.40211,0.0172325573543614
6.402715,0.0177773398672664
6.40332,0.0181522409379887
6.403925,0.0182175317741351
6.40453,0.0181463165671202
6.405135,0.0181126221612
6.40574,0.0180810371395314
6.406345,0.0179233912985663
6.40695,0.0176036047365295
6.407555,0.0171592681840608
6.40816,0.0165850247787009
6.408765,0.0158586778471682
6.40937,0.015095462915875
6.409975,0.0145853170750256
6.41058,0.014620095247637
6.411185,0.0152747679487311
6.41179,0.0162970732251991
6.412395,0.0171888534508877
6.413,0.0175160831746933
6.413605,0.0172593508709032
6.41421,0.0168443289710796
6.414815,0.0167512563762292
6.41542,0.0170731937146498
6.416025,0.017462399415901
6.41663,0.0174822104168002
6.417235,0.0170102629754259
6.41784,0.0163265125839591
6.418445,0.0158030052891283
6.41905,0.0155441723584105
6.419655,0.0154194562203094
6.42026,0.0153683647964144
6.420865,0.015440899608211
6.42147,0.0155382529164926
6.422075,0.0153712312256347
6.42268,0.0147716574056774
6.423285,0.0139048399109243
6.42389,0.0130866188221889
6.424495,0.0124439861993257
6.4251,0.0118031997850919
6.425705,0.0109061518762691
6.42631,0.00976255064340151
6.426915,0.00877025667621845
6.42752,0.00837457748890123
6.428125,0.00861247193905396
6.42873,0.00908973698474336
6.429335,0.00937126764844784
6.42994,0.00931859994006907
6.430545,0.00906679042135705
6.43115,0.00876262083409126
6.431755,0.00843581357447773
6.43236,0.0081135256310108
6.432965,0.00789680835552841
6.43357,0.00781837153597327
6.434175,0.00770930678419571
6.43478,0.00735425788027107
6.435385,0.00676591995442739
6.43599,0.00618864684599961
6.436595,0.00585539679654877
6.4372,0.0058215291672583
6.437805,0.0059603203877425
6.43841,0.0060236044769419
6.439015,0.0057686024624987
6.43962,0.00513453049241568
6.440225,0.00430070752412949
6.44083,0.00351086080663721
6.441435,0.00282721697002193
6.44204,0.00209564366243292
6.442645,0.00114378084794149
6.44325,-2.88072412768191e-05
6.443855,-0.00123424384213929
6.44446,-0.00222921666343041
6.445065,-0.00286780470203002
6.44567,-0.00314587726485989
6.446275,-0.00315738168696262
6.44688,-0.00306558187666986
6.447485,-0.00310020277717255
6.44809,-0.00350907733246453
6.448695,-0.00439261103931892
6.4493,-0.00552198577344945
6.449905,-0.00641973086512382
6.45051,-0.00674477939307053
6.451115,-0.0066175679071809
6.45172,-0.0065205814620517
6.452325,-0.0068634442437364
6.45293,-0.0076810820499912
6.453535,-0.00868670099690163
6.45414,-0.00946993398974318
6.454745,-0.00972040454099234
6.45535,-0.00947681631151539
6.455955,-0.00917080331209582
6.45656,-0.00930346433116142
6.457165,-0.0100319851707359
6.45777,-0.0110643773276453
6.458375,-0.0119377285423675
6.45898,-0.0124284461922052
6.459585,-0.0127573515855703
6.46019,-0.0133771342725857
6.460795,-0.0144844061888308
6.4614,-0.0157777743517233
6.462005,-0.0167690357456733
6.46261,-0.0172564292760413
6.463215,-0.017419985769544
6.46382,-0.01755642979534
6.464425,-0.0178404376444857
6.46503,-0.0183261150175966
6.465635,-0.0190477089218497
6.46624,-0.0199803298062975
6.466845,-0.0209243145677356
6.46745,-0.0216081686171347
6.468055,-0.0220127729090933
6.46866,-0.0224853491944482
6.469265,-0.0233589856446571
6.46987,-0.0244966688646873
6.470475,-0.0254021610378445
6.47108,-0.025781396282424
6.471685,-0.0258411058255542
6.47229,-0.0260351373889421
6.472895,-0.0266222082579812
6.4735,-0.0274874992223501
6.474105,-0.0283381550698261
6.47471,-0.0290091522007463
6.475315,-0.0295514507886905
6.47592,-0.0300685470646315
6.476525,-0.0305777965458473
6.47713,-0.0310879936028366
6.477735,-0.0316883240672126
6.47834,-0.0324310948457521
6.478945,-0.0332053662387888
6.47955,-0.0338022933033639
6.480155,-0.0340451533321596
6.48076,-0.0338954911753601
6.481365,-0.0335623256338296
6.48197,-0.03347965772628
6.482575,-0.0340119930420506
6.48318,-0.0350789011841723
6.483785,-0.036106000924387
6.48439,-0.036459373878789
6.484995,-0.0360502651534079
6.4856,-0.0355509737165799
6.486205,-0.035856794369975
6.48681,-0.037175308774607
6.487415,-0.0387634433959251
6.48802,-0.0396848344310607
6.488625,-0.0396929573912909
6.48923,-0.0393319651314458
6.489835,-0.0393670469121702
6.49044,-0.0401662411966164
6.491045,-0.0414680336794441
6.49165,-0.0426388867495157
6.492255,-0.0431741334531979
6.49286,-0.0430087035246449
6.493465,-0.0424706787831775
6.49407,-0.0420874054913821
6.494675,-0.042343308263818
6.49528,-0.0433242111701242
6.495885,-0.0445656933745698
6.49649,-0.0454497798243903
6.497095,-0.0457218098472921
6.4977,-0.0455375013919095
6.498305,-0.0451899348906428
6.49891,-0.0449547182563383
6.499515,-0.0450871883884246
6.50012,-0.0456985172444534
6.500725,-0.0464717851236374
6.50133,-0.0466852853753582
6.501935,-0.0458742948268492
6.50254,-0.0445444965548679
6.503145,-0.0439192362679028
6.50375,-0.0447069110045382
6.504355,-0.046304824817305
6.50496,-0.0474925529241198
6.505565,-0.0476791734327686
6.50617,-0.0472082491097482
6.506775,-0.0467239533870353
6.50738,-0.0465749690111427
6.507985,-0.0467597118158981
6.50859,-0.0471511459435967
6.509195,-0.0475565458143723
6.5098,-0.0476510338221162
6.510405,-0.047145916367767
6.51101,-0.0461714937057891
6.511615,-0.0453936837776011
6.51222,-0.0455081266226389
6.512825,-0.0465273865135228
6.51343,-0.0477239549878738
6.514035,-0.0482709779693569
6.51464,-0.0478140278127589
6.515245,-0.0466144031142649
6.51585,-0.0453762609095079
6.516455,-0.0448112020758533
6.51706,-0.04510619381285
6.517665,-0.0456780813034667
6.51827,-0.0455320451722103
6.518875,-0.0441155046520894
6.51948,-0.0419706962650852
6.520085,-0.0404294787449771
6.52069,-0.040429153604454
6.521295,-0.0416006447237432
6.5219,-0.0426954998049488
6.522505,-0.042821191866938
6.52311,-0.0420332810181882
6.523715,-0.0409441247186335
6.52432,-0.0401143515908938
6.524925,-0.0397602341531235
6.52553,-0.0398003963224872
6.526135,-0.0399991170658931
6.52674,-0.039960041143597
6.527345,-0.0391802889384035
6.52795,-0.0375379788994499
6.528555,-0.0357929140211408
6.52916,-0.035131895180359
6.529765,-0.0359487520297399
6.53037,-0.0374166725520683
6.530975,-0.0384016790904643
6.53158,-0.0384197004342589
6.532185,-0.0376922065158618
6.53279,-0.0367038901479851
6.533395,-0.0358360067084918
6.534,-0.0352452725235823
6.534605,-0.034907083446501
6.53521,-0.0346280460999461
6.535815,-0.0340449723324244
6.53642,-0.0328644169559741
6.537025,-0.0313133920137039
6.53763,-0.0301798304188246
6.538235,-0.0300655406363696
6.53884,-0.0307007626994399
6.539445,-0.0312506639612037
6.54005,-0.0310955078372469
6.540655,-0.0301793099143709
6.54126,-0.028907382432456
6.541865,-0.0278513809373212
6.54247,-0.0273983665355514
6.543075,-0.0275376897665309
6.54368,-0.027842024860737
6.544285,-0.0276375550720394
6.54489,-0.0264718886706483
6.545495,-0.0246908134904814
6.5461,-0.0234010604076619
6.546705,-0.0234639202021967
6.54731,-0.0245345390922831
6.547915,-0.0253928006677797
6.54852,-0.0251196579579905
6.549125,-0.0237540039808178
6.54973,-0.022040238428374
6.550335,-0.0207496360403226
6.55094,-0.0201413130955115
6.551545,-0.0199449986947266
6.55215,-0.019719607536384
6.552755,-0.0191011161655661
6.55336,-0.0178708152993288
6.553965,-0.0161650929327597
6.55457,-0.0146604395323402
6.555175,-0.0141027824422232
6.55578,-0.0144657575119961
6.556385,-0.0149227264255278
6.55699,-0.0147117698243021
6.557595,-0.0137331140939886
6.5582,-0.012411576207522
6.558805,-0.0112848867904399
6.55941,-0.0106502575136808
6.560015,-0.0103995139390884
6.56062,-0.0101631101143729
6.561225,-0.00963789476336498
6.56183,-0.00877773494509676
6.562435,-0.00776060898048293
6.56304,-0.00689769870986021
6.563645,-0.00645702886233706
6.56425,-0.00639362743972059
6.564855,-0.00636169228148542
6.56546,-0.00604236969442804
6.566065,-0.00529588399512063
6.56667,-0.00412487583723292
6.567275,-0.00275584751687263
6.56788,-0.00161703955567303
6.568485,-0.000982636075282607
6.56909,-0.000670389251633924
6.569695,-0.000203805449470218
6.5703,0.000731200295511185
6.570905,0.00199317541801962
6.57151,0.00308571476964876
6.572115,0.00359385775859612
6.57272,0.00361032453684855
6.573325,0.00363713733545274
6.57393,0.00403568465416005
6.574535,0.00476761252205864
6.57514,0.00565193016304941
6.575745,0.00659341254302845
6.57635,0.00749973489865161
6.576955,0.00815918756672472
6.57756,0.00835459945470527
6.578165,0.00814660210831974
6.57877,0.0079692473034073
6.579375,0.00828563296224213
6.57998,0.00905164441489813
6.580585,0.00962880926027506
6.58119,0.00944245387946261
6.581795,0.00870115089747515
6.5824,0.00824977597757676
6.583005,0.00872337211496827
6.58361,0.00999961368558976
6.584215,0.0114282803285049
6.58482,0.0124295313258088
6.585425,0.0128486579165248
6.58603,0.0129025528326588
6.586635,0.0129610761361401
6.58724,0.0133256879752622
6.587845,0.0140059145787834
6.58845,0.0146268166357146
6.589055,0.0147065427004525
6.58966,0.0142126132856366
6.590265,0.0137604243912236
6.59087,0.0140259744306784
6.591475,0.0150071118009471
6.59208,0.0160721623654036
6.592685,0.0166825581709711
6.59329,0.0168692239821604
6.593895,0.0169961355311008
6.5945,0.0172356966624639
6.595105,0.0174184835344743
6.59571,0.0173567899960548
6.596315,0.0171327060758063
6.59692,0.0169490420302764
6.597525,0.0168167629498616
6.59813,0.0166093284367436
6.598735,0.0163849154474207
6.59934,0.0164090681270296
6.599945,0.0168319216107575
6.60055,0.0174964781229337
6.601155,0.0180815531116395
6.60176,0.0183936837050914
6.602365,0.0185349758795165
6.60297,0.0187459839528578
6.603575,0.0190616826409238
6.60418,0.0192225930593634
6.604785,0.0189893007206052
6.60539,0.0184618278186156
6.605995,0.0179982673393662
6.6066,0.0178352698830925
6.607205,0.0178465416723893
6.60781,0.0177243547035594
6.608415,0.0174262855866246
6.60902,0.0173284227971157
6.609625,0.0177568184989716
6.61023,0.0184467405257778
6.610835,0.0187270418520696
6.61144,0.0182768055519235
6.612045,0.0175163448853228
6.61265,0.0171136698651191
6.613255,0.0171084960731389
6.61386,0.0167040713958512
6.614465,0.0151718717240496
6.61507,0.0129254782600363
6.615675,0.0113494399461767
6.61628,0.0114159345476579
6.616885,0.0127197732582792
6.61749,0.0139943989412787
6.618095,0.014329252678132
6.6187,0.0137956718282916
6.619305,0.0131290319690807
6.61991,0.0129424140116483
6.620515,0.0132178470319144
6.62112,0.0135308315503783
6.621725,0.0136180797927549
6.62233,0.0135292924083067
6.622935,0.013313410766384
6.62354,0.0128416736395897
6.624145,0.0120448147919009
6.62475,0.0111894474936496
6.625355,0.0107478963790536
6.62596,0.0109283439640364
6.626565,0.011401381034043
6.62717,0.0116046931105903
6.627775,0.0113011241614914
6.62838,0.010717079190713
6.628985,0.0101683021849608
6.62959,0.00972084099522556
6.630195,0.00923420372959655
6.6308,0.00860634527541826
6.631405,0.00790262753449193
6.63201,0.00723952547542349
6.632615,0.00660019757990655
6.63322,0.00588683999835082
6.633825,0.00517109696626377
6.63443,0.00473864504329593
6.635035,0.00477990418141441
6.63564,0.00511573944145606
6.636245,0.00533435459157018
6.63685,0.00517979483815083
6.637455,0.00475465435816097
6.63806,0.00435583040725056
6.638665,0.00414586948898117
6.63927,0.004014259199918
6.639875,0.0037469802841877
6.64048,0.00324225195920445
6.641085,0.00255085192984377
6.64169,0.001829582028418
6.642295,0.00127730355888388
6.6429,0.00101142394834825
6.643505,0.000988772007275572
6.64411,0.00106362946117082
6.644715,0.00105715940045262
6.64532,0.000781854043463981
6.645925,0.000138085602622389
6.64653,-0.000768055573517355
6.647135,-0.00169353588198445
6.64774,-0.00247630010775022
6.648345,-0.00315179085285372
6.64895,-0.00388973361822111
6.649555,-0.00483382134333522
6.65016,-0.0059204734882103
6.650765,-0.0068602396080002
6.65137,-0.00740385118712696
6.651975,-0.0075949747725996
6.65258,-0.00767102478635374
6.653185,-0.00779676878608483
6.65379,-0.00801696233947912
6.654395,-0.00842205465685761
6.655,-0.00919844035124
6.655605,-0.0103951062239289
6.65621,-0.0116623880176003
6.656815,-0.0124162970423359
6.65742,-0.0124589946767852
6.658025,-0.0123321777806583
6.65863,-0.0127741454521629
6.659235,-0.0138742550444501
6.65984,-0.0150253263988179
6.660445,-0.0156215669088935
6.66105,-0.0155657699276495
6.661655,-0.0152256251773462
6.66226,-0.0151373731450545
6.662865,-0.0156744540567755
6.66347,-0.0167949343555305
6.664075,-0.0180643741728458
6.66468,-0.0189906994213435
6.665285,-0.0194118722023047
6.66589,-0.0196343004339416
6.666495,-0.0201869015092793
6.6671,-0.0213233692671109
6.667705,-0.0227481103665773
6.66831,-0.0239251198449342
6.668915,-0.02458294930977
6.66952,-0.0247981502470394
6.670125,-0.024762784855143
6.67073,-0.0246973878103333
6.671335,-0.0248856383572788
6.67194,-0.0255539188619209
6.672545,-0.0266362798498827
6.67315,-0.0277058714931407
6.673755,-0.0282454243585442
6.67436,-0.0281408125269678
6.674965,-0.0279458318747216
6.67557,-0.028435351202033
6.676175,-0.0297390162047381
6.67678,-0.0311440414973858
6.677385,-0.0319049558198925
6.67799,-0.0319856825331872
6.678595,-0.0318952679368232
6.6792,-0.0320877503203047
6.679805,-0.0326762371486042
6.68041,-0.0335408562573843
6.681015,-0.0345085237079536
6.68162,-0.0354094616146639
6.682225,-0.0360655793043786
6.68283,-0.0363706819303864
6.683435,-0.0364945138392909
6.68404,-0.036894184911128
6.684645,-0.0378577560835044
6.68525,-0.0390716391423883
6.685855,-0.0398969583410119
6.68646,-0.0400297449812589
6.687065,-0.0397035600282831
6.68767,-0.0393538678837451
6.688275,-0.0392883853529654
6.68888,-0.039617936806335
6.689485,-0.0402515640044426
6.69009,-0.0408476883498504
6.690695,-0.0409319354575062
6.6913,-0.0402977481070951
6.691905,-0.0393796184165798
6.69251,-0.0390790534400283
6.693115,-0.0399598956505329
6.69372,-0.0416085009540563
6.694325,-0.0429893324361495
6.69493,-0.0434094805168231
6.695535,-0.0430206361805799
6.69614,-0.0425370868271511
6.696745,-0.0426461122569042
6.69735,-0.0435580672696263
6.697955,-0.0448597116200815
6.69856,-0.045745582488173
6.699165,-0.0455796192886689
6.69977,-0.0444405507358802
6.700375,-0.043217249310976
6.70098,-0.043066808135792
6.701585,-0.0444517983173413
6.70219,-0.0465748961323738
6.702795,-0.0480117013940845
6.7034,-0.0480022034470787
6.704005,-0.0469633653154441
6.70461,-0.0458368593268559
6.705215,-0.045247885629907
6.70582,-0.0453084306583163
6.706425,-0.045841949489081
6.70703,-0.0464432385040971
6.707635,-0.0464758538512366
6.70824,-0.0454844740325614
6.708845,-0.0438113263499406
6.70945,-0.0425957879285605
6.710055,-0.0428430024217412
6.71066,-0.0444216439907487
6.711265,-0.046164813547778
6.71187,-0.0469631382804319
6.712475,-0.0465945242588774
6.71308,-0.0456084876006333
6.713685,-0.0447082876357813
6.71429,-0.0443287341749383
6.714895,-0.0445879565727757
6.7155,-0.0452675544587657
6.716105,-0.0457302418208857
6.71671,-0.0452368750267209
6.717315,-0.0437271379355321
6.71792,-0.0422014007054265
6.718525,-0.0419416588085492
6.71913,-0.0432031396601615
6.719735,-0.0449193548912791
6.72034,-0.0457749602746878
6.720945,-0.0453176630950264
6.72155,-0.0440550815914296
6.722155,-0.0428151162425717
6.72276,-0.0421379978897767
6.723365,-0.0421072291042274
6.72397,-0.0424377711919127
6.724575,-0.0425223210564257
6.72518,-0.0416502257392006
6.725785,-0.0396540233165128
6.72639,-0.0374160523632561
6.726995,-0.0363297057608123
6.7276,-0.0369752418005166
6.728205,-0.038539251279947
6.72881,-0.0396565661956519
6.729415,-0.0395435892393549
6.73002,-0.0383540630315626
6.730625,-0.0368582822022732
6.73123,-0.0358600076098009
6.731835,-0.0356857229359663
6.73244,-0.0360333662288644
6.733045,-0.0361965013080034
6.73365,-0.0355396930467748
6.734255,-0.0340301676419742
6.73486,-0.0323950415223547
6.735465,-0.0315594454341453
6.73607,-0.0317657154535426
6.736675,-0.0323898926369596
6.73728,-0.0326997832215812
6.737885,-0.0324909332434965
6.73849,-0.0319124024121522
6.739095,-0.0310793179603846
6.7397,-0.0300596633309724
6.740305,-0.0290601648503822
6.74091,-0.0283984035782704
6.741515,-0.02813097721061
6.74212,-0.0277697097441321
6.742725,-0.0266828089722742
6.74333,-0.0249572407749904
6.743935,-0.0235913414441884
6.74454,-0.0234603830192373
6.745145,-0.0242705155067031
6.74575,-0.0249317930836693
6.746355,-0.0247253261325815
6.74696,-0.0237364674508084
6.747565,-0.0224631585352636
6.74817,-0.0213840554605166
6.748775,-0.020756499150511
6.74938,-0.0205671875578892
6.749985,-0.0205828601318742
6.75059,-0.0204446737298397
6.751195,-0.0198240941186472
6.7518,-0.0186995067890627
6.752405,-0.0175332826076049
6.75301,-0.0169183614716193
6.753615,-0.0169322032705912
6.75422,-0.0170837225339222
6.754825,-0.0168801221820595
6.75543,-0.0161575672458037
6.756035,-0.0150073378383869
6.75664,-0.0137110156055294
6.757245,-0.0126449561770065
6.75785,-0.0120127613399849
6.758455,-0.0116567411808757
6.75906,-0.0111607001067153
6.759665,-0.0101436458874965
6.76027,-0.00858579374749264
6.760875,-0.00699486544147693
6.76148,-0.00607321458474257
6.762085,-0.00600991178174814
6.76269,-0.00627385337130715
6.763295,-0.00621449039185375
6.7639,-0.00559690693029601
6.764505,-0.0045259404267267
6.76511,-0.00322256818606662
6.765715,-0.00199805178846281
6.76632,-0.00118733019495224
6.766925,-0.000897374732547825
6.76753,-0.000851573673531483
6.768135,-0.00059411135456537
6.76874,9.73073621911173e-05
6.769345,0.000965856706786045
6.76995,0.00148318082192354
6.770555,0.00142606641725295
6.77116,0.00118458755803162
6.771765,0.00135023956311607
6.77237,0.00211361808285303
6.772975,0.00319966264043438
6.77358,0.00424367689136601
6.774185,0.00506262055054221
6.77479,0.00562119729384687
6.775395,0.00593555318749398
6.776,0.00612592459718072
6.776605,0.00646346427471573
6.77721,0.00718788935586839
6.777815,0.00819747617977848
6.77842,0.00898194496156172
6.779025,0.00903732049153804
6.77963,0.00842081043597867
6.780235,0.00777739081851809
6.78084,0.00776900500929639
6.781445,0.00855098857787648
6.78205,0.0097562124776358
6.782655,0.010817707620733
6.78326,0.0112793647971178
6.783865,0.0110249777873617
6.78447,0.010427168600348
6.785075,0.0101571672404168
6.78568,0.0106099636212967
6.786285,0.0115297344307829
6.78689,0.0122979444411453
6.787495,0.0125432957465889
6.7881,0.012421685062018
6.788705,0.0123619926086424
6.78931,0.0126540913163804
6.789915,0.0133092663995158
6.79052,0.0141698274676975
6.791125,0.0150175980708841
6.79173,0.0156281676447863
6.792335,0.0158694553607196
6.79294,0.0158438225858875
6.793545,0.0158737864135343
6.79415,0.016217223800803
6.794755,0.0167876278119912
6.79536,0.0172115219382021
6.795965,0.0171791153254005
6.79657,0.0167618376518702
6.797175,0.0163872618250362
6.79778,0.0164744545654
6.798385,0.017077343728829
6.79899,0.0178494809873525
6.799595,0.0183425044752032
6.8002,0.0183630415888392
6.800805,0.018049867417529
6.80141,0.0176678729738855
6.802015,0.0173978889204795
6.80262,0.0172535283137936
6.803225,0.0171037655477825
6.80383,0.0167923368123533
6.804435,0.0162887338477402
6.80504,0.0157548382925597
6.805645,0.0154619907795955
6.80625,0.0156075835959526
6.806855,0.0161735082608908
6.80746,0.0169325569221228
6.808065,0.0176015707298732
6.80867,0.0180080231068721
6.809275,0.0181073871725009
6.80988,0.0179359633922976
6.810485,0.0176594828507251
6.81109,0.0175427790723659
6.811695,0.017686115776983
6.8123,0.0178576647958137
6.812905,0.0177432852265181
6.81351,0.0173358240778393
6.814115,0.0169529183803257
6.81472,0.0168820101801239
6.815325,0.0171184054716665
6.81593,0.0174241639305768
6.816535,0.0175354993086571
6.81714,0.0173502110166612
6.817745,0.0169822287948671
6.81835,0.0165911241801439
6.818955,0.0161651383213996
6.81956,0.0155575681173956
6.820165,0.0147058044871668
6.82077,0.0136947304497674
6.821375,0.0126345604564263
6.82198,0.0116287793570369
6.822585,0.0108478992659914
6.82319,0.0104867547847042
6.823795,0.0106346262533912
6.8244,0.0112012646743184
6.825005,0.0118898023360148
6.82561,0.0122937362150322
6.826215,0.0121792325295678
6.82682,0.0116714188778976
6.827425,0.0110911570205453
6.82803,0.0106493755333209
6.828635,0.0103326049573172
6.82924,0.0099927891347505
6.829845,0.00948930312643029
6.83045,0.0088249479754828
6.831055,0.00817918720476034
6.83166,0.00775478110197968
6.832265,0.00762784163158155
6.83287,0.00776080967571929
6.833475,0.00802189887474314
6.83408,0.00817050010245352
6.834685,0.0079901724611973
6.83529,0.00747848769214315
6.835895,0.0068114010067072
6.8365,0.00613111881986321
6.837105,0.0054469898552139
6.83771,0.00470395094248567
6.838315,0.0038511915238773
6.83892,0.00287952054133314
6.839525,0.00188658964480615
6.84013,0.0010722445853644
6.840735,0.000599975280298212
6.84134,0.000478353189084893
6.841945,0.000567381286252139
6.84255,0.000649342473818822
6.843155,0.00052675360393166
6.84376,0.000136064733852342
6.844365,-0.000415415666631466
6.84497,-0.000973496320774533
6.845575,-0.00151477129881623
6.84618,-0.00215535489260748
6.846785,-0.00297900990252911
6.84739,-0.00390183479235362
6.847995,-0.00471227375496203
6.8486,-0.00525006003019757
6.849205,-0.00556403681269131
6.84981,-0.00585548170325672
6.850415,-0.00624513547305065
6.85102,-0.00666555029873119
6.851625,-0.00703125463230209
6.85223,-0.00744115244517459
6.852835,-0.00810119951211033
6.85344,-0.00905308348481089
6.854045,-0.0100808789403273
6.85465,-0.0109301894656474
6.855255,-0.0115872022310631
6.85586,-0.0122916144611165
6.856465,-0.0132318200641061
6.85707,-0.0142569233571309
6.857675,-0.0149827808877402
6.85828,-0.0152011677495679
6.858885,-0.0151076660298813
6.85949,-0.0150887604496029
6.860095,-0.0153461289482484
6.8607,-0.0158019091550809
6.861305,-0.016340244803274
6.86191,-0.0170176905426379
6.862515,-0.0179584474915926
6.86312,-0.0190851038294335
6.863725,-0.020062393508811
6.86433,-0.020592976333621
6.864935,-0.0207504503860307
6.86554,-0.020925896474079
6.866145,-0.021411389300682
6.86675,-0.0220923644126059
6.867355,-0.0226025369075931
6.86796,-0.0227573390951241
6.868565,-0.0227598266743054
6.86917,-0.022982889734185
6.869775,-0.0236298278932588
6.87038,-0.0245924098427684
6.870985,-0.0255586174255981
6.87159,-0.0262856102681061
6.872195,-0.0268367132712577
6.8728,-0.0275150062065037
6.873405,-0.0284950548569864
6.87401,-0.0295723343421045
6.874615,-0.0303781565501775
6.87522,-0.030781809692091
6.875825,-0.0309449031250128
6.87643,-0.0310401045187888
6.877035,-0.0310974124261411
6.87764,-0.0311609803686479
6.878245,-0.0314535767074907
6.87885,-0.0322055425058701
6.879455,-0.0332764885841779
6.88006,-0.0341129019778485
6.880665,-0.0342742827842316
6.88127,-0.0339879014540879
6.881875,-0.0339870558309598
6.88248,-0.0347059074813046
6.883085,-0.0358073793020409
6.88369,-0.0366261286836596
6.884295,-0.0368797991270494
6.8849,-0.0368069058766479
6.885505,-0.0367922301370859
6.88611,-0.0370426500159578
6.886715,-0.0375847123406327
6.88732,-0.0383868199768695
6.887925,-0.0393145871416931
6.88853,-0.0400274820169198
6.889135,-0.0401867133589419
6.88974,-0.0399120808937877
6.890345,-0.0398608304211954
6.89095,-0.0406076841282055
6.891555,-0.041988060454111
6.89216,-0.0432296497492297
6.892765,-0.0436836789199053
6.89337,-0.0433487758750915
6.893975,-0.0427981072815089
6.89458,-0.0426605894213383
6.895185,-0.0431191134985378
6.89579,-0.0438729712307922
6.896395,-0.0444629886744606
6.897,-0.0445331306776731
6.897605,-0.043976512361467
6.89821,-0.0431208479503159
6.898815,-0.0426992624663531
6.89942,-0.0432689740162207
6.900025,-0.0445754760500842
6.90063,-0.0457475616263444
6.901235,-0.0461421834411652
6.90184,-0.0458355136445712
6.902445,-0.0453872523034453
6.90305,-0.0453056560487394
6.903655,-0.0457134015241173
6.90426,-0.0463761597993519
6.904865,-0.0469027127163961
6.90547,-0.0469275110286453
6.906075,-0.0463146978131105
6.90668,-0.0453762301259116
6.907285,-0.044808011922124
6.90789,-0.0451365744132017
6.908495,-0.0461787980611794
6.9091,-0.0472399880712931
6.909705,-0.0477783954416938
6.91031,-0.047677229981554
6.910915,-0.047086251361482
6.91152,-0.046314663310284
6.912125,-0.0457712766024558
6.91273,-0.0457520976702953
6.913335,-0.0461554993009917
6.91394,-0.046372640579802
6.914545,-0.045653999308618
6.91515,-0.0439236455282992
6.915755,-0.042230370013216
6.91636,-0.0419381657142521
6.916965,-0.0432499453606749
6.91757,-0.0449258374328328
6.918175,-0.0456316768397286
6.91878,-0.0451371718840567
6.919385,-0.0441244778216529
6.91999,-0.0433257003079551
6.920595,-0.0430341455401594
6.9212,-0.0431544420683072
6.921805,-0.0434106411427751
6.92241,-0.0434333866160262
6.923015,-0.042841888424638
6.92362,-0.0415451981325775
6.924225,-0.0400902774545423
6.92483,-0.0394442075932038
6.925435,-0.0400677167927563
6.92604,-0.0413208640592117
6.926645,-0.0420670378535799
6.92725,-0.0417143338914041
6.927855,-0.0405348023532921
6.92846,-0.039235308544824
6.929065,-0.03838422321451
6.92967,-0.0381125367721128
6.930275,-0.0381658473359949
6.93088,-0.0380765877184537
6.931485,-0.0373101483346172
6.93209,-0.0355822683654375
6.932695,-0.0333523568603899
6.9333,-0.0318140879001464
6.933905,-0.0318848986400777
6.93451,-0.0331538479826063
6.935115,-0.0341965271443242
6.93572,-0.0339230105729207
6.936325,-0.0324317639356385
6.93693,-0.0307429254880063
6.937535,-0.0298714188496935
6.93814,-0.030012090005818
6.938745,-0.0304880720414249
6.93935,-0.0304319795694285
6.939955,-0.0294783850108555
6.94056,-0.0279013119507404
6.941165,-0.0263280188485404
6.94177,-0.0254006048457677
6.942375,-0.0254195391594478
6.94298,-0.0260858510901535
6.943585,-0.0267362281840499
6.94419,-0.0268744693373274
6.944795,-0.0263718111265914
6.9454,-0.0253527433298961
6.946005,-0.0241242449218562
6.94661,-0.0230809917742964
6.947215,-0.022430327971695
6.94782,-0.0219748715843128
6.948425,-0.0212835796476268
6.94903,-0.0201121201318447
6.949635,-0.0186355284747033
6.95024,-0.0173436415666767
6.950845,-0.016677635626228
6.95145,-0.0166258742232526
6.952055,-0.0167350003938343
6.95266,-0.0165631935426986
6.953265,-0.0159791214957908
6.95387,-0.0150891747322578
6.954475,-0.0141050549750619
6.95508,-0.0132864636821394
6.955685,-0.0128731443497103
6.95629,-0.0129123584372194
6.956895,-0.013054554722596
6.9575,-0.0126814509369641
6.958105,-0.0115052674276174
6.95871,-0.0100538242049178
6.959315,-0.00928577783751257
6.95992,-0.00955420383134085
6.960525,-0.0101707259131078
6.96113,-0.0101564825943119
6.961735,-0.0091872434031207
6.96234,-0.00770625480350911
6.962945,-0.00637201163106547
6.96355,-0.00551343785710026
6.964155,-0.00500153317439907
6.96476,-0.00452130746254255
6.965365,-0.00386403231836188
6.96597,-0.00296870165105672
6.966575,-0.00188382501687
6.96718,-0.000826494355749527
6.967785,-0.000109825271040821
6.96839,0.000184079619570992
6.968995,0.000338874506448435
6.9696,0.000689864789983948
6.970205,0.00133131412649592
6.97081,0.00217477177539944
6.971415,0.00309278253519074
6.97202,0.0039401548835599
6.972625,0.00454021039917796
6.97323,0.00475198389309982
6.973835,0.00463255773733092
6.97444,0.00451664294637544
6.975045,0.00478413194497623
6.97565,0.00543277751687896
6.976255,0.00599745200239408
6.97686,0.00607902932344649
6.977465,0.00582153085898175
6.97807,0.00568710481660447
6.978675,0.00597568035863145
6.97928,0.00669454183399187
6.979885,0.00765810395816449
6.98049,0.00862299456336678
6.981095,0.0094130686044092
6.9817,0.00994032298825506
6.982305,0.0102107725786925
6.98291,0.0104041372046716
6.983515,0.0108360272445894
6.98412,0.0116507484304048
6.984725,0.0125142413231769
6.98533,0.0128244801187413
6.985935,0.0123740895691737
6.98654,0.0116670042122304
6.987145,0.0115005360783968
6.98775,0.0122593569622819
6.988355,0.0135372053104819
6.98896,0.0144740878669218
6.989565,0.0145666918677132
6.99017,0.0140887027697519
6.990775,0.0137079216394918
6.99138,0.0138108633048085
6.991985,0.0142305485513703
6.99259,0.0145545469009682
6.993195,0.0145843147390105
6.9938,0.0144817743849876
6.994405,0.0145722278666453
6.99501,0.015012126883463
6.995615,0.0156393501707707
6.99622,0.0162070611703906
6.996825,0.0166840931569078
6.99743,0.0172131877728008
6.998035,0.0178145489339509
6.99864,0.0182283108359087
6.999245,0.0181675833651767
6.99985,0.0177402771073116
7.000455,0.0174464851959845
7.00106,0.0176530673775222
7.001665,0.0181486683888939
7.00227,0.018359745122675
7.002875,0.018037284896595
7.00348,0.0175457412667415
7.004085,0.017399838003016
7.00469,0.0177290786695441
7.005295,0.0182739784933094
7.0059,0.0187270292292342
7.006505,0.0189538362289057
7.00711,0.0189459460061873
7.007715,0.0187365939188308
7.00832,0.0184210958141629
7.008925,0.0181343675799278
7.00953,0.0179487181664039
7.010135,0.0178061398360272
7.01074,0.0175405235551298
7.011345,0.0170289204437877
7.01195,0.0163813305643922
7.012555,0.0159378305031056
7.01316,0.0160087094615275
7.013765,0.0165744761027669
7.01437,0.0172702234422906
7.014975,0.0177056533504039
7.01558,0.0177608141507906
7.016185,0.0175777168133212
7.01679,0.0173470068207733
7.017395,0.0171246864811241
7.018,0.0168370263920248
7.018605,0.0164106101068163
7.01921,0.0158316109367892
7.019815,0.0151363722932596
7.02042,0.0144372709830303
7.021025,0.013918823613066
7.02163,0.0137205625900753
7.022235,0.0137969520053309
7.02284,0.0139208861952332
7.023445,0.013839482493634
7.02405,0.0134153918736441
7.024655,0.0126831382219589
7.02526,0.0118273224375911
7.025865,0.011014026663303
7.02647,0.0102056253980397
7.027075,0.00924274704316537
7.02768,0.00810711258348854
7.028285,0.00701652714710062
7.02889,0.00626103898500135
7.029495,0.00598328849372434
7.0301,0.00610090684956243
7.030705,0.00636726538403212
7.03131,0.00648753332496978
7.031915,0.00628740630152368
7.03252,0.00585206813600204
7.033125,0.00546291862345016
7.03373,0.00535356932913214
7.034335,0.00551546489677609
7.03494,0.00573017358141501
7.035545,0.00575268268731775
7.03615,0.00543960785310107
7.036755,0.00479544955122649
7.03736,0.00399593421046837
7.037965,0.00331471027692804
7.03857,0.00295297686145022
7.039175,0.00293191566872201
7.03978,0.0031207283811311
7.040385,0.00331827716702563
7.04099,0.00330135800844224
7.041595,0.0028808107178033
7.0422,0.00204041503152667
7.042805,0.00102894919432015
7.04341,0.000197552138696388
7.044015,-0.000333230236103141
7.04462,-0.000819295660373147
7.045225,-0.00163004801152676
7.04583,-0.00281682831940577
7.046435,-0.00401378981063448
7.04704,-0.00479567499990216
7.047645,-0.00506040876218627
7.04825,-0.00504272177429491
7.048855,-0.00504697364850597
7.04946,-0.00523148396448498
7.050065,-0.00560541956918416
7.05067,-0.00612696953163993
7.051275,-0.0067433875540626
7.05188,-0.00737720288832166
7.052485,-0.00795741682357409
7.05309,-0.00850414867559898
7.053695,-0.00914251550489256
7.0543,-0.0099642777545131
7.054905,-0.0108831405203651
7.05551,-0.0116767726512619
7.056115,-0.012166330523813
7.05672,-0.0123627118365261
7.057325,-0.0124921951969547
7.05793,-0.0128588961753336
7.058535,-0.0136022555178145
7.05914,-0.0145783776146417
7.059745,-0.0155071070194643
7.06035,-0.01622702696227
7.060955,-0.016809742590696
7.06156,-0.0174684114648277
7.062165,-0.0183587199528528
7.06277,-0.0194146221099964
7.063375,-0.0203815289208821
7.06398,-0.021073105116237
7.064585,-0.0215492365329442
7.06519,-0.0219455979932267
7.065795,-0.0222254394622043
7.0664,-0.022280160663028
7.067005,-0.0222620303636234
7.06761,-0.0226525634439119
7.068215,-0.0238329952402167
7.06882,-0.0255180504610248
7.069425,-0.026786705316436
7.07003,-0.0269462646887456
7.070635,-0.0263461264415668
7.07124,-0.0260608696028442
7.071845,-0.0267319452508497
7.07245,-0.0279784281178069
7.073055,-0.0289656063685165
7.07366,-0.0292682358767113
7.074265,-0.0291311982730179
7.07487,-0.0291088055271044
7.075475,-0.029529674006666
7.07608,-0.0302755887782242
7.076685,-0.0310582267899476
7.07729,-0.0317759744445566
7.077895,-0.0324718826377155
7.0785,-0.0330966757286678
7.079105,-0.0335767584882245
7.07971,-0.0340648479576578
7.080315,-0.0348382391263397
7.08092,-0.0359115608647775
7.081525,-0.036932441305661
7.08213,-0.0374714914909321
7.082735,-0.0373697460699539
7.08334,-0.0369047265501311
7.083945,-0.0366441373735191
7.08455,-0.0370148612148861
7.085155,-0.037921748984378
7.08576,-0.0387675165316895
7.086365,-0.0389098052743242
7.08697,-0.0382441294866957
7.087575,-0.0374153145682431
7.08818,-0.0373281844905688
7.088785,-0.0382675216976434
7.08939,-0.03958260085329
7.089995,-0.0404219369787973
7.0906,-0.0406103211291232
7.091205,-0.0405815429540242
7.09181,-0.0406882585976204
7.092415,-0.0409060336398889
7.09302,-0.0411399757545075
7.093625,-0.041527738535209
7.09423,-0.0422584971739692
7.094835,-0.0431413020464573
7.09544,-0.0435965516039208
7.096045,-0.0433081617550818
7.09665,-0.0428059860801627
7.097255,-0.0430407190931523
7.09786,-0.0443056897802784
7.098465,-0.0459142557885998
7.09907,-0.0469648915246618
7.099675,-0.0470921857232202
7.10028,-0.0465480324007628
7.100885,-0.0459324633416597
7.10149,-0.0458488927476518
7.102095,-0.0465088359573508
7.1027,-0.0474989456345482
7.103305,-0.0480040654640232
7.10391,-0.0474297637598275
7.104515,-0.045998418002388
7.10512,-0.0447964138475678
7.105725,-0.0449483605061796
7.10633,-0.0464641303371008
7.106935,-0.0481050919223674
7.10754,-0.0485962102155653
7.108145,-0.0477826297257879
7.10875,-0.0465877588452794
7.109355,-0.0461377789770115
7.10996,-0.0469144275238191
7.110565,-0.0484149809440843
7.11117,-0.0494917541736305
7.111775,-0.0491955642778991
7.11238,-0.0474814705987376
7.112985,-0.0452362784912152
7.11359,-0.0437326488295776
7.114195,-0.0438260288114696
7.1148,-0.0452575231185127
7.115405,-0.046799233710985
7.11601,-0.0473524711714402
7.116615,-0.0467637373163671
7.11722,-0.0455442114140229
7.117825,-0.0442496620256411
7.11843,-0.0433130120267524
7.119035,-0.0430511868683699
7.11964,-0.0434184073655502
7.120245,-0.0438002950778038
7.12085,-0.0433509127767728
7.121455,-0.0417519121165778
7.12206,-0.039713183584167
7.122665,-0.038561115626991
7.12327,-0.0390166602880186
7.123875,-0.0404222525888827
7.12448,-0.0414510744782901
7.125085,-0.0414156495998264
7.12569,-0.040609147624403
7.126295,-0.0396522667337577
7.1269,-0.0389309042385041
7.127505,-0.0385881549440443
7.12811,-0.0386255951957332
7.128715,-0.0387898173545121
7.12932,-0.0385799683004779
7.129925,-0.0376519020154608
7.13053,-0.0362590246288017
7.131135,-0.0351900467219258
7.13174,-0.0351166233633858
7.132345,-0.0359446365911037
7.13295,-0.0368737921793438
7.133555,-0.0370566369931668
7.13416,-0.0361914395364612
7.134765,-0.0346716715635238
7.13537,-0.0332557638313755
7.135975,-0.032500010224074
7.13658,-0.0324062130530615
7.137185,-0.0324592127046023
7.13779,-0.0319313954858578
7.138395,-0.0303863148564756
7.139,-0.0281922966332785
7.139605,-0.0264672587626366
7.14021,-0.0261047497076263
7.140815,-0.0267887054191053
7.14142,-0.0273592435289655
7.142025,-0.0271097525008426
7.14263,-0.0262718291458837
7.143235,-0.0253591488307002
7.14384,-0.0245770007882118
7.144445,-0.0239186779912726
7.14505,-0.0234375778721917
7.145655,-0.0231640771726164
7.14626,-0.0228690189002868
7.146865,-0.0221597360892664
7.14747,-0.0209061228036856
7.148075,-0.0195294169126629
7.14868,-0.018720364006386
7.149285,-0.0187527032664947
7.14989,-0.0192267961715851
7.150495,-0.0195859181138437
7.1511,-0.0196294408726601
7.151705,-0.0193780237893988
7.15231,-0.0186949970280242
7.152915,-0.0173783362236029
7.15352,-0.0156437864285866
7.154125,-0.0141419109301502
7.15473,-0.0132432279087639
7.155335,-0.0125587026006982
7.15594,-0.0114716771195782
7.156545,-0.0100210351476605
7.15715,-0.00891129966814842
7.157755,-0.00862285249069705
7.15836,-0.00887597706784285
7.158965,-0.00903703983391604
7.15957,-0.00867615727722043
7.160175,-0.00772672847453458
7.16078,-0.00649201917478113
7.161385,-0.00551363854612299
7.16199,-0.00515728981230914
7.162595,-0.0052653781122996
7.1632,-0.00530986792581924
7.163805,-0.00490419468993114
7.16441,-0.00412361842968621
7.165015,-0.0033570292488622
7.16562,-0.00292109739022002
7.166225,-0.00280042087571946
7.16683,-0.00272403561003475
7.167435,-0.0024679315161801
7.16804,-0.0019931115274395
7.168645,-0.00131370096847767
7.16925,-0.000407126034846038
7.169855,0.000686337235167948
7.17046,0.00173784992850668
7.171065,0.0024027280029316
7.17167,0.00257353926555456
7.172275,0.00265936413851942
7.17288,0.00327165195823932
7.173485,0.00449629885559453
7.17409,0.00567333649048995
7.174695,0.00613503291361484
7.1753,0.0060192080701289
7.175905,0.00606349719803926
7.17651,0.00672435000774618
7.177115,0.00778046041204024
7.17772,0.00870008093879169
7.178325,0.00918200696328006
7.17893,0.00935773500966413
7.179535,0.00955858187982476
7.18014,0.00992782911533645
7.180745,0.0102976224010081
7.18135,0.0104611084588385
7.181955,0.0104716079945394
7.18256,0.0105380913235487
7.183165,0.0107072227592667
7.18377,0.0108487062866977
7.184375,0.0109116232242887
7.18498,0.0110370713465666
7.185585,0.0114239960661519
7.18619,0.0121405583184837
7.186795,0.013049521703048
7.1874,0.0138757946733088
7.188005,0.0143569431242111
7.18861,0.0144276048304581
7.189215,0.0143261598042341
7.18982,0.0144487049973406
7.190425,0.0149697009127493
7.19103,0.0155646338155598
7.191635,0.0156204427019601
7.19224,0.0148652388719952
7.192845,0.0137816952815354
7.19345,0.0132929295554352
7.194055,0.0139678004692538
7.19466,0.0155032657762012
7.195265,0.0169966754118375
7.19587,0.0177254681417728
7.196475,0.0176319874226465
7.19708,0.0171372858447135
7.197685,0.0166807609239007
7.19829,0.0164840790510619
7.198895,0.016562348731884
7.1995,0.0167507534047731
7.200105,0.0167529662223584
7.20071,0.0163923763482728
7.201315,0.0158928247055775
7.20192,0.0157405488463335
7.202525,0.0161747800888546
7.20313,0.0169315349700341
7.203735,0.0175541610642411
7.20434,0.017832698059851
7.204945,0.0178590234219979
7.20555,0.0177971417993031
7.206155,0.0177445100571979
7.20676,0.0177380765467046
7.207365,0.0177780192388875
7.20797,0.0178416574125743
7.208575,0.0178778800986511
7.20918,0.017811299813282
7.209785,0.0176249411382856
7.21039,0.017438428719903
7.210995,0.0174336453464233
7.2116,0.0176799131677085
7.212205,0.0180559065786872
7.21281,0.0183426974199646
7.213415,0.0183801827261974
7.21402,0.0181692834999414
7.214625,0.0178527855951653
7.21523,0.0175603412250351
7.215835,0.0172684787707572
7.21644,0.0168470200317709
7.217045,0.0162176354479088
7.21765,0.0154602745173412
7.218255,0.0147962013805618
7.21886,0.0144207108359795
7.219465,0.0143343833830443
7.22007,0.014423927308409
7.220675,0.0146634553592557
7.22128,0.0150544400298681
7.221885,0.0153923093601245
7.22249,0.0153386405885447
7.223095,0.0148115079713511
7.2237,0.0141379321495519
7.224305,0.0137147433985544
7.22491,0.0135908248026882
7.225515,0.0134331110256365
7.22612,0.0128934386607176
7.226725,0.0120100436580168
7.22733,0.0111996039901365
7.227935,0.0108212715915545
7.22854,0.0108280724226013
7.229145,0.0108742342841262
7.22975,0.0106681665050968
7.230355,0.010174045774009
7.23096,0.00953260225422865
7.231565,0.00886541293128917
7.23217,0.00817333528415406
7.232775,0.00738081825300523
7.23338,0.00643631487178245
7.233985,0.00536399176051468
7.23459,0.00426267545314057
7.235195,0.00329872277104556
7.2358,0.00263888592160171
7.236405,0.0023184838641297
7.23701,0.00222078234596917
7.237615,0.00220396773452307
7.23822,0.00217813174769485
7.238825,0.00206544059786515
7.23943,0.00178620656343749
7.240035,0.00134640235068683
7.24064,0.000899837989888468
7.241245,0.000627928082567663
7.24185,0.000506934162301406
7.242455,0.000230580445968406
7.24306,-0.00053671056252244
7.243665,-0.00175459156038
7.24427,-0.00293175402265694
7.244875,-0.0035709767086945
7.24548,-0.00362826653645371
7.246085,-0.00345215506954546
7.24669,-0.00337741845649431
7.247295,-0.00349889627777061
7.2479,-0.00379462027312758
7.248505,-0.00431104303249388
7.24911,-0.00510934054178143
7.249715,-0.00607840842288078
7.25032,-0.00696056843657655
7.250925,-0.00763427109695531
7.25153,-0.00828125304963676
7.252135,-0.00915419810031731
7.25274,-0.0102082440889272
7.253345,-0.0110938722051662
7.25395,-0.0115304657936786
7.254555,-0.0115921760897019
7.25516,-0.0115918016676327
7.255765,-0.0117482232506693
7.25637,-0.0120590258548688
7.256975,-0.0124733639169286
7.25758,-0.0130092967168113
7.258185,-0.0136305442920549
7.25879,-0.0141645694920069
7.259395,-0.014467619267645
7.26,-0.0146442385790002
7.260605,-0.0150280883525047
7.26121,-0.0158627253033771
7.261815,-0.0169748414516078
7.26242,-0.0178476614579045
7.263025,-0.0181075103105186
7.26363,-0.0179298470527009
7.264235,-0.0179038397602055
7.26484,-0.0184947371584963
7.265445,-0.0196778086655143
7.26605,-0.0210341219497989
7.266655,-0.0221037246985566
7.26726,-0.0227091507628072
7.267865,-0.023067899573546
7.26847,-0.0235951022553809
7.269075,-0.0245141150935517
7.26968,-0.0256304960353585
7.270285,-0.0265413439086102
7.27089,-0.0270665953934373
7.271495,-0.0273793183810054
7.2721,-0.0277233324608663
7.272705,-0.0281397374630292
7.27331,-0.0285320443157487
7.273915,-0.0289335961269417
7.27452,-0.0295523312907721
7.275125,-0.0304357488156485
7.27573,-0.0312201243239119
7.276335,-0.0314503344514399
7.27694,-0.0311764352242469
7.277545,-0.0310423641090003
7.27815,-0.0316606506624787
7.278755,-0.0330014929955136
7.27936,-0.0344646272920066
7.279965,-0.0354092208518497
7.28057,-0.0355912042368008
7.281175,-0.0352743716958759
7.28178,-0.0349890241326285
7.282385,-0.0351299305568225
7.28299,-0.0357429523903427
7.283595,-0.0365805080105366
7.2842,-0.0372705298165685
7.284805,-0.0375520485190065
7.28541,-0.0375253181735255
7.286015,-0.0376505794594072
7.28662,-0.0383488430913496
7.287225,-0.0395851407531645
7.28783,-0.0409005312320229
7.288435,-0.0417736095128178
7.28904,-0.0419354869230621
7.289645,-0.0415261335706917
7.29025,-0.0410384437520852
7.290855,-0.0409986469213302
7.29146,-0.041580071687688
7.292065,-0.0424476985226867
7.29267,-0.0429684351325089
7.293275,-0.0427043411224082
7.29388,-0.0418723721500746
7.294485,-0.0413017607979689
7.29509,-0.0417121713502113
7.295695,-0.0429656180173386
7.2963,-0.0442208258399997
7.296905,-0.0448122588890522
7.29751,-0.0447487001739157
7.298115,-0.0444286073608186
7.29872,-0.0441928104196212
7.299325,-0.044231700976089
7.29993,-0.0446694515253242
7.300535,-0.0454429328769668
7.30114,-0.0461094486391792
7.301745,-0.046097182532334
7.30235,-0.0453752010183467
7.302955,-0.044730657613606
7.30356,-0.0450596325627236
7.304165,-0.046352904468562
7.30477,-0.0476831674929716
7.305375,-0.0482228341661999
7.30598,-0.0479610818521069
7.306585,-0.0474369314360609
7.30719,-0.0471176990982028
7.307795,-0.0471364591377807
7.3084,-0.0474221801273429
7.309005,-0.0478300361200787
7.30961,-0.0480558771202033
7.310215,-0.0476343702417449
7.31082,-0.0463732928800089
7.311425,-0.0448800642570557
7.31203,-0.04429876298141
7.312635,-0.0451761889116779
7.31324,-0.0467844991826932
7.313845,-0.0478446969447345
7.31445,-0.0477170455882974
7.315055,-0.0467430783007307
7.31566,-0.0457263813529364
7.316265,-0.045269784819222
7.31687,-0.0454406212200679
7.317475,-0.0458450269180039
7.31808,-0.0459315884275458
7.318685,-0.0452987335003845
7.31929,-0.0439359796169451
7.319895,-0.0423886554467573
7.3205,-0.0415757341722192
7.321105,-0.0420480845788999
7.32171,-0.043346990816085
7.322315,-0.0443467615288928
7.32292,-0.0442336661440184
7.323525,-0.0430676115932072
7.32413,-0.0415759185495751
7.324735,-0.0405247759240539
7.32534,-0.0401796533119275
7.325945,-0.0402282582323891
7.32655,-0.0400890686710062
7.327155,-0.0392696178583919
7.32776,-0.0376555544752416
7.328365,-0.0357332335587372
7.32897,-0.0344521195528754
7.329575,-0.0344731928070179
7.33018,-0.0354665899614167
7.330785,-0.036413309861518
7.33139,-0.0365390122777415
7.331995,-0.0357612528275425
7.3326,-0.0345054198511672
7.333205,-0.0333792345455956
7.33381,-0.0328450678385014
7.334415,-0.0329296273554723
7.33502,-0.0331697639878953
7.335625,-0.0329011990825682
7.33623,-0.031765777334292
7.336835,-0.0301101293988784
7.33744,-0.0288552248695873
7.338045,-0.0287019691908237
7.33865,-0.0293944776320675
7.339255,-0.0300266018594652
7.33986,-0.0300050830707446
7.340465,-0.0293658326854179
7.34107,-0.0283526304910113
7.341675,-0.0271776865478622
7.34228,-0.0261546287223371
7.342885,-0.0256527112157494
7.34349,-0.0256722581631234
7.344095,-0.0255578536994307
7.3447,-0.024444213859206
7.345305,-0.022224001323924
7.34591,-0.0199840784462366
7.346515,-0.019100149249004
7.34712,-0.0197550610214291
7.347725,-0.0207356218938501
7.34833,-0.0208281910725443
7.348935,-0.0199545774723709
7.34954,-0.0188280318192144
7.350145,-0.017993358793578
7.35075,-0.0174663863114705
7.351355,-0.0170748736767531
7.35196,-0.0168041884393276
7.352565,-0.0166672218771157
7.35317,-0.0163979580436252
7.353775,-0.0155747170457971
7.35438,-0.0142088998018346
7.354985,-0.0130221563830954
7.35559,-0.0127802802203689
7.356195,-0.0133787354229555
7.3568,-0.0138896589638235
7.357405,-0.0134848273852662
7.35801,-0.0121424213452086
7.358615,-0.0105391427304303
7.35922,-0.00937611568395003
7.359825,-0.00879972831402051
7.36043,-0.00842714024412185
7.361035,-0.00784863885268584
7.36164,-0.00700825512779733
7.362245,-0.00609935275134882
7.36285,-0.00527201665705339
7.363455,-0.00457755455684092
7.36406,-0.00402327992825729
7.364665,-0.00353399720978893
7.36527,-0.00299043657847478
7.365875,-0.00232956553272677
7.36648,-0.00151796933909958
7.367085,-0.000541702877549748
7.36769,0.000470393314552369
7.368295,0.00121462743615639
7.3689,0.00143111937805616
7.369505,0.00120328294017651
7.37011,0.00100016593997714
7.370715,0.00131420885361576
7.37132,0.00217200117983934
7.371925,0.00303553756422237
7.37253,0.00332849805025623
7.373135,0.00306602413817917
7.37374,0.00280072364273822
7.374345,0.00300473760964925
7.37495,0.0037127603126
7.375555,0.00466461365000267
7.37616,0.00555197051424806
7.376765,0.00615447264297028
7.37737,0.00641970709594636
7.377975,0.00650726861644937
7.37858,0.00673617355149444
7.379185,0.00739171185921315
7.37979,0.00845152216719404
7.380395,0.00946788427858247
7.381,0.00989829952996052
7.381605,0.00969331603360667
7.38221,0.00941037576648986
7.382815,0.00964048920854584
7.38342,0.0104674236391356
7.384025,0.0115152435518378
7.38463,0.0123520621092505
7.385235,0.0128085261759593
7.38584,0.0130204240219737
7.386445,0.0132365576406133
7.38705,0.0135819785529855
7.387655,0.0139805869800713
7.38826,0.0142658529875149
7.388865,0.0143230578898945
7.38947,0.0141627248969838
7.390075,0.0139429409193636
7.39068,0.0138911120292359
7.391285,0.0141358396245421
7.39189,0.0146494835836424
7.392495,0.0153456537537096
7.3931,0.0161326107373321
7.393705,0.0168539153902017
7.39431,0.0172680576592785
7.394915,0.0172117553892046
7.39552,0.0168502307304203
7.396125,0.0166690222972529
7.39673,0.0170542650546358
7.397335,0.01783719737324
7.39794,0.0183476258425678
7.398545,0.0180442346717079
7.39915,0.017118326365072
7.399755,0.0163937363672888
7.40036,0.0165808114372395
7.400965,0.0176416784968993
7.40157,0.0188905911526923
7.402175,0.0196669217403289
7.40278,0.0198269361657993
7.403385,0.0196130127256457
7.40399,0.0192542712715891
7.404595,0.0188233714499078
7.4052,0.0183576754231447
7.405805,0.0179249981749974
7.40641,0.0175358720224027
7.407015,0.0171193978065389
7.40762,0.0166656836580184
7.408225,0.0163285202444339
7.40883,0.0163350969443232
7.409435,0.0167838346870859
7.41004,0.017486454800782
7.410645,0.0180304532698325
7.41125,0.0180994402607652
7.411855,0.017767412206586
7.41246,0.0174337098843108
7.413065,0.0174222495065568
7.41367,0.0176395640655392
7.414275,0.0176681496409091
7.41488,0.0172158561805725
7.415485,0.0164277593261194
7.41609,0.0157145311877456
7.416695,0.0153310874639738
7.4173,0.0152277161939425
7.417905,0.0152744625184969
7.41851,0.015446783595762
7.419115,0.0157061931207012
7.41972,0.0158065741900455
7.420325,0.0153964651568762
7.42093,0.0144190201164069
7.421535,0.0133254853673934
7.42214,0.0126882474552134
7.422745,0.0125533470306638
7.42335,0.0123370619971335
7.423955,0.0114810342334238
7.42456,0.0101281361413634
7.425165,0.00900366397054888
7.42577,0.00863676861812891
7.426375,0.00885700284111042
7.42698,0.00911298402782846
7.427585,0.00911689550086946
7.42819,0.00899963665184503
7.428795,0.00890961163093646
7.4294,0.00871819301971848
7.430005,0.00823139880920692
7.43061,0.00754102211517834
7.431215,0.00698629383728189
7.43182,0.00674319446809998
7.432425,0.00656851116416592
7.43303,0.0060903295360221
7.433635,0.00532320673640629
7.43424,0.00471670838515876
7.434845,0.00464819752308174
7.43545,0.00499315999903829
7.436055,0.00524363841909314
7.43666,0.00498907768921911
7.437265,0.00427925972714234
7.43787,0.00354946555243632
7.438475,0.00313501786669178
7.43908,0.00281075463995887
7.439685,0.00192024756924294
7.44029,0.000113196804159245
7.440895,-0.00206508823367728
7.4415,-0.00349567442975622
7.442105,-0.00353249471060361
7.44271,-0.00266302934095208
7.443315,-0.00199211107735776
7.44392,-0.00215671161253847
7.444525,-0.00291476884991411
7.44513,-0.0036545488381371
7.445735,-0.004038859031018
7.44634,-0.00418488661858928
7.446945,-0.00440331976796789
7.44755,-0.00481395963995908
7.448155,-0.00523654087954102
7.44876,-0.00551782774484858
7.449365,-0.00586434898427693
7.44997,-0.00661755805872136
7.450575,-0.00770681564768515
7.45118,-0.00860530423167968
7.451785,-0.00892703590224852
7.45239,-0.00887575656207466
7.452995,-0.00899131208111914
7.4536,-0.0095514010430348
7.454205,-0.0103461685057674
7.45481,-0.0110376149984238
7.455415,-0.0115861545463781
7.45602,-0.0121912198563774
7.456625,-0.0129129811252403
7.45723,-0.0135830564287043
7.457835,-0.0141257596525545
7.45844,-0.0147485926725089
7.459045,-0.0156611974196304
7.45965,-0.0167113749059059
7.460255,-0.0174459313677817
7.46086,-0.0175543791506515
7.461465,-0.0172324651556897
7.46207,-0.0170622036998158
7.462675,-0.0174771352309645
7.46328,-0.0183704616438509
7.463885,-0.0192666867340505
7.46449,-0.0198105461052259
7.465095,-0.020016999276598
7.4657,-0.0201256582072131
7.466305,-0.0203644125446445
7.46691,-0.0208467776400223
7.467515,-0.0215528525943656
7.46812,-0.0223761363584834
7.468725,-0.0232341617202815
7.46933,-0.0240785462703634
7.469935,-0.0247885249311041
7.47054,-0.0251995430387633
7.471145,-0.0253304643078129
7.47175,-0.0255210305578467
7.472355,-0.0261940820955398
7.47296,-0.027378157095349
7.473565,-0.0285656038938486
7.47417,-0.0292241972665499
7.474775,-0.0294420541423926
7.47538,-0.0298845326496038
7.475985,-0.0310198290385541
7.47659,-0.0325521591492791
7.477195,-0.0337677956402432
7.4778,-0.0342584349335075
7.478405,-0.0341581148331391
7.47901,-0.0338915996114737
7.479615,-0.0338597919162063
7.48022,-0.0342377689607441
7.480825,-0.0349621798774825
7.48143,-0.0359078821431307
7.482035,-0.0370028312709136
7.48264,-0.0381116236242809
7.483245,-0.0389571352905674
7.48385,-0.0393345491025236
7.484455,-0.0393112683582559
7.48506,-0.0391138476784272
7.485665,-0.0389946690704745
7.48627,-0.0392386956118166
